seq,asset,direction,entry,atr_pct,opportunity,confidence,sl_mult,tp_r,max_bars,label,r_multiple,bars_held,exit_price,ambiguous,gap_fill,mfe_r,mae_r
1,AUDCAD,SELL,0.89412,0.63,75.0,89.0,1.5,1.5,20,expired,-0.5852,20,0.899065,false,false,0.1574,-0.4449
2,AUDCHF,SELL,0.5224,0.88,55.0,78.0,1.5,1.5,20,sl,-1.0,19,0.529296,false,false,0.1305,-0.4409
3,AUDNZD,SELL,1.09479,0.43,65.0,78.0,1.5,1.5,20,expired,-0.1643,20,1.09595,false,false,0.3611,0.0
4,CADCHF,SELL,0.5842,0.72,65.0,89.0,1.5,1.5,20,expired,-0.1886,20,0.58539,false,false,0.1046,-0.317
5,CHFJPY,BUY,185.59514,0.71,75.0,89.0,1.5,1.5,20,sl,-1.0,10,183.618552,false,false,0.2037,-1.1274
6,EURAUD,BUY,1.78046,0.7,55.0,78.0,1.5,1.5,20,expired,0.4124,20,1.78817,false,false,0.9008,-0.7146
7,EURCHF,SELL,0.93021,0.35,55.0,78.0,1.5,1.5,20,sl,-1.0,6,0.935094,false,false,0.0,-0.4198
8,EURJPY,BUY,172.662,0.69,75.0,89.0,1.5,1.5,20,sl,-1.0,10,170.874948,false,false,0.6777,-1.0845
9,EURUSD,BUY,1.16074,0.68,65.0,78.0,1.5,1.5,20,tp,1.5,6,1.178499,false,false,1.5219,-0.3211
10,GBPCAD,BUY,1.83702,0.65,55.0,67.0,1.5,1.5,20,tp,1.5,20,1.863886,false,false,1.795,-0.7856
11,GBPCHF,SELL,1.07331,0.73,75.0,89.0,1.5,1.5,20,sl,-1.0,16,1.085063,false,false,0.0,-0.1863
12,GBPNZD,BUY,2.2493,0.65,55.0,78.0,1.5,1.5,20,expired,0.7834,20,2.26648,false,false,1.1577,-0.9165
13,NZDCAD,BUY,0.81654,0.72,55.0,67.0,1.5,1.5,20,expired,0.4105,20,0.82016,false,false,1.033,-0.6237
14,NZDUSD,BUY,0.59543,0.89,55.0,67.0,1.5,1.5,20,sl,-1.0,12,0.587481,false,false,1.3423,-1.2129
15,USDCAD,SELL,1.37164,0.51,55.0,78.0,1.5,1.5,20,sl,-1.0369,11,1.38252,false,true,0.8358,-0.9235
16,USDJPY,SELL,148.761,0.99,55.0,67.0,1.5,1.5,20,expired,0.454,20,147.757996,false,false,0.8221,0.0
17,AUDCAD,SELL,0.89297,0.65,75.0,89.0,1.5,1.5,20,sl,-1.0,19,0.901676,false,false,0.0207,-0.5638
18,AUDJPY,BUY,96.544,0.96,65.0,89.0,1.5,1.5,20,sl,-1.0,12,95.153766,false,false,0.5186,-1.0444
19,AUDUSD,BUY,0.6525,0.82,55.0,78.0,1.5,1.5,20,sl,-1.0,10,0.644474,false,false,1.2478,-1.2012
20,CADCHF,SELL,0.585,0.7,65.0,89.0,1.5,1.5,20,expired,-0.0146,20,0.58509,false,false,0.2377,-0.1954
21,CHFJPY,BUY,184.76112,0.71,75.0,89.0,1.5,1.5,20,sl,-1.0,10,182.793414,false,false,0.6284,-1.0658
22,EURCAD,BUY,1.59274,0.53,65.0,89.0,1.5,1.5,20,sl,-1.0101,10,1.57995,false,true,1.4895,-1.1973
23,EURGBP,BUY,0.8676,0.57,75.0,89.0,1.5,1.5,20,sl,-1.0,20,0.860182,false,false,1.0191,-1.0758
24,EURJPY,BUY,172.205,0.68,75.0,89.0,1.5,1.5,20,sl,-1.0,10,170.448509,false,false,0.9496,-1.4136
25,EURUSD,BUY,1.16358,0.67,55.0,78.0,1.5,1.5,20,sl,-1.0,9,1.151886,false,false,1.298,-1.5089
26,GBPCAD,BUY,1.83575,0.67,55.0,67.0,1.5,1.5,20,tp,1.5,19,1.863424,false,false,1.8114,-0.6938
27,GBPJPY,BUY,198.47301,0.79,55.0,78.0,1.5,1.5,20,sl,-1.1382,12,195.796005,false,true,0.6323,-1.2811
28,GBPUSD,BUY,1.34111,0.75,55.0,67.0,1.5,1.5,20,sl,-1.0309,10,1.325557,false,true,1.179,-1.477
29,NZDCAD,BUY,0.81373,0.73,55.0,67.0,1.5,1.5,20,expired,0.9686,20,0.822361,false,false,1.3378,-0.2278
30,NZDUSD,BUY,0.59459,0.92,55.0,67.0,1.5,1.5,20,sl,-1.0,11,0.586385,false,false,1.4027,-1.0726
31,USDCHF,SELL,0.80092,0.76,65.0,89.0,1.5,1.5,20,sl,-1.0,9,0.81005,false,false,0.6626,-0.3143
32,XAUUSD,BUY,3373.5,1.42,55.0,78.0,1.5,1.5,20,sl,-1.0,2,3301.64445,false,false,0.0431,-1.0229
33,AUDCAD,SELL,0.8925,0.66,75.0,89.0,1.5,1.5,20,sl,-1.0,6,0.901336,false,false,0.0,-0.5432
34,AUDJPY,BUY,96.45,0.94,65.0,89.0,1.5,1.5,20,sl,-1.0427,12,95.031998,false,true,0.5993,-1.0846
35,AUDUSD,BUY,0.64982,0.82,55.0,78.0,1.5,1.5,20,tp,1.5,4,0.661809,false,false,1.5883,0.0
36,CADJPY,BUY,108.056,0.87,65.0,89.0,1.5,1.5,20,sl,-1.0318,12,106.600998,false,true,0.6248,-1.0949
37,EURAUD,BUY,1.78741,0.68,55.0,78.0,1.5,1.5,20,sl,-1.0,9,1.769178,false,false,0.5425,-1.114
38,EURCAD,BUY,1.59542,0.51,65.0,89.0,1.5,1.5,20,sl,-1.0,8,1.583215,false,false,1.3257,-1.0733
39,EURGBP,BUY,0.8647,0.54,75.0,100.0,1.5,1.5,20,expired,-0.524,20,0.86103,false,false,1.4934,-0.7253
40,EURNZD,BUY,1.95399,0.7,75.0,100.0,1.5,1.5,20,sl,-1.0,9,1.933473,false,false,0.6643,-1.2863
41,GBPAUD,BUY,2.06698,0.79,55.0,67.0,1.5,1.5,20,sl,-1.0,6,2.042486,false,false,0.2135,-1.0084
42,GBPCAD,BUY,1.84497,0.66,55.0,67.0,1.5,1.5,20,sl,-1.0,9,1.826705,false,false,0.1894,-1.072
43,GBPJPY,BUY,199.38,0.79,65.0,89.0,1.5,1.5,20,sl,-1.0,9,197.017347,false,false,0.0,-1.02
44,GBPUSD,BUY,1.34326,0.75,55.0,67.0,1.5,1.5,20,sl,-1.0,8,1.328148,false,false,1.0349,-1.0562
45,NZDJPY,BUY,88.216,0.85,65.0,89.0,1.5,1.5,20,sl,-1.0,11,87.091246,false,false,0.7477,-1.2056
46,USDCAD,SELL,1.37359,0.49,55.0,78.0,1.5,1.5,20,tp,1.5,3,1.358446,false,false,1.0618,0.0
47,USDCHF,SELL,0.80288,0.74,55.0,78.0,1.5,1.5,20,sl,-1.0,8,0.811792,false,false,0.8988,-0.1021
48,XAUUSD,BUY,3335.6001,1.44,55.0,78.0,1.5,1.5,20,tp,1.5,7,3443.673543,false,false,1.517,-0.9952
49,AUDCHF,SELL,0.5217,0.83,55.0,78.0,1.5,1.5,20,sl,-1.0,15,0.528195,false,false,0.0308,-0.5758
50,AUDNZD,SELL,1.0932,0.45,65.0,78.0,1.5,1.5,20,expired,-0.6857,20,1.09826,false,false,0.1301,-0.393
51,AUDUSD,BUY,0.65121,0.8,55.0,67.0,1.5,1.5,20,sl,-1.0,8,0.643395,false,false,1.4467,-1.0685
52,CADJPY,BUY,108.143,0.86,65.0,89.0,1.5,1.5,20,sl,-1.0,10,106.747955,false,false,0.5692,-1.0129
53,EURAUD,BUY,1.78589,0.68,55.0,78.0,1.5,1.5,20,sl,-1.0,8,1.767674,false,false,0.6264,-1.0315
54,EURCHF,SELL,0.93179,0.3,55.0,89.0,1.5,1.5,20,sl,-1.0,3,0.935983,false,false,0.0,-0.1121
55,EURJPY,BUY,172.62801,0.65,75.0,89.0,1.5,1.5,20,sl,-1.0,7,170.944887,false,false,0.7397,-1.1312
56,EURNZD,BUY,1.95373,0.69,75.0,100.0,1.5,1.5,20,sl,-1.0,8,1.933509,false,false,0.6869,-1.2922
57,GBPAUD,BUY,2.05997,0.78,55.0,67.0,1.5,1.5,20,expired,0.8991,20,2.08164,false,false,1.0916,-0.734
58,GBPCHF,SELL,1.07476,0.65,75.0,100.0,1.5,1.5,20,sl,-1.0,13,1.085239,false,false,0.0,-0.0706
59,GBPNZD,BUY,2.25354,0.67,55.0,78.0,1.5,1.5,20,sl,-1.0,5,2.230892,false,false,0.6839,-1.0747
60,GBPUSD,BUY,1.3416,0.77,55.0,67.0,1.5,1.5,20,sl,-1.0353,8,1.325557,false,true,1.1164,-1.4697
61,NZDJPY,BUY,88.338,0.84,65.0,89.0,1.5,1.5,20,sl,-1.0952,10,87.119003,false,true,0.646,-1.3279
62,USDCAD,SELL,1.3724,0.47,55.0,67.0,1.5,1.5,20,tp,1.5,2,1.357887,false,false,0.985,0.0
63,USDJPY,SELL,148.431,0.98,55.0,67.0,1.5,1.5,20,sl,-1.0,8,150.612936,false,false,0.681,-0.0779
64,AUDCAD,SELL,0.89266,0.62,65.0,89.0,1.5,1.5,20,sl,-1.0,2,0.900962,false,false,0.0,-0.5589
65,AUDCHF,SELL,0.52097,0.84,75.0,89.0,1.5,1.5,20,sl,-1.0,12,0.527534,false,false,0.0,-0.355
66,AUDNZD,SELL,1.09347,0.45,65.0,78.0,1.5,1.5,20,expired,-0.3888,20,1.09634,false,false,0.1666,-0.3563
67,CADCHF,SELL,0.58352,0.64,65.0,89.0,1.5,1.5,20,sl,-1.0,14,0.589122,false,false,0.0,-0.4606
68,CHFJPY,BUY,184.673,0.73,70.0,89.0,1.5,1.5,20,sl,-1.0,9,182.650831,false,false,0.6551,-1.3392
69,EURAUD,BUY,1.7909,0.7,75.0,89.0,1.5,1.5,20,sl,-1.0,5,1.772096,false,false,0.0649,-1.0811
70,EURCHF,SELL,0.93332,0.3,45.0,78.0,1.5,1.5,20,sl,-1.0,11,0.93752,false,false,0.6262,-0.1786
71,EURJPY,BUY,172.382,0.69,75.0,89.0,1.5,1.5,20,sl,-1.0324,7,170.539993,false,true,0.8357,-1.4909
72,EURUSD,BUY,1.16945,0.69,68.0,78.0,1.5,1.5,20,sl,-1.0,5,1.157346,false,false,0.7691,-1.4422
73,GBPCAD,BUY,1.84466,0.59,55.0,67.0,1.5,1.5,20,sl,-1.0,7,1.828335,false,false,0.1936,-1.1804
74,GBPCHF,SELL,1.07652,0.6,70.0,89.0,1.5,1.5,20,sl,-1.0,13,1.086209,false,false,0.127,-0.7101
75,GBPNZD,BUY,2.25955,0.65,75.0,89.0,1.5,1.5,20,sl,-1.0,2,2.237519,false,false,0.0,-1.0635
76,NZDCAD,BUY,0.81619,0.71,55.0,67.0,1.5,1.5,20,expired,0.1392,20,0.8174,false,false,1.0883,-0.5165
77,NZDUSD,BUY,0.59696,0.92,55.0,67.0,1.5,1.5,20,sl,-1.0,8,0.588722,false,false,1.1095,-1.3561
78,USDCAD,SELL,1.36758,0.5,75.0,89.0,1.5,1.5,20,sl,-1.0,5,1.377837,false,false,0.4592,-0.5353
79,USDJPY,SELL,147.409,1.04,68.0,78.0,1.5,1.5,20,sl,-1.0,7,149.70858,false,false,0.2018,-0.5184
80,AUDCAD,SELL,0.89161,0.61,75.0,89.0,1.5,1.5,20,sl,-1.0,1,0.899768,false,false,0.0,-0.6975
81,AUDJPY,BUY,96.2,0.97,60.0,78.0,1.5,1.5,20,sl,-1.0,20,94.80029,false,false,0.7609,-1.296
82,AUDUSD,BUY,0.65547,0.83,75.0,89.0,1.5,1.5,20,sl,-1.0,5,0.647309,false,false,0.8633,-1.2928
83,CADCHF,SELL,0.58331,0.59,65.0,89.0,1.5,1.5,20,sl,-1.0,6,0.588472,false,false,0.0,-0.5211
84,CHFJPY,BUY,184.93008,0.73,75.0,89.0,1.5,1.5,20,sl,-1.0,6,182.905096,false,false,0.5272,-1.1191
85,EURCAD,BUY,1.59694,0.45,55.0,78.0,1.5,1.5,20,sl,-1.0,4,1.586161,false,false,1.36,-1.0548
86,EURGBP,BUY,0.86814,0.44,75.0,100.0,1.5,1.5,20,sl,-1.0,5,0.86241,false,false,1.2252,-1.1414
87,EURJPY,BUY,172.30499,0.69,75.0,89.0,1.5,1.5,20,sl,-1.0,6,170.521633,false,false,0.8792,-1.4484
88,EURUSD,BUY,1.17392,0.67,75.0,89.0,1.5,1.5,20,sl,-1.0,3,1.162122,false,false,0.4101,-1.0955
89,GBPCAD,BUY,1.83943,0.53,55.0,67.0,1.5,1.5,20,sl,-1.0,7,1.824807,false,false,0.5731,-1.127
90,GBPJPY,BUY,198.468,0.71,60.0,78.0,1.5,1.5,20,sl,-1.0,7,196.354316,false,false,0.3823,-1.0848
91,GBPUSD,BUY,1.35216,0.68,68.0,78.0,1.5,1.5,20,sl,-1.1829,4,1.335845,false,true,0.4886,-1.5439
92,NZDCAD,BUY,0.81608,0.67,55.0,67.0,1.5,1.5,20,sl,-1.0,20,0.807878,false,false,1.1668,-1.1437
93,NZDUSD,BUY,0.60001,0.93,68.0,78.0,1.5,1.5,20,sl,-1.0,5,0.59164,false,false,0.7276,-1.0728
94,USDCHF,SELL,0.79363,0.74,75.0,89.0,1.5,1.5,20,sl,-1.0,3,0.802439,false,false,0.0,-0.0988
95,XAUUSD,BUY,3295.80005,1.51,45.0,78.0,1.5,1.5,20,tp,1.5,2,3407.774857,false,false,1.6222,-0.3068
96,AUDCAD,SELL,0.89783,0.65,55.0,78.0,1.5,1.5,20,expired,0.5757,20,0.89279,false,false,0.5757,-0.0056
97,AUDJPY,BUY,96.6,0.97,65.0,89.0,1.5,1.5,20,sl,-1.0,7,95.19447,false,false,0.4731,-1.0729
98,AUDUSD,BUY,0.6604,0.86,75.0,89.0,1.5,1.5,20,sl,-1.0,2,0.651881,false,false,0.0,-1.0294
99,CADJPY,BUY,107.585,0.8,60.0,78.0,1.5,1.5,20,sl,-1.0,15,106.29398,false,false,1.0472,-1.0434
100,EURAUD,BUY,1.7832,0.75,55.0,78.0,1.5,1.5,20,tp,1.5,19,1.813291,false,false,1.5812,-0.8026
101,EURCAD,BUY,1.60136,0.46,75.0,89.0,1.5,1.5,20,sl,-1.0,3,1.590311,false,false,0.9268,-1.429
102,EURGBP,BUY,0.86699,0.44,75.0,100.0,1.5,1.5,20,sl,-1.0,5,0.861268,false,false,1.4278,-1.0346
103,EURNZD,BUY,1.94675,0.75,70.0,89.0,1.5,1.5,20,tp,1.5,19,1.979601,false,false,2.5743,-0.8744
104,GBPAUD,BUY,2.05698,0.76,55.0,67.0,1.5,1.5,20,tp,1.5,19,2.092154,false,false,1.8461,-0.6269
105,GBPCAD,BUY,1.84696,0.54,75.0,89.0,1.5,1.5,20,sl,-1.0,3,1.832,false,false,0.0,-1.0274
106,GBPJPY,BUY,198.7,0.66,60.0,78.0,1.5,1.5,20,sl,-1.0,6,196.73287,false,false,0.2928,-1.2836
107,GBPUSD,BUY,1.35796,0.69,75.0,89.0,1.5,1.5,20,sl,-1.0,1,1.343905,false,false,0.0,-1.1488
108,NZDJPY,BUY,88.487,0.88,65.0,89.0,1.5,1.5,20,sl,-1.1712,7,87.119003,false,true,0.488,-1.3929
109,USDCAD,SELL,1.36015,0.52,75.0,89.0,1.5,1.5,20,sl,-1.0,1,1.370759,false,false,0.0,-0.3478
110,USDCHF,SELL,0.79205,0.75,75.0,89.0,1.5,1.5,20,sl,-1.0,2,0.800961,false,false,0.0,-0.275
111,XAUUSD,BUY,3293.19995,1.47,55.0,67.0,1.5,1.5,20,tp,1.5,1,3402.122538,false,false,1.7035,0.0
112,AUDCHF,SELL,0.52427,0.81,55.0,78.0,1.5,1.5,20,expired,0.7372,20,0.519574,false,false,0.7714,-0.1837
113,AUDNZD,SELL,1.09246,0.43,78.0,89.0,1.5,1.5,20,sl,-1.0,18,1.099506,false,false,0.0312,-0.5166
114,AUDUSD,BUY,0.65972,0.82,65.0,89.0,1.5,1.5,20,sl,-1.0,2,0.651605,false,false,0.0,-1.2422
115,CADJPY,BUY,107.757,0.77,60.0,78.0,1.5,1.5,20,sl,-1.0,7,106.512407,false,false,0.9481,-1.0003
116,EURAUD,BUY,1.78228,0.71,55.0,67.0,1.5,1.5,20,tp,1.5,18,1.810752,false,false,1.7196,-0.7997
117,EURCHF,SELL,0.93441,0.33,45.0,78.0,1.5,1.5,20,sl,-1.215,9,0.94003,false,true,0.8043,-0.9924
118,EURJPY,BUY,172.808,0.69,75.0,89.0,1.5,1.5,20,sl,-1.0,3,171.019437,false,false,0.5955,-1.1652
119,EURNZD,BUY,1.9472,0.7,65.0,89.0,1.5,1.5,20,tp,1.5,18,1.977868,false,false,2.7355,-0.9586
120,GBPAUD,BUY,2.04817,0.74,55.0,67.0,1.5,1.5,20,tp,1.5,14,2.082272,false,false,1.664,-0.2591
121,GBPCHF,SELL,1.07378,0.57,75.0,100.0,1.5,1.5,20,sl,-1.0,9,1.082961,false,false,0.0,-0.1873
122,GBPNZD,BUY,2.23767,0.65,55.0,67.0,1.5,1.5,20,tp,1.5,12,2.270396,false,false,1.6968,-0.3882
123,GBPUSD,BUY,1.351,0.73,68.0,78.0,1.5,1.5,20,sl,-1.0245,2,1.335845,false,true,0.0,-1.361
124,NZDJPY,BUY,88.726,0.83,65.0,89.0,1.5,1.5,20,sl,-1.0,5,87.621361,false,false,0.2996,-1.2665
125,USDCAD,SELL,1.36406,0.52,75.0,89.0,1.5,1.5,20,sl,-1.0,2,1.3747,false,false,0.0,-0.8468
126,USDJPY,SELL,147.005,1.01,68.0,78.0,1.5,1.5,20,sl,-1.0,4,149.232126,false,false,0.0,-0.7166
127,AUDCAD,SELL,0.90024,0.64,55.0,67.0,1.5,1.5,20,expired,0.4108,20,0.89669,false,false,0.862,0.0
128,AUDCHF,SELL,0.52256,0.81,55.0,78.0,1.5,1.5,20,sl,-1.0,10,0.528909,false,false,0.0,-0.4536
129,AUDNZD,SELL,1.0908,0.4,78.0,89.0,1.5,1.5,20,sl,-1.0,6,1.097345,false,false,0.0,-0.4246
130,CADCHF,SELL,0.5804,0.61,75.0,100.0,1.5,1.5,20,sl,-1.0,1,0.585711,false,false,0.0,-0.6779
131,CHFJPY,BUY,185.82201,0.68,75.0,100.0,1.5,1.5,20,sl,-1.0,1,183.926625,false,false,0.0,-1.0689
132,EURAUD,BUY,1.78904,0.69,68.0,78.0,1.5,1.5,20,sl,-1.0,3,1.770523,false,false,0.0,-1.1849
133,EURCHF,SELL,0.93502,0.33,45.0,78.0,1.5,1.5,20,sl,-1.0825,8,0.94003,false,true,0.9355,-0.8599
134,EURJPY,BUY,173.767,0.68,75.0,89.0,1.5,1.5,20,sl,-1.0,1,171.994577,false,false,0.0,-1.5188
135,EURUSD,BUY,1.17568,0.71,75.0,89.0,1.5,1.5,20,sl,-1.2782,1,1.159676,false,true,0.0,-1.8917
136,GBPCAD,BUY,1.84124,0.53,65.0,78.0,1.5,1.5,20,sl,-1.0,3,1.826602,false,false,0.2623,-1.0828
137,GBPCHF,SELL,1.06876,0.6,75.0,100.0,1.5,1.5,20,sl,-1.0,2,1.078379,false,false,0.0,-0.5552
138,GBPNZD,BUY,2.2321,0.67,55.0,67.0,1.5,1.5,20,tp,1.5,10,2.265749,false,false,1.5005,0.0
139,NZDCAD,BUY,0.82456,0.68,65.0,89.0,1.5,1.5,20,sl,-1.0,2,0.816149,false,false,0.0,-1.0091
140,NZDUSD,BUY,0.60193,0.9,75.0,89.0,1.5,1.5,20,sl,-1.0,2,0.593804,false,false,0.0,-1.3413
141,USDCAD,SELL,1.37021,0.52,55.0,78.0,1.5,1.5,20,sl,-1.0,2,1.380898,false,false,0.0,-0.5324
142,USDJPY,SELL,147.813,0.96,55.0,67.0,1.5,1.5,20,sl,-1.0,3,149.941507,false,false,0.0,-0.3702
143,AUDCAD,SELL,0.89557,0.64,55.0,78.0,1.5,1.5,20,expired,-0.3045,20,0.898188,false,false,0.3233,-0.2686
144,AUDJPY,BUY,96.82,0.84,65.0,89.0,1.5,1.5,20,sl,-1.0,3,95.600068,false,false,0.2008,-1.0624
145,AUDUSD,BUY,0.6524,0.91,55.0,78.0,1.5,1.5,20,sl,-1.0,2,0.643495,false,false,0.0573,-1.0713
146,CADCHF,SELL,0.58476,0.63,55.0,78.0,1.5,1.5,20,expired,0.5682,20,0.58162,false,false,0.6949,-0.2606
147,CHFJPY,BUY,184.83615,0.7,65.0,89.0,1.5,1.5,20,sl,-1.0,2,182.89537,false,false,0.3039,-1.1192
148,EURCAD,BUY,1.59263,0.62,55.0,78.0,1.5,1.5,20,sl,-1.0,2,1.577819,false,false,0.0,-1.0161
149,EURGBP,BUY,0.86795,0.57,70.0,89.0,1.5,1.5,20,sl,-1.0,12,0.860529,false,false,0.8301,-1.1225
150,EURJPY,BUY,172.17599,0.75,65.0,89.0,1.5,1.5,20,sl,-1.0,2,170.23901,false,false,0.0532,-1.2669
151,EURUSD,BUY,1.15968,0.84,55.0,67.0,1.5,1.5,20,sl,-1.1459,2,1.142936,false,true,0.0,-1.3021
152,GBPCAD,BUY,1.83483,0.55,65.0,78.0,1.5,1.5,20,tp,1.5,10,1.857536,false,false,1.7196,-0.7848
153,GBPJPY,BUY,198.358,0.56,55.0,67.0,1.5,1.5,20,sl,-1.0,3,196.691793,false,false,0.551,-1.3102
154,GBPUSD,BUY,1.33602,0.77,55.0,67.0,1.5,1.5,20,sl,-1.0,2,1.320589,false,false,0.1636,-1.1142
155,NZDCAD,BUY,0.81999,0.7,75.0,89.0,1.5,1.5,20,sl,-1.0,16,0.81138,false,false,0.5228,-1.5436
156,NZDUSD,BUY,0.59719,0.95,55.0,78.0,1.5,1.5,20,sl,-1.0,3,0.58868,false,false,0.0,-1.3398
157,USDCHF,SELL,0.8031,0.85,55.0,67.0,1.5,1.5,20,sl,-1.0,2,0.81334,false,false,0.0,-0.7813
158,XAUUSD,BUY,3434.69995,1.53,55.0,89.0,1.5,1.5,20,sl,-1.0,11,3355.873586,false,false,1.261,-1.0314
159,AUDCAD,SELL,0.89703,0.64,55.0,78.0,1.5,1.5,20,expired,-0.1649,20,0.89845,false,false,0.4924,-0.0986
160,AUDJPY,BUY,96.671,0.83,65.0,89.0,1.5,1.5,20,sl,-1.13,3,95.310997,false,true,0.3274,-1.3119
161,AUDUSD,BUY,0.65132,0.94,55.0,78.0,1.5,1.5,20,sl,-1.0,2,0.642136,false,false,0.0,-1.0203
162,CADJPY,BUY,107.761,0.7,60.0,78.0,1.5,1.5,20,sl,-1.0252,4,106.600998,false,true,1.0393,-1.1039
163,EURAUD,BUY,1.77332,0.67,55.0,67.0,1.5,1.5,20,tp,1.5,14,1.800053,false,false,1.8309,-0.349
164,EURCAD,BUY,1.59088,0.62,55.0,67.0,1.5,1.5,20,tp,1.5,10,1.613073,false,false,1.5228,-0.8989
165,EURGBP,BUY,0.86493,0.61,65.0,89.0,1.5,1.5,20,expired,-0.1807,20,0.8635,false,false,1.16,-0.671
166,EURNZD,BUY,1.93973,0.71,55.0,78.0,1.5,1.5,20,tp,1.5,12,1.970717,false,false,1.6947,-0.5872
167,GBPAUD,BUY,2.05012,0.69,55.0,67.0,1.5,1.5,20,tp,1.5,11,2.081948,false,false,1.691,-0.205
168,GBPCAD,BUY,1.83919,0.56,65.0,78.0,1.5,1.5,20,sl,-1.0,2,1.823741,false,false,0.0,-1.0512
169,GBPJPY,BUY,198.209,0.56,55.0,78.0,1.5,1.5,20,sl,-1.0,2,196.544044,false,false,0.6409,-1.2217
170,GBPUSD,BUY,1.33536,0.79,55.0,67.0,1.5,1.5,20,sl,-1.0,1,1.319536,false,false,0.0,-1.0449
171,NZDJPY,BUY,88.369,0.81,60.0,78.0,1.5,1.5,20,sl,-1.1642,3,87.119003,false,true,0.4601,-1.4054
172,USDCAD,SELL,1.37739,0.56,55.0,78.0,1.5,1.5,20,sl,-1.0,16,1.38896,false,false,0.1063,-0.8392
173,USDCHF,SELL,0.80547,0.87,55.0,67.0,1.5,1.5,20,sl,-1.0,2,0.815981,false,false,0.0,-0.5356
174,XAUUSD,BUY,3433.3999,1.5,65.0,89.0,1.5,1.5,20,sl,-1.0,10,3356.148402,false,false,1.3035,-1.0356
175,AUDCHF,SELL,0.52422,0.71,55.0,78.0,1.5,1.5,20,expired,0.4147,20,0.521905,false,false,0.8712,-0.2185
176,AUDNZD,SELL,1.09117,0.36,75.0,100.0,1.5,1.5,20,sl,-1.0,3,1.097062,false,false,0.0,-0.4088
177,AUDUSD,BUY,0.64471,0.98,55.0,67.0,1.5,1.5,20,expired,0.6785,20,0.65114,false,false,1.2746,-0.3387
178,CADJPY,BUY,107.927,0.72,65.0,89.0,1.5,1.5,20,sl,-1.0,2,106.761388,false,false,0.8665,-1.0269
179,EURAUD,BUY,1.77263,0.63,55.0,78.0,1.5,1.5,20,tp,1.5,12,1.797757,false,false,1.5897,0.0
180,EURCHF,SELL,0.92939,0.33,55.0,89.0,1.5,1.5,20,sl,-1.0,2,0.93399,false,false,0.0,-0.4413
181,EURJPY,BUY,170.53999,0.81,65.0,89.0,1.5,1.5,20,expired,0.5048,20,171.585999,false,false,1.1911,-0.3455
182,EURNZD,BUY,1.93449,0.69,55.0,78.0,1.5,1.5,20,tp,1.5,5,1.96712,false,true,1.6547,0.0
183,GBPAUD,BUY,2.05622,0.61,75.0,89.0,1.5,1.5,20,tp,1.5,10,2.084442,false,false,1.5828,-0.5554
184,GBPCHF,SELL,1.07804,0.6,65.0,89.0,1.5,1.5,20,sl,-1.0,7,1.087742,false,false,0.2267,-0.7483
185,GBPNZD,BUY,2.24396,0.62,55.0,78.0,1.5,1.5,20,tp,1.5,10,2.275263,false,false,2.1252,-0.161
186,GBPUSD,BUY,1.32577,0.82,65.0,78.0,1.5,1.5,20,tp,1.5,8,1.35023,false,false,1.6326,-0.6969
187,NZDJPY,BUY,88.136,0.81,55.0,78.0,1.5,1.5,20,sl,-1.0,2,87.065148,false,false,0.6574,-1.1916
188,USDCAD,SELL,1.38252,0.56,55.0,67.0,1.5,1.5,20,expired,0.3772,20,1.37814,false,false,0.5477,-0.3944
189,USDJPY,SELL,149.226,0.98,55.0,67.0,1.5,1.5,20,expired,0.8707,20,147.315994,false,false,0.8023,0.0
190,AUDCAD,SELL,0.89084,0.65,65.0,89.0,1.5,1.5,20,sl,-1.0,7,0.899526,false,false,0.0,-0.5826
191,AUDCHF,SELL,0.5232,0.74,55.0,78.0,1.5,1.5,20,sl,-1.0,6,0.529008,false,false,0.0,-0.3857
192,AUDNZD,SELL,1.09172,0.36,65.0,100.0,1.5,1.5,20,sl,-1.0,6,1.097615,false,false,0.0,-0.4546
193,CADCHF,SELL,0.58726,0.68,55.0,67.0,1.5,1.5,20,tp,1.5,15,0.578275,false,false,0.9065,0.0
194,CHFJPY,BUY,185.22229,0.78,85.0,100.0,1.5,1.5,20,sl,-1.0,1,183.055189,false,false,0.0,-1.5031
195,EURAUD,BUY,1.77671,0.66,55.0,78.0,1.5,1.5,20,tp,1.5,12,1.803094,false,false,1.6624,0.0
196,EURCHF,SELL,0.92966,0.34,65.0,89.0,1.5,1.5,20,sl,-1.0,1,0.934401,false,false,0.0,-0.3712
197,EURJPY,BUY,172.22301,0.83,65.0,89.0,1.5,1.5,20,sl,-1.0204,2,170.035004,false,true,0.0,-1.1188
198,EURUSD,BUY,1.14237,1.02,55.0,67.0,1.5,1.5,20,tp,1.5,4,1.168587,false,false,1.5543,0.0
199,GBPCAD,BUY,1.83031,0.54,65.0,78.0,1.5,1.5,20,tp,1.5,6,1.852548,false,false,1.5777,-0.1835
200,GBPCHF,SELL,1.07498,0.61,65.0,89.0,1.5,1.5,20,sl,-1.0,4,1.084816,false,false,0.0,-0.0529
201,GBPNZD,BUY,2.24305,0.61,55.0,78.0,1.5,1.5,20,tp,1.5,7,2.273836,false,false,1.5416,-0.1194
202,NZDCAD,BUY,0.8155,0.69,55.0,67.0,1.5,1.5,20,sl,-1.0,13,0.80706,false,false,1.0652,-1.0426
203,NZDUSD,BUY,0.58887,1.03,55.0,67.0,1.5,1.5,20,expired,-0.0397,20,0.588509,false,false,1.2124,-0.9617
204,USDCAD,SELL,1.3857,0.6,55.0,67.0,1.5,1.5,20,expired,0.8596,20,1.37498,false,false,0.765,-0.1123
205,USDJPY,SELL,150.772,1.06,55.0,67.0,1.5,1.5,20,tp,1.5,1,147.176088,false,false,1.1284,0.0
206,AUDCAD,SELL,0.89122,0.62,65.0,89.0,1.5,1.5,20,sl,-1.0,6,0.899508,false,false,0.0,-0.5646
207,AUDJPY,BUY,95.311,0.96,55.0,67.0,1.5,1.5,20,expired,0.6834,20,96.249001,false,false,1.1046,-0.674
208,AUDUSD,BUY,0.64691,1.0,55.0,78.0,1.5,1.5,20,expired,0.7677,20,0.65436,false,false,1.0182,-0.5575
209,CADCHF,SELL,0.58349,0.68,75.0,89.0,1.5,1.5,20,sl,-1.0,5,0.589442,false,false,0.0,-0.4385
210,CHFJPY,BUY,183.23245,0.87,65.0,89.0,1.5,1.5,20,expired,0.19,20,183.686707,false,false,0.3681,-0.732
211,EURCAD,BUY,1.59629,0.71,75.0,89.0,1.5,1.5,20,tp,1.5,14,1.621791,false,false,1.5282,-0.3782
212,EURGBP,BUY,0.87176,0.64,85.0,100.0,1.5,1.5,20,sl,-1.0,6,0.863391,false,false,0.2808,-1.1782
213,EURJPY,BUY,170.705,0.88,65.0,89.0,1.5,1.5,20,expired,0.5565,20,171.959,false,false,1.0221,-0.391
214,EURUSD,BUY,1.15867,1.05,55.0,78.0,1.5,1.5,20,expired,0.5759,20,1.16918,false,false,0.8173,-0.3105
215,GBPCAD,BUY,1.83089,0.53,65.0,89.0,1.5,1.5,20,tp,1.5,5,1.852723,false,false,1.5671,-0.1601
216,GBPJPY,BUY,195.79601,0.78,55.0,67.0,1.5,1.5,20,tp,1.5,6,199.23223,false,false,1.8657,-0.33
217,GBPUSD,BUY,1.32899,0.83,65.0,89.0,1.5,1.5,20,tp,1.5,7,1.353809,false,false,1.7842,-0.1618
218,NZDCAD,BUY,0.81461,0.66,55.0,78.0,1.5,1.5,20,sl,-1.0,17,0.806545,false,false,1.2252,-1.1048
219,NZDUSD,BUY,0.59142,0.99,55.0,78.0,1.5,1.5,20,sl,-1.0,12,0.582637,false,false,0.9656,-1.1172
220,USDCHF,SELL,0.80401,1.04,55.0,78.0,1.5,1.5,20,expired,0.2687,20,0.80064,false,false,0.1866,-0.2185
221,XAUUSD,BUY,3404.69995,1.71,65.0,89.0,1.5,1.5,20,tp,1.5,15,3535.695781,false,false,2.2638,-0.5874
222,AUDCAD,SELL,0.89146,0.61,75.0,89.0,1.5,1.5,20,sl,-1.0,6,0.899617,false,false,0.0,-0.7869
223,AUDJPY,BUY,95.032,0.92,55.0,67.0,1.5,1.5,20,expired,1.0706,20,96.435997,false,false,1.3908,-0.4926
224,AUDUSD,BUY,0.64748,0.97,55.0,78.0,1.5,1.5,20,expired,0.8704,20,0.65568,false,false,0.9882,-0.6347
225,CADJPY,BUY,106.601,0.82,55.0,67.0,1.5,1.5,20,expired,0.2921,20,106.984001,false,false,1.0182,-0.5003
226,EURAUD,BUY,1.78902,0.66,65.0,89.0,1.5,1.5,20,tp,1.5,12,1.815587,false,false,1.5019,-0.4641
227,EURCAD,BUY,1.5944,0.68,55.0,78.0,1.5,1.5,20,tp,1.5,13,1.618794,false,false,1.7137,-0.1107
228,EURGBP,BUY,0.87109,0.63,75.0,100.0,1.5,1.5,20,sl,-1.0,5,0.862858,false,false,0.3669,-1.1164
229,EURNZD,BUY,1.95765,0.71,65.0,89.0,1.5,1.5,20,tp,1.5,11,1.988923,false,false,2.1814,-0.2758
230,GBPAUD,BUY,2.0535,0.59,75.0,89.0,1.5,1.5,20,tp,1.5,7,2.08076,false,false,1.7883,-0.4253
231,GBPCAD,BUY,1.8304,0.52,65.0,89.0,1.5,1.5,20,tp,1.5,4,1.851816,false,false,1.632,-0.1002
232,GBPJPY,BUY,195.183,0.77,55.0,67.0,1.5,1.5,20,tp,1.5,3,198.564545,false,false,1.6121,0.0
233,GBPUSD,BUY,1.32975,0.8,65.0,89.0,1.5,1.5,20,tp,1.5,6,1.353686,false,false,1.8024,-0.0884
234,NZDJPY,BUY,86.836,0.94,55.0,67.0,1.5,1.5,20,sl,-1.0,11,85.611612,false,false,1.2267,-1.0495
235,USDCAD,SELL,1.3768,0.61,55.0,78.0,1.5,1.5,20,sl,-1.0,12,1.389398,false,false,0.0508,-0.8176
236,USDCHF,SELL,0.80709,1.0,55.0,78.0,1.5,1.5,20,expired,0.5733,20,0.80015,false,false,0.4477,0.0
237,XAUUSD,BUY,3399.0,1.65,45.0,78.0,1.5,1.5,20,tp,1.5,14,3525.187875,false,false,2.4178,-0.5421
238,AUDCHF,SELL,0.52225,0.75,75.0,89.0,1.5,1.5,20,sl,-1.0,3,0.528125,false,false,0.0,-0.5429
239,AUDNZD,SELL,1.09528,0.34,55.0,89.0,1.5,1.5,20,sl,-1.0,10,1.100866,false,false,0.0,-0.1468
240,AUDUSD,BUY,0.6473,0.94,55.0,78.0,1.5,1.5,20,expired,0.4963,20,0.65183,false,false,1.0398,-0.6355
241,CADJPY,BUY,107.13995,0.84,55.0,78.0,1.5,1.5,20,expired,0.4593,20,107.760002,false,false,0.6519,-0.8852
242,EURAUD,BUY,1.78871,0.64,75.0,89.0,1.5,1.5,20,tp,1.5,10,1.814467,false,false,1.5264,-0.4606
243,EURCHF,SELL,0.93431,0.4,55.0,78.0,1.5,1.5,20,sl,-1.0204,1,0.94003,false,true,0.0,-0.8366
244,EURJPY,BUY,170.849,0.91,65.0,89.0,1.5,1.5,20,expired,0.8439,20,172.817001,false,false,1.0947,0.0
245,EURNZD,BUY,1.95936,0.69,75.0,89.0,1.5,1.5,20,tp,1.5,10,1.989779,false,false,2.1583,-0.3679
246,GBPAUD,BUY,2.05446,0.55,75.0,89.0,1.5,1.5,20,tp,1.5,6,2.079884,false,false,1.8608,-0.5127
247,GBPCHF,SELL,1.07308,0.62,85.0,100.0,1.5,1.5,20,sl,-1.0,1,1.08306,false,false,0.0,-0.2425
248,GBPNZD,BUY,2.25044,0.55,75.0,89.0,1.5,1.5,20,tp,1.5,6,2.278289,false,false,2.0397,-0.4476
249,GBPUSD,BUY,1.32995,0.82,65.0,89.0,1.5,1.5,20,tp,1.5,5,1.354488,false,false,1.746,0.0
250,NZDJPY,BUY,87.175,0.93,55.0,78.0,1.5,1.5,20,sl,-1.0,10,85.958909,false,false,0.9563,-1.3354
251,USDCAD,SELL,1.37707,0.59,55.0,78.0,1.5,1.5,20,sl,-1.0,11,1.389257,false,false,0.0747,-0.823
252,USDJPY,SELL,147.56,1.14,75.0,89.0,1.5,1.5,20,expired,-0.3916,20,148.548004,false,false,0.0749,-0.1558
253,AUDCAD,SELL,0.89299,0.61,75.0,89.0,1.5,1.5,20,sl,-1.0,4,0.901161,false,false,0.0,-0.5983
254,AUDCHF,SELL,0.5239,0.79,55.0,78.0,1.5,1.5,20,expired,-0.3383,20,0.526,false,false,0.7319,-0.2481
255,AUDNZD,SELL,1.09636,0.33,55.0,78.0,1.5,1.5,20,sl,-1.0,9,1.101787,false,false,0.0295,0.0
256,CADCHF,SELL,0.58661,0.66,55.0,78.0,1.5,1.5,20,expired,0.6715,20,0.58271,false,false,0.9798,0.0
257,CHFJPY,BUY,182.57326,0.88,65.0,78.0,1.5,1.5,20,expired,0.6229,20,184.074371,false,false,1.0554,-0.4528
258,EURAUD,BUY,1.79408,0.66,65.0,89.0,1.5,1.5,20,expired,-0.7032,20,1.78159,false,false,1.2127,-0.8
259,EURCHF,SELL,0.94003,0.44,55.0,67.0,1.5,1.5,20,expired,0.4481,20,0.93725,false,false,0.677,-0.1934
260,EURJPY,BUY,171.655,0.92,75.0,89.0,1.5,1.5,20,expired,0.3766,20,172.546997,false,false,0.7375,-0.2892
261,EURUSD,BUY,1.16632,1.03,75.0,89.0,1.5,1.5,20,expired,-0.0153,20,1.166045,false,false,0.4032,-0.4909
262,GBPCAD,BUY,1.83516,0.52,85.0,100.0,1.5,1.5,20,tp,1.5,3,1.856631,false,false,1.7954,0.0
263,GBPCHF,SELL,1.07665,0.67,65.0,89.0,1.5,1.5,20,sl,-1.0,2,1.08747,false,false,0.0,-0.7994
264,GBPNZD,BUY,2.25305,0.57,75.0,89.0,1.5,1.5,20,tp,1.5,5,2.281945,false,false,1.8304,-0.0753
265,NZDCAD,SELL,0.81433,0.61,75.0,89.0,1.5,1.5,20,sl,-1.0,4,0.821781,false,false,0.0,-0.6133
266,NZDUSD,BUY,0.59285,0.97,55.0,78.0,1.5,1.5,20,sl,-1.0,9,0.584224,false,false,0.8173,-1.3032
267,USDCAD,SELL,1.37392,0.59,75.0,89.0,1.5,1.5,20,sl,-1.0428,9,1.3866,false,true,0.0,-0.9441
268,USDJPY,SELL,147.19299,1.15,65.0,89.0,1.5,1.5,20,expired,-0.31,20,147.979996,false,false,0.0,-0.2993
269,AUDCAD,SELL,0.8961,0.63,55.0,78.0,1.5,1.5,20,sl,-1.0,20,0.904568,false,false,0.3236,-0.5196
270,AUDJPY,BUY,95.813,0.95,55.0,78.0,1.5,1.5,20,sl,-1.0,8,94.447665,false,false,0.7427,-1.0452
271,AUDUSD,BUY,0.65257,0.95,75.0,89.0,1.5,1.5,20,sl,-1.0,8,0.643271,false,false,0.4538,-1.0904
272,CADCHF,SELL,0.58665,0.65,55.0,78.0,1.5,1.5,20,tp,1.5,10,0.57807,false,false,0.8427,0.0
273,CHFJPY,BUY,182.228,0.89,65.0,78.0,1.5,1.5,20,expired,0.8406,20,184.272995,false,false,1.1874,-0.3067
274,EURCAD,BUY,1.60331,0.7,75.0,89.0,1.5,1.5,20,expired,0.4158,20,1.61031,false,false,1.3235,-0.2845
275,EURGBP,BUY,0.86796,0.71,55.0,78.0,1.5,1.5,20,expired,-0.1028,20,0.86701,false,false,0.3527,-0.9022
276,EURJPY,BUY,171.44901,0.93,55.0,78.0,1.5,1.5,20,expired,0.6292,20,172.953995,false,false,0.8166,-0.2003
277,EURUSD,BUY,1.16767,1.0,75.0,89.0,1.5,1.5,20,expired,-0.113,20,1.165691,false,false,0.4709,-0.5821
278,GBPCAD,BUY,1.84712,0.54,75.0,100.0,1.5,1.5,20,tp,1.5,4,1.869563,false,false,1.6689,0.0
279,GBPJPY,BUY,197.507,0.84,75.0,89.0,1.5,1.5,20,expired,0.7884,20,199.468994,false,false,1.1079,0.0
280,GBPUSD,BUY,1.34515,0.84,85.0,100.0,1.5,1.5,20,expired,-0.0414,20,1.344447,false,false,0.8439,-0.6794
281,NZDCAD,SELL,0.81964,0.62,55.0,78.0,1.5,1.5,20,tp,1.5,8,0.808206,false,false,0.2479,0.0
282,NZDUSD,BUY,0.59701,0.96,75.0,89.0,1.5,1.5,20,sl,-1.0,8,0.588413,false,false,0.3362,-1.7915
283,USDCHF,SELL,0.80569,0.97,75.0,89.0,1.5,1.5,20,expired,0.0478,20,0.80513,false,false,0.3429,-0.0904
284,XAUUSD,BUY,3382.6001,1.56,50.0,78.0,1.5,1.5,20,tp,1.5,10,3501.329364,false,false,1.7169,-0.3689
285,AUDCAD,SELL,0.89629,0.61,55.0,78.0,1.5,1.5,20,sl,-1.0,19,0.904491,false,false,0.3573,-0.5133
286,AUDJPY,BUY,96.236,0.91,75.0,89.0,1.5,1.5,20,sl,-1.0,7,94.922379,false,false,0.4499,-1.4083
287,AUDUSD,BUY,0.65177,0.93,75.0,89.0,1.5,1.5,20,sl,-1.0,7,0.642678,false,false,0.5521,-1.0273
288,CADJPY,BUY,107.364,0.82,55.0,78.0,1.5,1.5,20,sl,-1.0,7,106.043423,false,false,0.2878,-1.0745
289,EURAUD,BUY,1.78704,0.66,75.0,89.0,1.5,1.5,20,tp,1.5,7,1.813578,false,false,1.5759,-0.3527
290,EURCAD,BUY,1.60183,0.7,75.0,89.0,1.5,1.5,20,expired,1.1029,20,1.62038,false,false,1.4127,-0.1385
291,EURGBP,BUY,0.86634,0.72,55.0,78.0,1.5,1.5,20,expired,0.1817,20,0.86804,false,false,0.5216,-0.7182
292,EURNZD,BUY,1.95781,0.71,75.0,89.0,1.5,1.5,20,tp,1.5,7,1.989086,false,false,2.1735,-0.1875
293,GBPAUD,BUY,2.06261,0.56,75.0,89.0,1.5,1.5,20,tp,1.5,6,2.088599,false,false,1.5624,-0.2084
294,GBPCAD,BUY,1.84884,0.54,85.0,100.0,1.5,1.5,20,tp,1.5,3,1.871303,false,false,1.5525,0.0
295,GBPJPY,BUY,198.49001,0.82,75.0,89.0,1.5,1.5,20,expired,0.6816,20,200.154007,false,false,0.7508,-0.254
296,GBPUSD,BUY,1.34445,0.83,85.0,100.0,1.5,1.5,20,expired,0.2892,20,1.349291,false,false,0.8963,-0.6461
297,NZDJPY,BUY,87.828,0.9,75.0,89.0,1.5,1.5,20,sl,-1.0,7,86.642322,false,false,0.4301,-1.9204
298,USDCAD,SELL,1.37527,0.55,75.0,89.0,1.5,1.5,20,sl,-1.0,7,1.386616,false,false,0.0,-0.8928
299,USDCHF,SELL,0.80747,0.95,55.0,67.0,1.5,1.5,20,expired,0.7205,20,0.79918,false,false,0.7083,0.0
300,XAUUSD,BUY,3378.0,1.58,50.0,78.0,1.5,1.5,20,tp,1.5,9,3498.0879,false,false,1.755,-0.3073
301,AUDCHF,SELL,0.52888,0.83,55.0,67.0,1.5,1.5,20,tp,1.5,6,0.519003,false,false,1.0718,0.0
302,AUDNZD,BUY,1.09656,0.34,50.0,100.0,1.5,1.5,20,tp,1.5,6,1.104949,false,false,1.8042,-0.6187
303,AUDUSD,BUY,0.65144,0.91,75.0,89.0,1.5,1.5,20,sl,-1.0,6,0.642548,false,false,0.6016,-1.0133
304,CADJPY,BUY,107.537,0.8,75.0,89.0,1.5,1.5,20,sl,-1.0,2,106.246556,false,false,0.0,-1.0066
305,EURAUD,BUY,1.78325,0.65,55.0,78.0,1.5,1.5,20,tp,1.5,6,1.80933,false,false,1.8215,-0.0029
306,EURCHF,SELL,0.94322,0.43,55.0,67.0,1.5,1.5,20,tp,1.5,11,0.934094,false,false,1.2147,0.0
307,EURJPY,BUY,172.07899,0.88,75.0,89.0,1.5,1.5,20,expired,0.5948,20,173.429993,false,false,0.7999,-0.4882
308,EURNZD,BUY,1.95557,0.67,75.0,89.0,1.5,1.5,20,tp,1.5,6,1.98505,false,false,2.4199,-0.0249
309,GBPAUD,BUY,2.06226,0.56,75.0,89.0,1.5,1.5,20,tp,1.5,5,2.088244,false,false,1.5829,0.0
310,GBPCHF,SELL,1.09076,0.72,65.0,78.0,1.5,1.5,20,expired,1.3905,20,1.07438,false,false,1.0993,-0.1392
311,GBPNZD,BUY,2.26151,0.53,65.0,89.0,1.5,1.5,20,tp,1.5,3,2.288479,false,false,1.6275,-0.015
312,GBPUSD,BUY,1.34353,0.84,85.0,100.0,1.5,1.5,20,expired,0.6957,20,1.355307,false,false,0.9406,-0.5845
313,NZDJPY,BUY,87.97,0.87,75.0,89.0,1.5,1.5,20,sl,-1.0,6,86.821991,false,false,0.3206,-2.1071
314,USDCAD,SELL,1.37737,0.53,68.0,78.0,1.5,1.5,20,sl,-1.0,7,1.38832,false,false,0.0,-0.8886
315,USDJPY,SELL,148.125,1.07,55.0,78.0,1.5,1.5,20,expired,0.3201,20,147.363998,false,false,0.3172,0.0
316,AUDCAD,SELL,0.89907,0.56,55.0,78.0,1.5,1.5,20,sl,-1.0,17,0.906622,false,false,0.7561,-0.1893
317,AUDCHF,SELL,0.52638,0.8,55.0,78.0,1.5,1.5,20,tp,1.5,5,0.516905,false,false,0.7214,0.0
318,AUDNZD,BUY,1.09595,0.34,65.0,100.0,1.5,1.5,20,tp,1.5,5,1.104334,false,false,1.9144,-0.5099
319,CADCHF,SELL,0.58539,0.73,75.0,89.0,1.5,1.5,20,tp,1.5,17,0.575775,false,false,0.6973,0.0
320,CHFJPY,BUY,183.26601,0.87,75.0,89.0,1.5,1.5,20,expired,0.6468,20,184.813004,false,false,1.2304,-0.7459
321,EURAUD,BUY,1.78817,0.62,75.0,89.0,1.5,1.5,20,tp,1.5,5,1.813115,false,false,1.6085,-0.2989
322,EURCHF,SELL,0.94132,0.42,55.0,67.0,1.5,1.5,20,tp,1.5,10,0.932425,false,false,0.9258,0.0
323,EURJPY,BUY,172.533,0.87,75.0,89.0,1.5,1.5,20,expired,-0.0231,20,172.481003,false,false,0.6054,-0.6942
324,EURUSD,BUY,1.16771,1.04,75.0,89.0,1.5,1.5,20,expired,0.1408,20,1.170275,false,false,0.5669,-0.5619
325,GBPCAD,BUY,1.85933,0.59,75.0,100.0,1.5,1.5,20,sl,-1.0,14,1.842875,false,false,0.8842,-1.0726
326,GBPCHF,SELL,1.0885,0.73,65.0,78.0,1.5,1.5,20,expired,0.8977,20,1.0778,false,false,0.8969,-0.3272
327,GBPNZD,BUY,2.26648,0.51,65.0,78.0,1.5,1.5,20,tp,1.5,5,2.292488,false,false,3.1352,0.0
328,NZDCAD,SELL,0.82016,0.57,55.0,78.0,1.5,1.5,20,tp,1.5,5,0.809641,false,false,0.3437,0.0
329,NZDUSD,BUY,0.59578,0.91,68.0,78.0,1.5,1.5,20,sl,-1.0,5,0.587648,false,false,0.418,-1.7426
330,USDCAD,SELL,1.37696,0.52,68.0,78.0,1.5,1.5,20,sl,-1.0,5,1.3877,false,false,0.0,-0.7858
331,USDJPY,SELL,147.758,1.08,75.0,89.0,1.5,1.5,20,expired,0.1529,20,147.391998,false,false,0.1617,-0.0815
332,AUDCAD,SELL,0.90101,0.6,45.0,72.5,1.5,1.5,20,sl,-1.0,16,0.909119,false,false,0.9434,0.0
333,AUDJPY,BUY,96.382,0.89,75.0,89.0,1.5,1.5,20,sl,-1.0,4,95.0953,false,false,0.0,-1.5513
334,AUDUSD,BUY,0.65517,0.92,75.0,89.0,1.5,1.5,20,sl,-1.0,3,0.646129,false,false,0.0,-1.0264
335,CADCHF,SELL,0.58509,0.72,75.0,89.0,1.5,1.5,20,tp,1.5,16,0.575612,false,false,0.6599,0.0
336,CHFJPY,BUY,182.79887,0.9,55.0,78.0,1.5,1.5,20,expired,0.6753,20,184.465286,false,false,1.3817,-0.2868
337,EURCAD,BUY,1.6107,0.72,75.0,89.0,1.5,1.5,20,expired,0.6536,20,1.62207,false,false,0.9169,-0.5271
338,EURGBP,BUY,0.86214,0.71,55.0,78.0,1.5,1.5,20,expired,0.2745,20,0.86466,false,false,0.9889,-0.1743
339,EURJPY,BUY,172.314,0.88,75.0,89.0,1.5,1.5,20,expired,0.0545,20,172.438004,false,false,0.6955,-0.5293
340,EURUSD,BUY,1.17129,1.04,75.0,89.0,1.5,1.5,20,expired,-0.0518,20,1.170344,false,false,0.3692,-0.7561
341,GBPCAD,BUY,1.86817,0.59,75.0,89.0,1.5,1.5,20,sl,-1.0,11,1.851637,false,false,0.3454,-1.1498
342,GBPJPY,BUY,199.85699,0.87,65.0,89.0,1.5,1.5,20,expired,-0.1733,20,199.404999,false,false,0.1787,-0.7618
343,GBPUSD,BUY,1.35853,0.83,75.0,100.0,1.5,1.5,20,sl,-1.0,5,1.341616,false,false,0.0,-1.0351
344,NZDCAD,SELL,0.82236,0.61,55.0,78.0,1.5,1.5,20,tp,1.5,4,0.811073,false,false,0.6127,0.0
345,NZDUSD,BUY,0.5981,0.94,85.0,100.0,1.5,1.5,20,sl,-1.0,4,0.589667,false,false,0.0,-1.9556
346,USDCHF,SELL,0.80472,0.97,68.0,78.0,1.5,1.5,20,expired,0.5167,20,0.79867,false,false,0.7191,-0.07
347,XAUUSD,BUY,3381.6001,1.3,55.0,78.0,1.5,1.5,20,tp,1.5,6,3480.511903,false,false,2.0761,-0.2851
348,AUDCAD,SELL,0.89744,0.57,50.0,72.5,1.5,1.5,20,sl,-1.0,15,0.905113,false,false,0.5317,-0.3988
349,AUDJPY,BUY,95.955,0.91,68.0,78.0,1.5,1.5,20,sl,-1.0,3,94.645214,false,false,0.1832,-1.1979
350,AUDUSD,BUY,0.64975,0.91,55.0,67.0,1.5,1.5,20,tp,1.5,18,0.663054,false,false,1.5731,-0.9302
351,CADJPY,BUY,106.911,0.84,55.0,78.0,1.5,1.5,20,expired,-0.3727,20,106.408997,false,false,0.8233,-0.7171
352,EURAUD,BUY,1.79303,0.63,75.0,89.0,1.5,1.5,20,sl,-1.0,17,1.776086,false,false,1.3332,-1.0051
353,EURCAD,BUY,1.60926,0.67,75.0,89.0,1.5,1.5,20,expired,0.8625,20,1.62321,false,false,1.0752,-0.478
354,EURGBP,BUY,0.86103,0.67,55.0,67.0,1.5,1.5,20,expired,0.3733,20,0.86426,false,false,1.1776,-0.0162
355,EURNZD,BUY,1.96762,0.68,65.0,89.0,1.5,1.5,20,tp,1.5,3,1.997725,false,false,1.7693,-0.1355
356,GBPAUD,BUY,2.08229,0.55,65.0,78.0,1.5,1.5,20,sl,-1.0,10,2.065111,false,false,1.0466,-1.3074
357,GBPCAD,BUY,1.86888,0.59,75.0,89.0,1.5,1.5,20,sl,-1.0,10,1.85234,false,false,0.3023,-1.1923
358,GBPJPY,BUY,199.821,0.87,65.0,89.0,1.5,1.5,20,expired,0.0173,20,199.865997,false,false,0.2489,-0.7482
359,GBPUSD,BUY,1.35307,0.8,65.0,89.0,1.5,1.5,20,sl,-1.0,12,1.336833,false,false,0.2174,-1.1641
360,NZDJPY,BUY,87.427,0.93,55.0,67.0,1.5,1.5,20,sl,-1.0,3,86.207393,false,false,0.214,-1.5382
361,USDCAD,SELL,1.38131,0.47,55.0,67.0,1.5,1.5,20,sl,-1.0,5,1.391048,false,false,0.0,-0.5946
362,USDCHF,SELL,0.80752,0.93,55.0,67.0,1.5,1.5,20,expired,1.0271,20,0.79595,false,false,0.996,0.0
363,XAUUSD,BUY,3418.5,1.33,75.0,89.0,1.5,1.5,20,tp,1.5,6,3520.798613,false,false,2.6965,-0.3284
364,AUDCHF,SELL,0.52515,0.85,75.0,89.0,1.5,1.5,20,expired,-0.6706,20,0.52964,false,false,0.8653,-0.4555
365,AUDNZD,BUY,1.09826,0.36,65.0,100.0,1.5,1.5,20,tp,1.5,5,1.107156,false,false,1.6052,-0.8701
366,AUDUSD,BUY,0.6513,0.87,75.0,89.0,1.5,1.5,20,sl,-1.0,2,0.642801,false,false,0.0,-1.0436
367,CADJPY,BUY,106.589,0.85,55.0,67.0,1.5,1.5,20,expired,0.0743,20,106.690002,false,false,1.053,-0.4739
368,EURAUD,BUY,1.79763,0.58,65.0,89.0,1.5,1.5,20,sl,-1.0,12,1.781991,false,false,1.1503,-1.0959
369,EURCHF,SELL,0.94417,0.4,65.0,78.0,1.5,1.5,20,tp,1.5,7,0.93545,false,true,1.4722,0.0
370,EURJPY,BUY,172.388,0.76,75.0,89.0,1.5,1.5,20,expired,0.3852,20,173.145004,false,false,0.7673,-0.6503
371,EURNZD,BUY,1.97435,0.64,65.0,78.0,1.5,1.5,20,tp,1.5,2,2.002781,false,false,1.5184,-0.4986
372,GBPAUD,BUY,2.08164,0.54,65.0,78.0,1.5,1.5,20,sl,-1.0,9,2.064779,false,false,1.1049,-1.2935
373,GBPCHF,SELL,1.09331,0.66,55.0,67.0,1.5,1.5,20,tp,1.5,11,1.077074,false,false,0.8463,0.0
374,GBPNZD,BUY,2.28636,0.53,65.0,78.0,1.5,1.5,20,tp,1.5,2,2.313625,false,false,1.8969,-0.5425
375,GBPUSD,BUY,1.35564,0.76,65.0,89.0,1.5,1.5,20,sl,-1.0,4,1.340186,false,false,0.0,-1.0667
376,NZDJPY,BUY,87.287,0.91,55.0,67.0,1.5,1.5,20,sl,-1.0,2,86.095532,false,false,0.324,-1.457
377,USDCAD,SELL,1.3815,0.45,55.0,67.0,1.5,1.5,20,sl,-1.0,4,1.390825,false,false,0.0,-0.6005
378,USDJPY,SELL,147.26401,1.05,65.0,89.0,1.5,1.5,20,expired,-0.1733,20,147.666,false,false,0.0,-0.2971
379,AUDCAD,SELL,0.89636,0.53,60.0,86.2,1.5,1.5,20,sl,-1.0,12,0.903486,false,false,0.421,-0.4406
380,AUDCHF,SELL,0.52432,0.88,75.0,89.0,1.5,1.5,20,expired,-0.8606,20,0.530276,false,false,0.7172,-0.5606
381,AUDNZD,BUY,1.09634,0.37,65.0,100.0,1.5,1.5,20,tp,1.5,1,1.105467,false,false,1.6944,-0.5161
382,CADCHF,SELL,0.58488,0.63,75.0,89.0,1.5,1.5,20,tp,1.5,13,0.576589,false,false,0.7165,0.0
383,CHFJPY,BUY,183.17873,0.8,75.0,89.0,1.5,1.5,20,expired,1.046,20,185.477997,false,false,1.3784,-0.4948
384,EURAUD,BUY,1.79644,0.6,65.0,78.0,1.5,1.5,20,sl,-1.0,12,1.780272,false,false,1.1863,-1.0249
385,EURCHF,SELL,0.94204,0.41,65.0,78.0,1.5,1.5,20,tp,1.5,6,0.93335,false,false,1.0719,0.0
386,EURJPY,BUY,172.584,0.73,65.0,89.0,1.5,1.5,20,expired,0.4297,20,173.395996,false,false,0.6943,-0.78
387,EURUSD,BUY,1.16683,0.84,65.0,89.0,1.5,1.5,20,expired,0.6491,20,1.176374,false,false,1.2533,-0.6363
388,GBPCAD,BUY,1.86429,0.57,75.0,89.0,1.5,1.5,20,sl,-1.0,10,1.84835,false,false,0.6016,-1.4185
389,GBPCHF,SELL,1.09056,0.66,55.0,67.0,1.5,1.5,20,tp,1.5,10,1.074365,false,false,0.5937,0.0
390,GBPNZD,BUY,2.28035,0.53,65.0,78.0,1.5,1.5,20,tp,1.5,1,2.307543,false,false,2.2335,0.0
391,NZDCAD,SELL,0.8174,0.56,75.0,89.0,1.5,1.5,20,tp,1.5,1,0.807101,false,false,0.0,0.0
392,NZDUSD,BUY,0.59238,0.87,65.0,89.0,1.5,1.5,20,sl,-1.0,1,0.584649,false,false,0.0,-1.3934
393,USDCAD,SELL,1.38021,0.44,55.0,78.0,1.5,1.5,20,sl,-1.0,2,1.389319,false,false,0.0,-0.7564
394,USDJPY,SELL,147.916,1.02,55.0,78.0,1.5,1.5,20,expired,0.2258,20,147.404999,false,false,0.2408,-0.0164
395,AUDCAD,BUY,0.89489,0.52,60.0,78.0,1.5,1.5,20,tp,1.5,12,0.90536,false,false,2.1074,-0.6332
396,AUDJPY,BUY,95.348,0.94,55.0,78.0,1.5,1.5,20,tp,1.5,13,97.36461,false,false,1.5427,-0.578
397,AUDUSD,BUY,0.64546,0.83,55.0,78.0,1.5,1.5,20,tp,1.5,12,0.657514,false,false,1.6725,-0.4928
398,CADCHF,SELL,0.58244,0.66,65.0,89.0,1.5,1.5,20,tp,1.5,13,0.573791,false,false,0.8481,0.0
399,CHFJPY,BUY,182.86,0.74,75.0,89.0,1.5,1.5,20,tp,1.5,13,185.904619,false,false,1.6498,-0.01
400,EURCAD,BUY,1.61418,0.56,65.0,78.0,1.5,1.5,20,expired,1.2316,20,1.63088,false,false,1.2965,-0.933
401,EURGBP,BUY,0.86324,0.57,55.0,78.0,1.5,1.5,20,expired,0.836,20,0.86941,false,false,1.0812,-0.3035
402,EURJPY,BUY,171.993,0.69,60.0,78.0,1.5,1.5,20,expired,1.0151,20,173.800003,false,false,1.069,-0.4932
403,EURUSD,BUY,1.16425,0.78,60.0,78.0,1.5,1.5,20,tp,1.5,19,1.184683,false,false,1.5421,-0.4974
404,GBPCAD,BUY,1.8697,0.55,75.0,89.0,1.5,1.5,20,sl,-1.0,7,1.854275,false,false,0.2224,-1.3316
405,GBPJPY,BUY,199.23399,0.85,65.0,89.0,1.5,1.5,20,expired,0.2614,20,199.897995,false,false,0.5909,-0.5003
406,GBPUSD,BUY,1.34868,0.69,65.0,89.0,1.5,1.5,20,sl,-1.0,9,1.334721,false,false,0.4498,-1.0395
407,NZDCAD,SELL,0.81757,0.61,75.0,89.0,1.5,1.5,20,tp,1.5,5,0.806349,false,false,1.0734,0.0
408,NZDUSD,BUY,0.58977,0.93,65.0,89.0,1.5,1.5,20,sl,-1.0,1,0.581543,false,false,0.0,-1.038
409,USDCHF,SELL,0.80777,0.76,60.0,78.0,1.5,1.5,20,tp,1.5,13,0.793957,false,false,0.9176,0.0
410,XAUUSD,BUY,3448.6001,1.25,75.0,89.0,1.5,1.5,20,tp,1.5,3,3545.591978,false,false,2.3785,-0.0943
411,AUDCAD,BUY,0.89279,0.52,55.0,78.0,1.5,1.5,20,tp,1.5,10,0.903236,false,false,1.539,-0.0416
412,AUDJPY,BUY,94.809,0.89,55.0,67.0,1.5,1.5,20,tp,1.5,8,96.70755,false,false,1.6173,0.0
413,AUDUSD,BUY,0.64361,0.8,55.0,78.0,1.5,1.5,20,tp,1.5,7,0.655195,false,false,1.6172,-0.2655
414,CADJPY,BUY,106.184,0.76,55.0,67.0,1.5,1.5,20,tp,1.5,9,107.999746,false,false,1.5167,-0.176
415,EURAUD,BUY,1.81026,0.6,65.0,78.0,1.5,1.5,20,sl,-1.1269,3,1.7919,false,true,0.0,-1.1416
416,EURCAD,BUY,1.61631,0.52,65.0,78.0,1.5,1.5,20,sl,-1.0,4,1.603703,false,false,0.4727,-1.0478
417,EURGBP,BUY,0.86528,0.52,75.0,89.0,1.5,1.5,20,expired,0.3467,20,0.86762,false,false,0.8801,-0.6342
418,EURNZD,BUY,1.99909,0.74,75.0,89.0,1.5,1.5,20,sl,-1.0,12,1.9769,false,false,0.0189,-1.1037
419,GBPAUD,BUY,2.09201,0.57,75.0,89.0,1.5,1.5,20,sl,-1.0,4,2.074123,false,false,0.0,-1.1506
420,GBPCAD,BUY,1.86809,0.53,75.0,89.0,1.5,1.5,20,sl,-1.0,6,1.853239,false,false,0.3394,-1.2746
421,GBPJPY,BUY,198.351,0.78,55.0,78.0,1.5,1.5,20,expired,0.7972,20,200.201004,false,false,1.2393,-0.1672
422,GBPUSD,BUY,1.34664,0.64,60.0,67.0,1.5,1.5,20,sl,-1.0,9,1.333712,false,false,0.6435,-1.0059
423,NZDJPY,BUY,85.841,1.0,55.0,67.0,1.5,1.5,20,tp,1.5,12,87.772422,false,false,1.5036,0.0
424,USDCAD,SELL,1.38728,0.4,55.0,78.0,1.5,1.5,20,tp,1.5,6,1.374794,false,false,1.1365,0.0
425,USDCHF,SELL,0.80414,0.68,65.0,89.0,1.5,1.5,20,tp,1.5,13,0.791837,false,false,0.9558,0.0
426,XAUUSD,BUY,3474.30005,1.13,75.0,89.0,1.5,1.5,20,tp,1.5,2,3562.634129,false,false,2.1753,-0.1919
427,AUDCHF,SELL,0.51957,0.91,75.0,89.0,1.5,1.5,20,sl,-1.0,8,0.526662,false,false,0.0,-0.5541
428,AUDNZD,BUY,1.10353,0.45,75.0,100.0,1.5,1.5,20,tp,1.5,8,1.114703,false,false,1.5185,0.0
429,AUDUSD,BUY,0.64255,0.82,55.0,78.0,1.5,1.5,20,tp,1.5,5,0.654405,false,false,1.5563,0.0
430,CADJPY,BUY,106.743,0.68,55.0,78.0,1.5,1.5,20,expired,0.482,20,107.267815,false,false,1.1729,-0.6723
431,EURAUD,BUY,1.80721,0.57,65.0,89.0,1.5,1.5,20,sl,-1.0,2,1.791758,false,false,0.0,-1.0064
432,EURCHF,SELL,0.93904,0.41,78.0,89.0,1.5,1.5,20,expired,0.8294,20,0.93425,false,false,0.9835,0.0
433,EURJPY,BUY,172.315,0.6,65.0,89.0,1.5,1.5,20,expired,1.3651,20,174.432007,false,false,1.3947,-0.7738
434,EURNZD,BUY,1.99439,0.7,75.0,89.0,1.5,1.5,20,sl,-1.0,12,1.973449,false,false,0.2006,-1.031
435,GBPAUD,BUY,2.0881,0.57,75.0,89.0,1.5,1.5,20,sl,-1.0,4,2.070247,false,false,0.0,-1.174
436,GBPCHF,SELL,1.08499,0.63,68.0,78.0,1.5,1.5,20,expired,1.0504,20,1.07422,false,false,1.0475,0.0
437,GBPNZD,BUY,2.30459,0.67,75.0,89.0,1.5,1.5,20,sl,-1.0,7,2.281429,false,false,0.1585,-1.0099
438,GBPUSD,BUY,1.34194,0.66,60.0,78.0,1.5,1.5,20,tp,1.5,16,1.361868,false,false,1.5078,-0.6251
439,NZDJPY,BUY,86.374,0.89,55.0,78.0,1.5,1.5,20,tp,1.5,15,88.103639,false,false,1.5099,-0.3183
440,USDCAD,SELL,1.39004,0.39,45.0,67.0,1.5,1.5,20,tp,1.5,4,1.377842,false,false,1.3908,0.0
441,USDJPY,SELL,148.386,0.78,55.0,78.0,1.5,1.5,20,expired,0.2529,20,147.947006,false,false,0.9821,0.0
442,AUDCAD,BUY,0.89669,0.57,60.0,78.0,1.5,1.5,20,tp,1.5,9,0.90819,false,false,1.6839,-0.1947
443,AUDCHF,SELL,0.52021,0.89,75.0,89.0,1.5,1.5,20,sl,-1.0,12,0.527155,false,false,0.0,-0.6753
444,AUDNZD,BUY,1.10549,0.46,75.0,100.0,1.5,1.5,20,tp,1.5,14,1.116932,false,false,1.5024,0.0
445,CADCHF,SELL,0.58007,0.62,65.0,89.0,1.5,1.5,20,tp,1.5,11,0.571978,false,false,0.8175,-0.2836
446,CHFJPY,BUY,183.46779,0.55,65.0,89.0,1.5,1.5,20,tp,1.5,10,185.738204,false,false,1.8108,-0.4149
447,EURAUD,BUY,1.80544,0.59,65.0,89.0,1.5,1.5,20,sl,-1.0,2,1.789462,false,false,0.0,-1.1578
448,EURCHF,SELL,0.93937,0.4,85.0,100.0,1.5,1.5,20,expired,0.8712,20,0.93446,false,false,1.0663,0.0
449,EURJPY,BUY,172.37199,0.57,65.0,78.0,1.5,1.5,20,expired,0.9771,20,173.811996,false,false,1.429,-0.8529
450,EURUSD,BUY,1.17096,0.71,65.0,89.0,1.5,1.5,20,sl,-1.0,2,1.158489,false,false,0.0,-1.0814
451,GBPCAD,BUY,1.8683,0.53,75.0,89.0,1.5,1.5,20,sl,-1.0,4,1.853447,false,false,0.0,-1.2886
452,GBPCHF,SELL,1.08386,0.59,68.0,78.0,1.5,1.5,20,expired,1.2677,20,1.0717,false,false,1.1009,0.0
453,GBPNZD,BUY,2.30341,0.67,75.0,89.0,1.5,1.5,20,sl,-1.0,7,2.280261,false,false,0.2095,-1.0329
454,NZDCAD,SELL,0.81091,0.69,65.0,89.0,1.5,1.5,20,sl,-1.0,10,0.819303,false,false,0.1573,-0.3927
455,NZDUSD,BUY,0.58654,1.01,65.0,89.0,1.5,1.5,20,expired,-0.1586,20,0.585131,false,false,1.411,-0.5177
456,USDCAD,SELL,1.38288,0.42,55.0,78.0,1.5,1.5,20,expired,0.5372,20,1.3782,false,false,0.7725,-0.0413
457,USDJPY,SELL,147.215,0.79,75.0,89.0,1.5,1.5,20,sl,-1.0,7,148.959498,false,false,0.0,-0.423
458,AUDCAD,BUY,0.89819,0.56,65.0,89.0,1.5,1.5,20,tp,1.5,8,0.909507,false,false,1.5123,-0.3967
459,AUDJPY,BUY,95.801,0.77,75.0,89.0,1.5,1.5,20,tp,1.5,11,97.460752,false,false,1.7469,-0.1564
460,AUDUSD,BUY,0.64811,0.87,55.0,78.0,1.5,1.5,20,tp,1.5,10,0.660797,false,false,1.6659,-0.2152
461,CADCHF,SELL,0.58162,0.62,65.0,89.0,1.5,1.5,20,tp,1.5,9,0.573506,false,false,0.7524,0.0
462,CHFJPY,BUY,183.3248,0.53,75.0,89.0,1.5,1.5,20,tp,1.5,9,185.597717,false,true,1.9787,-0.3059
463,EURCAD,BUY,1.60947,0.53,70.0,89.0,1.5,1.5,20,tp,1.5,15,1.628663,false,false,1.5826,-0.6205
464,EURGBP,BUY,0.86327,0.47,55.0,67.0,1.5,1.5,20,tp,1.5,18,0.872399,false,false,1.5462,-0.373
465,EURJPY,BUY,171.679,0.55,60.0,78.0,1.5,1.5,20,tp,1.5,9,173.803528,false,false,1.5653,-0.3982
466,EURUSD,BUY,1.16184,0.74,55.0,78.0,1.5,1.5,20,tp,1.5,15,1.181185,false,false,1.8157,-0.3385
467,GBPCAD,BUY,1.86439,0.53,60.0,67.0,1.5,1.5,20,sl,-1.0,3,1.849568,false,false,0.0,-1.0275
468,GBPJPY,BUY,198.862,0.63,60.0,67.0,1.5,1.5,20,expired,0.4135,20,199.639008,false,false,1.2585,-0.4784
469,GBPUSD,BUY,1.34535,0.69,60.0,78.0,1.5,1.5,20,tp,1.5,15,1.366237,false,false,1.56,-0.8413
470,NZDCAD,SELL,0.81045,0.7,75.0,89.0,1.5,1.5,20,sl,-1.0,9,0.81896,false,false,0.1011,-0.4414
471,NZDUSD,BUY,0.58492,1.02,65.0,89.0,1.5,1.5,20,tp,1.5,16,0.598989,false,true,1.5821,-0.333
472,USDCHF,SELL,0.80617,0.69,55.0,78.0,1.5,1.5,20,tp,1.5,9,0.793654,false,false,0.821,0.0
473,XAUUSD,BUY,3635.5,1.16,65.0,78.0,1.5,1.5,20,tp,1.5,9,3730.38655,false,false,1.6504,-0.977
474,AUDCAD,BUY,0.89845,0.54,65.0,89.0,1.5,1.5,20,tp,1.5,7,0.909366,false,false,1.5321,-0.4136
475,AUDJPY,BUY,95.776,0.74,75.0,89.0,1.5,1.5,20,tp,1.5,8,97.37067,false,false,1.5483,-0.0668
476,AUDUSD,BUY,0.64958,0.84,75.0,89.0,1.5,1.5,20,tp,1.5,9,0.661857,false,false,1.5419,-0.1356
477,CADJPY,BUY,106.587,0.63,55.0,78.0,1.5,1.5,20,expired,0.0675,20,106.654999,false,false,1.4227,-0.5719
478,EURAUD,BUY,1.79171,0.59,55.0,78.0,1.5,1.5,20,sl,-1.0,10,1.775853,false,false,0.0971,-1.5621
479,EURCAD,BUY,1.60987,0.51,60.0,78.0,1.5,1.5,20,tp,1.5,14,1.628343,false,false,1.6118,-0.6772
480,EURGBP,BUY,0.8635,0.43,55.0,67.0,1.5,1.5,20,tp,1.5,17,0.871854,false,false,1.6482,-0.3591
481,EURNZD,BUY,1.98655,0.68,75.0,100.0,1.5,1.5,20,sl,-1.0,10,1.966287,false,false,0.4471,-1.0122
482,GBPAUD,BUY,2.07477,0.55,70.0,89.0,1.5,1.5,20,sl,-1.0,4,2.057653,false,false,0.0129,-1.3005
483,GBPCAD,BUY,1.86438,0.49,60.0,67.0,1.5,1.5,20,sl,-1.0,2,1.850677,false,false,0.0,-1.1107
484,GBPJPY,BUY,198.72,0.59,60.0,78.0,1.5,1.5,20,expired,0.5049,20,199.608002,false,false,1.4255,-0.4304
485,GBPUSD,BUY,1.34787,0.65,60.0,78.0,1.5,1.5,20,sl,-1.0,4,1.334728,false,false,0.5394,-1.0425
486,NZDJPY,BUY,86.36501,0.84,55.0,67.0,1.5,1.5,20,tp,1.5,12,87.997309,false,false,1.6082,-0.2187
487,USDCAD,SELL,1.38334,0.41,78.0,89.0,1.5,1.5,20,expired,-0.067,20,1.38391,false,false,0.8451,-0.047
488,USDCHF,SELL,0.80376,0.69,75.0,89.0,1.5,1.5,20,tp,1.5,14,0.791282,false,false,1.0831,0.0
489,XAUUSD,BUY,3606.69995,1.2,78.0,94.0,1.5,1.5,20,tp,1.5,3,3704.080849,false,false,1.6713,-0.1741
490,AUDCHF,SELL,0.52191,0.85,60.0,78.0,1.5,1.5,20,sl,-1.0,9,0.528564,false,false,0.0,-0.4493
491,AUDNZD,BUY,1.11088,0.46,75.0,89.0,1.5,1.5,20,tp,1.5,15,1.122378,false,false,2.2013,-0.5584
492,AUDUSD,BUY,0.65114,0.84,75.0,89.0,1.5,1.5,20,tp,1.5,9,0.663447,false,false,1.5312,-0.3254
493,CADJPY,BUY,106.89,0.6,75.0,89.0,1.5,1.5,20,expired,0.1351,20,107.019997,false,false,1.1746,-0.9137
494,EURAUD,BUY,1.78868,0.57,55.0,78.0,1.5,1.5,20,sl,-1.0,9,1.773387,false,false,0.2988,-1.4215
495,EURCHF,SELL,0.93357,0.39,65.0,100.0,1.5,1.5,20,sl,-1.0,6,0.939031,false,false,0.0,-0.6171
496,EURJPY,BUY,171.586,0.51,55.0,78.0,1.5,1.5,20,tp,1.5,7,173.755997,false,true,1.7598,-0.2605
497,EURNZD,BUY,1.98721,0.64,75.0,100.0,1.5,1.5,20,sl,-1.0,9,1.968133,false,false,0.4403,-1.1097
498,GBPAUD,BUY,2.07362,0.55,70.0,89.0,1.5,1.5,20,sl,-1.0,3,2.056513,false,false,0.0,-1.234
499,GBPCHF,SELL,1.08227,0.49,75.0,89.0,1.5,1.5,20,tp,1.5,17,1.070338,false,false,1.1276,0.0
500,GBPNZD,BUY,2.30387,0.66,75.0,89.0,1.5,1.5,20,sl,-1.0,4,2.281062,false,false,0.0,-1.0685
501,NZDCAD,SELL,0.80756,0.67,65.0,78.0,1.5,1.5,20,sl,-1.0,6,0.815676,false,false,0.0,-0.276
502,NZDJPY,BUY,86.323,0.8,55.0,67.0,1.5,1.5,20,tp,1.5,10,87.876814,false,false,1.506,0.0
503,USDCAD,SELL,1.37814,0.44,85.0,100.0,1.5,1.5,20,sl,-1.0,10,1.387236,false,false,0.2188,-0.542
504,USDJPY,SELL,147.31599,0.74,75.0,89.0,1.5,1.5,20,sl,-1.0,4,148.951197,false,false,0.0,-0.3896
505,AUDCAD,BUY,0.89813,0.53,75.0,89.0,1.5,1.5,20,tp,1.5,5,0.90884,false,false,1.6064,-0.3767
506,AUDCHF,SELL,0.52362,0.83,60.0,78.0,1.5,1.5,20,sl,-1.0706,10,0.530599,false,true,0.0,-0.7025
507,AUDNZD,BUY,1.10996,0.45,75.0,89.0,1.5,1.5,20,tp,1.5,14,1.121198,false,false,2.3749,-0.4485
508,CADCHF,SELL,0.58289,0.61,60.0,78.0,1.5,1.5,20,tp,1.5,6,0.57489,false,false,1.0012,0.0
509,CHFJPY,BUY,183.091,0.51,55.0,78.0,1.5,1.5,20,tp,1.5,6,185.597717,false,true,2.2258,0.0
510,EURCAD,BUY,1.606,0.5,55.0,78.0,1.5,1.5,20,tp,1.5,5,1.624067,false,false,1.6264,-0.3711
511,EURCHF,SELL,0.93631,0.39,65.0,100.0,1.5,1.5,20,expired,0.5988,20,0.93303,false,false,0.5386,-0.115
512,EURJPY,BUY,171.472,0.51,55.0,78.0,1.5,1.5,20,tp,1.5,6,173.755997,false,true,1.8479,0.0
513,EURUSD,BUY,1.16816,0.69,75.0,89.0,1.5,1.5,20,tp,1.5,13,1.187141,false,true,1.5827,-0.5937
514,GBPCAD,BUY,1.85763,0.48,70.0,89.0,1.5,1.5,20,sl,-1.0,2,1.844255,false,false,0.4733,-1.1925
515,GBPCHF,SELL,1.08295,0.48,75.0,89.0,1.5,1.5,20,tp,1.5,15,1.071254,false,false,1.1158,0.0
516,GBPNZD,BUY,2.29574,0.68,70.0,78.0,1.5,1.5,20,sl,-1.0,9,2.272323,false,false,0.2814,-1.0352
517,NZDCAD,SELL,0.80898,0.68,65.0,89.0,1.5,1.5,20,sl,-1.0,6,0.817232,false,false,0.0,-0.6333
518,NZDUSD,BUY,0.58851,0.98,78.0,89.0,1.5,1.5,20,sl,-1.0,19,0.579859,false,false,1.2216,-1.3142
519,USDCHF,SELL,0.80159,0.67,65.0,89.0,1.5,1.5,20,tp,1.5,12,0.789506,false,false,0.8491,-0.2383
520,USDJPY,SELL,146.78999,0.72,65.0,89.0,1.5,1.5,20,sl,-1.0,2,148.375322,false,false,0.0,-0.1911
521,AUDCAD,BUY,0.89892,0.52,75.0,89.0,1.5,1.5,20,tp,1.5,4,0.909437,false,false,1.5232,-0.4963
522,AUDJPY,BUY,96.249,0.69,75.0,89.0,1.5,1.5,20,tp,1.5,8,97.743266,false,false,1.7437,0.0
523,AUDUSD,BUY,0.65436,0.81,75.0,89.0,1.5,1.5,20,tp,1.5,9,0.66656,false,true,1.5735,-0.7408
524,CADCHF,SELL,0.58268,0.6,60.0,78.0,1.5,1.5,20,tp,1.5,5,0.574814,false,false,0.9782,0.0
525,CHFJPY,BUY,183.68671,0.51,65.0,89.0,1.5,1.5,20,tp,1.5,5,185.794515,false,false,1.7947,0.0
526,EURCAD,BUY,1.60601,0.49,60.0,78.0,1.5,1.5,20,tp,1.5,4,1.623716,false,false,1.6587,-0.3795
527,EURGBP,BUY,0.86568,0.39,65.0,89.0,1.5,1.5,20,tp,1.5,16,0.873276,false,false,1.7318,-0.4943
528,EURNZD,BUY,1.9817,0.65,70.0,89.0,1.5,1.5,20,sl,-1.0,9,1.962378,false,false,0.7199,-1.0248
529,EURUSD,BUY,1.16918,0.67,65.0,89.0,1.5,1.5,20,tp,1.5,12,1.187141,false,true,1.5417,-0.6977
530,GBPCAD,BUY,1.8551,0.47,55.0,78.0,1.5,1.5,20,sl,-1.0,1,1.842022,false,false,0.562,-1.0261
531,GBPJPY,BUY,198.62801,0.5,55.0,78.0,1.5,1.5,20,tp,1.5,13,200.862575,false,false,1.7446,-0.2021
532,GBPUSD,BUY,1.35038,0.59,65.0,89.0,1.5,1.5,20,sl,-1.0,1,1.338429,false,false,0.377,-1.3564
533,NZDCAD,SELL,0.80994,0.67,65.0,89.0,1.5,1.5,20,sl,-1.0,5,0.81808,false,false,0.0,-0.5241
534,NZDUSD,BUY,0.58969,0.95,85.0,100.0,1.5,1.5,20,sl,-1.0,17,0.581287,false,false,1.1173,-1.0293
535,USDCHF,SELL,0.80064,0.65,65.0,89.0,1.5,1.5,20,tp,1.5,11,0.788931,false,false,0.7545,-0.3677
536,XAUUSD,BUY,3682.19995,1.35,75.0,89.0,1.5,1.5,20,tp,1.5,10,3794.046773,false,false,1.9098,-0.4184
537,AUDCHF,SELL,0.52463,0.79,55.0,78.0,1.5,1.5,20,sl,-1.0,8,0.530847,false,false,0.0257,-0.5742
538,AUDJPY,BUY,96.436,0.7,75.0,89.0,1.5,1.5,20,tp,1.5,7,97.954867,false,false,1.5307,-0.1027
539,AUDUSD,BUY,0.65568,0.83,75.0,89.0,1.5,1.5,20,tp,1.5,11,0.66889,false,true,1.6574,-0.6688
540,CADJPY,BUY,106.984,0.62,75.0,89.0,1.5,1.5,20,expired,-0.2141,20,106.771004,false,false,1.0413,-0.9779
541,EURAUD,BUY,1.78669,0.55,55.0,78.0,1.5,1.5,20,sl,-1.0,6,1.77195,false,false,0.308,-1.3399
542,EURCAD,BUY,1.61047,0.47,55.0,78.0,1.5,1.5,20,tp,1.5,10,1.627501,false,false,1.6955,-0.6984
543,EURGBP,BUY,0.8647,0.43,75.0,89.0,1.5,1.5,20,tp,1.5,14,0.873066,false,false,1.5366,-0.2731
544,EURNZD,BUY,1.98356,0.65,70.0,89.0,1.5,1.5,20,sl,-1.0,7,1.96422,false,false,0.6231,-1.0166
545,GBPAUD,BUY,2.06598,0.56,65.0,89.0,1.5,1.5,20,sl,-1.0,6,2.048626,false,false,0.0,-1.3259
546,GBPCHF,SELL,1.08394,0.51,60.0,78.0,1.5,1.5,20,tp,1.5,13,1.071502,false,false,1.1686,0.0
547,GBPJPY,BUY,199.261,0.53,75.0,89.0,1.5,1.5,20,expired,0.243,20,199.645996,false,false,1.2411,-0.469
548,GBPUSD,BUY,1.35479,0.62,75.0,89.0,1.5,1.5,20,sl,-1.3036,1,1.338366,false,true,0.0,-1.679
549,NZDJPY,BUY,86.856,0.82,68.0,78.0,1.5,1.5,20,sl,-1.0,20,85.787671,false,false,1.1785,-1.1204
550,USDCAD,SELL,1.37474,0.45,75.0,89.0,1.5,1.5,20,sl,-1.0,2,1.384019,false,false,0.0,-0.4795
551,USDCHF,SELL,0.80015,0.62,65.0,89.0,1.5,1.5,20,tp,1.5,10,0.788988,false,false,0.7257,-0.4515
552,XAUUSD,BUY,3682.0,1.36,75.0,89.0,1.5,1.5,20,tp,1.5,9,3794.6692,false,false,1.8985,-0.4127
553,AUDCHF,SELL,0.52489,0.76,60.0,78.0,1.5,1.5,20,sl,-1.0,7,0.530874,false,false,0.0702,-0.5532
554,AUDNZD,BUY,1.11192,0.46,75.0,89.0,1.5,1.5,20,tp,1.5,11,1.123428,false,false,2.0637,-0.4718
555,CADCHF,SELL,0.58411,0.56,55.0,78.0,1.5,1.5,20,tp,1.5,2,0.57675,false,false,0.2385,0.0
556,CADJPY,BUY,107.76,0.61,65.0,89.0,1.5,1.5,20,sl,-1.0,2,106.773996,false,false,0.0,-1.6095
557,EURAUD,BUY,1.78465,0.53,55.0,78.0,1.5,1.5,20,sl,-1.0,5,1.770462,false,false,0.4638,-1.2482
558,EURCHF,SELL,0.93682,0.37,50.0,78.0,1.5,1.5,20,expired,0.4385,20,0.93454,false,false,0.6655,-0.0231
559,EURJPY,BUY,172.817,0.51,65.0,89.0,1.5,1.5,20,tp,1.5,16,174.800075,false,false,1.5832,-0.5174
560,EURNZD,BUY,1.98453,0.62,70.0,89.0,1.5,1.5,20,sl,-1.0,5,1.966074,false,false,0.6003,-1.0018
561,GBPAUD,BUY,2.05289,0.56,65.0,78.0,1.5,1.5,20,sl,-1.0,7,2.035646,false,false,0.693,-1.0954
562,GBPCHF,SELL,1.07763,0.53,65.0,78.0,1.5,1.5,20,expired,0.8311,20,1.07051,false,false,0.8392,-0.2183
563,GBPNZD,BUY,2.28325,0.67,70.0,89.0,1.5,1.5,20,tp,1.5,17,2.31767,false,false,1.7676,-0.6341
564,NZDCAD,SELL,0.8077,0.65,65.0,78.0,1.5,1.5,20,sl,-1.0,2,0.815575,false,false,0.0,-0.0609
565,NZDJPY,BUY,87.06,0.78,68.0,78.0,1.5,1.5,20,sl,-1.0,18,86.041398,false,false,1.0357,-1.1673
566,USDCAD,SELL,1.37845,0.44,75.0,89.0,1.5,1.5,20,sl,-1.0,6,1.387548,false,false,0.0,-0.5078
567,USDJPY,SELL,148.548,0.75,55.0,78.0,1.5,1.5,20,expired,0.3297,20,147.996994,false,false,1.1172,-0.5248
568,AUDCAD,BUY,0.90263,0.5,65.0,89.0,1.5,1.5,20,tp,1.5,3,0.912785,false,false,1.6046,-0.3146
569,AUDCHF,SELL,0.526,0.74,55.0,78.0,1.5,1.5,20,expired,-0.1798,20,0.52705,false,false,0.4832,-0.3768
570,AUDNZD,BUY,1.11275,0.47,75.0,89.0,1.5,1.5,20,tp,1.5,10,1.124517,false,false,1.9125,-0.5673
571,CADCHF,SELL,0.58271,0.56,55.0,78.0,1.5,1.5,20,tp,1.5,1,0.575368,false,false,0.0,0.0
572,CHFJPY,BUY,184.07437,0.48,65.0,89.0,1.5,1.5,20,tp,1.5,2,186.062373,false,false,1.6103,-0.0314
573,EURCAD,BUY,1.60826,0.48,55.0,78.0,1.5,1.5,20,tp,1.5,5,1.625629,false,false,1.5882,0.0
574,EURCHF,SELL,0.93725,0.36,50.0,78.0,1.5,1.5,20,expired,0.4406,20,0.93502,false,false,0.7686,0.0
575,EURJPY,BUY,172.547,0.5,65.0,89.0,1.5,1.5,20,tp,1.5,13,174.488154,false,false,1.5022,-0.3199
576,EURUSD,BUY,1.16604,0.66,55.0,78.0,1.5,1.5,20,tp,1.5,8,1.183356,false,false,1.6646,-0.062
577,GBPCAD,BUY,1.85386,0.55,55.0,67.0,1.5,1.5,20,tp,1.5,4,1.876802,false,false,1.564,0.0
578,GBPCHF,SELL,1.08036,0.54,65.0,89.0,1.5,1.5,20,tp,1.5,14,1.067234,false,false,1.0673,0.0
579,GBPNZD,BUY,2.28538,0.67,65.0,89.0,1.5,1.5,20,tp,1.5,16,2.319832,false,false,1.6732,-0.7262
580,NZDCAD,SELL,0.81098,0.64,60.0,78.0,1.5,1.5,20,sl,-1.0,2,0.818765,false,false,0.0,-0.4144
581,NZDUSD,BUY,0.58811,0.93,85.0,100.0,1.5,1.5,20,sl,-1.0,15,0.579906,false,false,1.337,-1.3371
582,USDCHF,SELL,0.8038,0.64,60.0,78.0,1.5,1.5,20,tp,1.5,3,0.792225,false,false,0.9719,0.0
583,USDJPY,SELL,147.98,0.75,55.0,78.0,1.5,1.5,20,sl,-1.0,15,149.644775,false,false,0.7803,-0.3496
584,AUDCAD,BUY,0.90093,0.55,75.0,89.0,1.5,1.5,20,tp,1.5,2,0.912079,false,false,1.6902,0.0
585,AUDJPY,BUY,96.767,0.69,65.0,89.0,1.5,1.5,20,tp,1.5,5,98.269308,false,false,1.6455,0.0
586,AUDUSD,BUY,0.6522,0.82,75.0,89.0,1.5,1.5,20,tp,1.5,4,0.664233,false,false,1.7028,0.0
587,CADCHF,SELL,0.5827,0.62,55.0,78.0,1.5,1.5,20,tp,1.5,1,0.574571,false,false,0.9503,0.0
588,CHFJPY,BUY,184.27299,0.47,65.0,89.0,1.5,1.5,20,tp,1.5,8,186.279007,false,true,1.5426,0.0
589,EURCAD,BUY,1.61031,0.52,75.0,89.0,1.5,1.5,20,tp,1.5,7,1.629151,false,false,1.5453,0.0
590,EURGBP,BUY,0.86701,0.43,65.0,89.0,1.5,1.5,20,expired,0.8798,20,0.87193,false,false,1.418,-0.6854
591,EURNZD,BUY,1.99219,0.62,75.0,100.0,1.5,1.5,20,sl,-1.0,2,1.973663,false,false,0.0,-1.0466
592,EURUSD,BUY,1.16569,0.69,55.0,78.0,1.5,1.5,20,tp,1.5,7,1.183787,false,false,1.6217,0.0
593,GBPCAD,BUY,1.8572,0.6,55.0,67.0,1.5,1.5,20,tp,1.5,6,1.882272,false,false,1.5154,0.0
594,GBPJPY,BUY,199.46899,0.52,75.0,89.0,1.5,1.5,20,sl,-1.0,18,197.913132,false,false,1.1299,-1.0001
595,GBPUSD,BUY,1.34445,0.73,55.0,78.0,1.5,1.5,20,tp,1.5,7,1.366533,false,false,1.5367,0.0
596,NZDCAD,SELL,0.80812,0.69,65.0,89.0,1.5,1.5,20,sl,-1.0,1,0.816484,false,false,0.0,-0.7276
597,NZDUSD,BUY,0.58511,0.97,65.0,78.0,1.5,1.5,20,tp,1.5,7,0.59788,false,false,1.5541,0.0
598,USDCHF,SELL,0.80513,0.7,55.0,78.0,1.5,1.5,20,tp,1.5,2,0.792449,false,false,1.0445,0.0
599,XAUUSD,BUY,3719.0,1.39,80.0,99.0,1.5,1.5,20,tp,1.5,10,3835.311725,false,false,1.8661,-0.7544
600,AUDCHF,SELL,0.52379,0.72,75.0,89.0,1.5,1.5,20,sl,-1.0,3,0.529447,false,false,0.0,-0.5674
601,AUDJPY,BUY,97.231,0.68,65.0,89.0,1.5,1.5,20,tp,1.5,20,98.718634,false,false,2.1265,-0.4154
602,AUDUSD,BUY,0.65545,0.84,65.0,89.0,1.5,1.5,20,tp,1.5,7,0.66889,false,true,1.6661,0.0
603,CADJPY,BUY,107.22,0.66,75.0,89.0,1.5,1.5,20,sl,-1.0,1,106.158522,false,false,0.0,-1.139
604,EURAUD,BUY,1.78685,0.53,55.0,78.0,1.5,1.5,20,sl,-1.0,2,1.772645,false,false,0.0,-1.4016
605,EURCAD,BUY,1.62038,0.54,65.0,89.0,1.5,1.5,20,tp,1.5,19,1.640068,false,false,1.5009,-0.2598
606,EURGBP,BUY,0.86804,0.43,65.0,89.0,1.5,1.5,20,expired,0.668,20,0.87178,false,false,1.2324,-0.8686
607,EURNZD,BUY,1.9883,0.64,75.0,100.0,1.5,1.5,20,sl,-1.0,2,1.969212,false,false,0.0,-1.1662
608,GBPAUD,BUY,2.05838,0.57,55.0,67.0,1.5,1.5,20,sl,-1.0,3,2.040781,false,false,0.0,-1.1904
609,GBPCHF,SELL,1.07828,0.58,65.0,89.0,1.5,1.5,20,expired,0.7995,20,1.07078,false,false,0.8357,-0.1087
610,GBPJPY,BUY,200.15401,0.54,75.0,89.0,1.5,1.5,20,sl,-1.0,17,198.532763,false,false,0.6618,-1.3823
611,GBPUSD,BUY,1.34929,0.75,75.0,89.0,1.5,1.5,20,sl,-1.0395,14,1.333511,false,true,1.1715,-1.0641
612,NZDJPY,BUY,87.343,0.77,75.0,89.0,1.5,1.5,20,sl,-1.0,13,86.334188,false,false,0.7653,-1.1203
613,USDCAD,SELL,1.3834,0.45,55.0,78.0,1.5,1.5,20,sl,-1.0,13,1.392738,false,false,0.695,-0.5247
614,USDCHF,SELL,0.79918,0.78,65.0,89.0,1.5,1.5,20,expired,0.2128,20,0.79719,false,false,1.2171,0.0
615,XAUUSD,BUY,3725.1001,1.35,78.0,94.0,1.5,1.5,20,tp,1.5,9,3838.250016,false,false,1.8374,-0.8564
616,AUDCHF,SELL,0.52304,0.66,75.0,89.0,1.5,1.5,20,sl,-1.0,1,0.528218,false,false,0.0,-0.3592
617,AUDNZD,BUY,1.10979,0.42,70.0,78.0,1.5,1.5,20,tp,1.5,7,1.12103,false,true,2.5692,0.0
618,CADCHF,SELL,0.5746,0.71,65.0,89.0,1.5,1.5,20,expired,0.7631,20,0.56993,false,false,0.5246,0.0
619,CADJPY,BUY,106.811,0.66,55.0,78.0,1.5,1.5,20,sl,-1.0,16,105.753571,false,false,0.7518,-1.4592
620,EURAUD,BUY,1.78358,0.5,55.0,67.0,1.5,1.5,20,sl,-1.0,1,1.770203,false,false,0.0,-1.2439
621,EURCHF,SELL,0.93301,0.38,55.0,89.0,1.5,1.5,20,expired,0.408,20,0.93084,false,false,0.2839,-0.2783
622,EURJPY,BUY,173.42999,0.52,65.0,89.0,1.5,1.5,20,tp,1.5,19,175.459121,false,false,2.0817,-0.8582
623,EURNZD,BUY,1.9796,0.58,65.0,89.0,1.5,1.5,20,sl,-1.0,3,1.962377,false,false,0.0,-1.0277
624,GBPAUD,BUY,2.05419,0.52,55.0,67.0,1.5,1.5,20,sl,-1.0,2,2.038167,false,false,0.0,-1.046
625,GBPCHF,SELL,1.07438,0.54,65.0,89.0,1.5,1.5,20,expired,0.2907,20,1.07185,false,false,0.4527,-0.5654
626,GBPNZD,BUY,2.27964,0.63,65.0,89.0,1.5,1.5,20,tp,1.5,7,2.311954,false,false,1.6298,-0.5078
627,NZDCAD,SELL,0.81995,0.74,55.0,78.0,1.5,1.5,20,tp,1.5,9,0.80622,false,true,1.1218,-0.3054
628,NZDJPY,BUY,87.588,0.64,65.0,89.0,1.5,1.5,20,sl,-1.0,8,86.747155,false,false,0.6267,-1.326
629,USDCAD,SELL,1.3795,0.43,60.0,78.0,1.5,1.5,20,sl,-1.0,2,1.388398,false,false,0.0,-0.4012
630,USDJPY,BUY,147.364,0.85,55.0,78.0,1.5,1.5,20,tp,1.5,19,150.182336,false,false,1.6515,-0.6105
631,AUDCAD,BUY,0.91169,0.61,65.0,78.0,1.5,1.5,20,expired,0.7624,20,0.91805,false,false,1.4899,-0.4903
632,AUDCHF,SELL,0.52501,0.67,55.0,67.0,1.5,1.5,20,sl,-1.0593,2,0.530599,false,true,0.0,-0.6046
633,AUDNZD,BUY,1.11103,0.37,60.0,89.0,1.5,1.5,20,tp,1.5,6,1.12103,false,true,2.712,0.0
634,CADCHF,SELL,0.57589,0.7,65.0,89.0,1.5,1.5,20,expired,0.597,20,0.57228,false,false,0.7442,0.0
635,CHFJPY,BUY,184.813,0.54,65.0,89.0,1.5,1.5,20,tp,1.5,10,187.058478,false,false,1.5942,-0.2605
636,EURCAD,BUY,1.62028,0.53,75.0,89.0,1.5,1.5,20,tp,1.5,17,1.639602,false,false,1.5371,-0.257
637,EURCHF,SELL,0.9332,0.37,55.0,89.0,1.5,1.5,20,expired,0.4923,20,0.93065,false,false,0.3282,-0.2491
638,EURJPY,BUY,172.481,0.54,60.0,78.0,1.5,1.5,20,tp,1.5,10,174.576644,false,false,1.5797,-0.0802
639,EURUSD,BUY,1.17027,0.73,75.0,89.0,1.5,1.5,20,expired,-0.3753,20,1.16546,false,false,1.3286,-0.7732
640,GBPCAD,BUY,1.87205,0.62,75.0,89.0,1.5,1.5,20,expired,0.0241,20,1.87247,false,false,0.6755,-0.9644
641,GBPCHF,SELL,1.0778,0.53,65.0,89.0,1.5,1.5,20,expired,0.7107,20,1.07171,false,false,0.859,-0.1751
642,GBPNZD,BUY,2.28154,0.57,55.0,67.0,1.5,1.5,20,tp,1.5,6,2.310801,false,false,1.7024,-0.6582
643,NZDCAD,SELL,0.82039,0.7,55.0,67.0,1.5,1.5,20,tp,1.5,7,0.807469,false,false,0.9233,-0.2716
644,NZDUSD,BUY,0.5926,0.94,65.0,89.0,1.5,1.5,20,sl,-1.0,10,0.584244,false,false,0.7754,-1.3834
645,USDCHF,SELL,0.7973,0.81,65.0,89.0,1.5,1.5,20,expired,-0.1332,20,0.79859,false,false,0.9807,-0.1311
646,USDJPY,BUY,147.392,0.82,55.0,78.0,1.5,1.5,20,tp,1.5,18,150.111382,false,false,1.6962,-0.6481
647,AUDCAD,BUY,0.9174,0.63,65.0,78.0,1.5,1.5,20,sl,-1.0,6,0.908731,false,false,0.609,-1.1208
648,AUDJPY,BUY,97.52,0.6,65.0,78.0,1.5,1.5,20,tp,1.5,17,98.83652,false,false,2.0736,-0.7451
649,AUDUSD,BUY,0.66193,0.83,65.0,78.0,1.5,1.5,20,sl,-1.0,11,0.653689,false,false,0.8833,-1.1868
650,CADCHF,SELL,0.57612,0.69,65.0,89.0,1.5,1.5,20,expired,0.3035,20,0.57431,false,false,0.7933,0.0
651,CHFJPY,BUY,184.46529,0.54,65.0,89.0,1.5,1.5,20,tp,1.5,5,186.706543,false,false,1.7139,0.0
652,EURCAD,BUY,1.62207,0.51,65.0,89.0,1.5,1.5,20,expired,0.0604,20,1.62282,false,false,1.4514,-0.411
653,EURGBP,BUY,0.86466,0.42,55.0,78.0,1.5,1.5,20,tp,1.5,7,0.872831,false,false,1.5806,-0.2722
654,EURNZD,BUY,1.96893,0.55,65.0,78.0,1.5,1.5,20,tp,1.5,5,1.993296,false,false,2.3621,-0.4328
655,EURUSD,BUY,1.17034,0.69,65.0,89.0,1.5,1.5,20,sl,-1.0,20,1.158227,false,false,1.3998,-1.2729
656,GBPCAD,BUY,1.87585,0.61,65.0,89.0,1.5,1.5,20,sl,-1.0,6,1.858686,false,false,0.3892,-1.1827
657,GBPJPY,BUY,199.405,0.48,75.0,89.0,1.5,1.5,20,sl,-1.0,14,197.969284,false,false,1.2691,-1.0392
658,GBPUSD,BUY,1.35347,0.71,65.0,89.0,1.5,1.5,20,sl,-1.0,10,1.339056,false,false,0.9437,-1.334
659,NZDCAD,SELL,0.8232,0.69,55.0,67.0,1.5,1.5,20,tp,1.5,5,0.81042,false,false,0.6913,0.0
660,NZDUSD,BUY,0.59438,0.91,65.0,89.0,1.5,1.5,20,sl,-1.0,6,0.586267,false,false,0.5791,-1.097
661,USDCHF,SELL,0.79867,0.77,65.0,89.0,1.5,1.5,20,expired,-0.3068,20,0.8015,false,false,1.1784,-0.155
662,XAUUSD,BUY,3705.80005,1.46,75.0,89.0,1.5,1.5,20,tp,1.5,6,3827.535582,false,false,1.9456,0.0
663,AUDCHF,SELL,0.5306,0.68,55.0,67.0,1.5,1.5,20,tp,1.5,6,0.522482,false,false,0.9869,0.0
664,AUDJPY,BUY,98.134,0.61,65.0,78.0,1.5,1.5,20,sl,-1.0,13,97.236074,false,false,0.2706,-1.2239
665,AUDUSD,BUY,0.6668,0.79,65.0,78.0,1.5,1.5,20,sl,-1.0,5,0.658898,false,false,0.305,-1.0264
666,CADJPY,BUY,106.409,0.65,55.0,78.0,1.5,1.5,20,sl,-1.0,13,105.371512,false,false,1.1538,-1.0998
667,EURAUD,BUY,1.7599,0.55,55.0,67.0,1.5,1.5,20,tp,1.5,4,1.781679,false,false,1.5628,0.0
668,EURCAD,BUY,1.62321,0.5,75.0,89.0,1.5,1.5,20,expired,-0.1487,20,1.6214,false,false,1.3857,-0.5126
669,EURGBP,BUY,0.86426,0.42,55.0,78.0,1.5,1.5,20,tp,1.5,5,0.872427,false,false,1.5464,-0.1989
670,EURNZD,BUY,1.96274,0.54,55.0,67.0,1.5,1.5,20,tp,1.5,4,1.992,false,true,2.8028,0.0
671,GBPAUD,BUY,2.03654,0.55,55.0,67.0,1.5,1.5,20,expired,-0.5327,20,2.02759,false,false,1.3285,-0.719
672,GBPCHF,SELL,1.08052,0.52,55.0,78.0,1.5,1.5,20,tp,1.5,8,1.067878,false,false,1.1272,0.0
673,GBPJPY,BUY,199.866,0.5,65.0,89.0,1.5,1.5,20,sl,-1.0,13,198.367005,false,false,0.9079,-1.3029
674,GBPUSD,BUY,1.35766,0.68,65.0,89.0,1.5,1.5,20,sl,-1.0,8,1.343812,false,false,0.6797,-1.0675
675,NZDJPY,BUY,87.98,0.58,65.0,78.0,1.5,1.5,20,sl,-1.0896,4,87.146004,false,true,0.0183,-1.4894
676,USDCAD,SELL,1.38337,0.4,55.0,78.0,1.5,1.5,20,sl,-1.0,9,1.39167,false,false,0.7783,-0.594
677,USDCHF,SELL,0.79595,0.74,65.0,89.0,1.5,1.5,20,sl,-1.0,19,0.804785,false,false,0.9225,-0.4697
678,XAUUSD,BUY,3775.1001,1.4,80.0,99.0,1.5,1.5,20,tp,1.5,6,3894.015753,false,false,1.5654,-0.3204
679,AUDCHF,SELL,0.52964,0.69,55.0,67.0,1.5,1.5,20,tp,1.5,5,0.521417,false,false,0.7992,0.0
680,AUDNZD,BUY,1.11677,0.36,65.0,89.0,1.5,1.5,20,tp,1.5,3,1.125816,false,false,1.8212,-0.3267
681,CADCHF,SELL,0.57556,0.69,75.0,100.0,1.5,1.5,20,expired,0.4096,20,0.57312,false,false,0.7,0.0
682,CADJPY,BUY,106.69,0.63,55.0,78.0,1.5,1.5,20,sl,-1.0,12,105.68178,false,false,0.9085,-1.4104
683,EURAUD,BUY,1.7634,0.52,55.0,67.0,1.5,1.5,20,tp,1.5,4,1.784032,false,false,1.6235,-0.0676
684,EURCHF,SELL,0.93417,0.34,55.0,89.0,1.5,1.5,20,expired,0.7053,20,0.93081,false,false,0.5604,-0.0672
685,EURJPY,BUY,173.145,0.53,65.0,89.0,1.5,1.5,20,tp,1.5,15,175.212006,false,true,2.2528,-0.6364
686,EURNZD,BUY,1.96961,0.54,55.0,67.0,1.5,1.5,20,tp,1.5,3,1.993541,false,false,2.3624,0.0
687,GBPAUD,BUY,2.03821,0.55,55.0,67.0,1.5,1.5,20,expired,0.8195,20,2.05199,false,false,1.2281,-0.8177
688,GBPCHF,SELL,1.07973,0.52,60.0,78.0,1.5,1.5,20,tp,1.5,7,1.067097,false,false,1.0342,0.0
689,GBPNZD,BUY,2.27648,0.59,55.0,67.0,1.5,1.5,20,tp,1.5,3,2.3067,false,false,1.8996,0.0
690,NZDCAD,SELL,0.82375,0.7,55.0,67.0,1.5,1.5,20,tp,1.5,3,0.810776,false,false,0.7446,0.0
691,NZDJPY,BUY,87.888,0.56,65.0,78.0,1.5,1.5,20,sl,-1.0051,3,87.146004,false,true,0.1436,-1.4196
692,USDCAD,SELL,1.3839,0.4,55.0,78.0,1.5,1.5,20,sl,-1.0,8,1.392203,false,false,0.8418,-0.5299
693,USDJPY,BUY,147.666,0.72,55.0,78.0,1.5,1.5,20,tp,1.5,15,150.058189,false,false,1.7563,-0.9086
694,AUDCAD,BUY,0.9191,0.62,75.0,89.0,1.5,1.5,20,sl,-1.0,3,0.910552,false,false,0.0503,-1.3357
695,AUDCHF,SELL,0.53028,0.72,55.0,67.0,1.5,1.5,20,tp,1.5,4,0.521689,false,false,0.8767,0.0
696,AUDNZD,BUY,1.11792,0.36,65.0,89.0,1.5,1.5,20,tp,1.5,2,1.126975,false,false,1.6289,-0.4837
697,CADCHF,SELL,0.57682,0.71,75.0,100.0,1.5,1.5,20,expired,0.6463,20,0.57285,false,false,0.8839,0.0
698,CHFJPY,BUY,185.478,0.55,65.0,89.0,1.5,1.5,20,tp,1.5,14,187.77329,false,false,2.2533,-0.9936
699,EURCAD,BUY,1.62028,0.5,65.0,89.0,1.5,1.5,20,tp,1.5,11,1.638508,false,false,1.5051,-0.2724
700,EURCHF,SELL,0.93472,0.32,65.0,89.0,1.5,1.5,20,expired,1.0119,20,0.93018,false,false,0.8692,0.0
701,EURJPY,BUY,173.396,0.53,65.0,89.0,1.5,1.5,20,tp,1.5,14,175.463747,false,false,2.0675,-0.8176
702,EURUSD,BUY,1.17637,0.65,65.0,89.0,1.5,1.5,20,sl,-1.0,16,1.1649,false,false,0.9526,-1.3957
703,GBPCAD,BUY,1.87355,0.62,65.0,89.0,1.5,1.5,20,sl,-1.0,3,1.856126,false,false,0.4299,-1.0331
704,GBPCHF,SELL,1.08083,0.54,55.0,78.0,1.5,1.5,20,tp,1.5,6,1.067698,false,false,1.1205,0.0
705,GBPNZD,BUY,2.27881,0.6,55.0,67.0,1.5,1.5,20,tp,1.5,2,2.309574,false,false,1.7524,0.0
706,NZDCAD,SELL,0.822,0.69,55.0,67.0,1.5,1.5,20,tp,1.5,3,0.809238,false,false,1.124,0.0
707,NZDUSD,BUY,0.59691,0.85,65.0,89.0,1.5,1.5,20,sl,-1.0,2,0.589299,false,false,0.2849,-1.2511
708,USDCHF,SELL,0.79466,0.77,65.0,89.0,1.5,1.5,20,sl,-1.0,17,0.803838,false,false,0.7474,-0.5927
709,USDJPY,BUY,147.405,0.74,55.0,78.0,1.5,1.5,20,tp,1.5,8,149.860992,false,true,1.5463,-0.7261
710,AUDCAD,BUY,0.9189,0.62,75.0,89.0,1.5,1.5,20,sl,-1.0,2,0.910354,false,false,0.0,-1.3126
711,AUDJPY,BUY,97.934,0.65,65.0,78.0,1.5,1.5,20,sl,-1.0,11,96.979143,false,false,0.2953,-1.1185
712,AUDUSD,BUY,0.6689,0.76,65.0,78.0,1.5,1.5,20,sl,-1.0,1,0.661275,false,false,0.0,-1.0544
713,CADCHF,SELL,0.57196,0.76,75.0,89.0,1.5,1.5,20,expired,0.2009,20,0.57065,false,false,0.2116,-0.2669
714,CHFJPY,BUY,186.27901,0.55,65.0,89.0,1.5,1.5,20,sl,-1.0,10,184.742208,false,false,0.8408,-1.5105
715,EURCAD,BUY,1.63088,0.51,75.0,89.0,1.5,1.5,20,sl,-1.0,2,1.618404,false,false,0.0297,-1.1125
716,EURGBP,BUY,0.86941,0.43,65.0,89.0,1.5,1.5,20,expired,0.2728,20,0.87094,false,false,0.9861,-0.6652
717,EURNZD,BUY,1.9812,0.6,75.0,89.0,1.5,1.5,20,tp,1.5,2,2.007946,false,false,1.5815,0.0
718,EURUSD,BUY,1.18714,0.68,65.0,78.0,1.5,1.5,20,sl,-1.0,2,1.175031,false,false,0.0,-1.1649
719,GBPCAD,BUY,1.87573,0.62,65.0,89.0,1.5,1.5,20,sl,-1.0,2,1.858286,false,false,0.2603,-1.1568
720,GBPJPY,BUY,199.89799,0.52,65.0,89.0,1.5,1.5,20,sl,-1.0,10,198.338786,false,false,0.8524,-1.2731
721,GBPUSD,BUY,1.36539,0.71,65.0,89.0,1.5,1.5,20,sl,-1.0,2,1.350849,false,false,0.0245,-1.2933
722,NZDCAD,SELL,0.82273,0.69,55.0,67.0,1.5,1.5,20,tp,1.5,2,0.809957,false,false,1.2088,0.0
723,NZDUSD,BUY,0.59894,0.84,65.0,89.0,1.5,1.5,20,sl,-1.0,1,0.591393,false,false,0.0,-1.5306
724,USDCHF,SELL,0.78591,0.82,65.0,89.0,1.5,1.5,20,sl,-1.0,2,0.795577,false,false,0.0,-0.6197
725,XAUUSD,BUY,3771.1001,1.38,75.0,100.0,1.5,1.5,20,tp,1.5,3,3888.192758,false,false,1.641,-0.091
726,AUDCHF,SELL,0.5244,0.78,75.0,89.0,1.5,1.5,20,tp,1.5,20,0.515197,false,false,0.8182,-0.2934
727,AUDJPY,BUY,97.715,0.67,65.0,78.0,1.5,1.5,20,tp,1.5,12,99.188054,false,false,1.6547,-0.8645
728,AUDUSD,BUY,0.66525,0.82,65.0,89.0,1.5,1.5,20,sl,-1.0,5,0.657067,false,false,0.0,-1.3296
729,CADJPY,BUY,106.672,0.7,55.0,78.0,1.5,1.5,20,sl,-1.0,9,105.551944,false,false,0.8339,-1.2535
730,EURAUD,BUY,1.77752,0.59,75.0,89.0,1.5,1.5,20,sl,-1.0,15,1.761789,false,false,0.9847,-1.2923
731,EURCAD,BUY,1.62805,0.53,75.0,89.0,1.5,1.5,20,expired,0.5764,20,1.63551,false,false,0.9295,-0.8561
732,EURGBP,BUY,0.86762,0.42,65.0,89.0,1.5,1.5,20,expired,0.214,20,0.86879,false,false,1.3392,-0.3549
733,EURNZD,BUY,1.992,0.66,75.0,89.0,1.5,1.5,20,tp,1.5,5,2.021581,false,false,1.6521,0.0
734,GBPAUD,SELL,2.04857,0.57,50.0,72.5,1.5,1.5,20,sl,-1.0,20,2.066085,false,false,0.7782,-0.5789
735,GBPCHF,SELL,1.07441,0.56,65.0,89.0,1.5,1.5,20,expired,0.7512,20,1.06763,false,false,0.4875,0.0
736,GBPJPY,BUY,200.201,0.54,65.0,89.0,1.5,1.5,20,sl,-1.0,8,198.579372,false,false,0.2362,-1.0058
737,GBPUSD,BUY,1.36297,0.74,65.0,89.0,1.5,1.5,20,sl,-1.0,1,1.347841,false,false,0.0,-1.0831
738,NZDJPY,BUY,87.146,0.63,60.0,78.0,1.5,1.5,20,sl,-1.0,5,86.32247,false,false,0.0109,-1.1332
739,USDCAD,SELL,1.37699,0.43,75.0,89.0,1.5,1.5,20,sl,-1.0,4,1.385872,false,false,0.0,-0.76
740,USDCHF,SELL,0.78834,0.84,65.0,89.0,1.5,1.5,20,sl,-1.0,5,0.798273,false,false,0.0,-0.599
741,XAUUSD,BUY,3809.0,1.34,75.0,100.0,1.5,1.5,20,tp,1.5,6,3923.84135,false,false,2.4229,-0.3069
742,AUDCHF,SELL,0.52442,0.77,75.0,89.0,1.5,1.5,20,tp,1.5,19,0.515334,false,false,0.8321,-0.2939
743,AUDNZD,BUY,1.1224,0.41,75.0,89.0,1.5,1.5,20,tp,1.5,3,1.132754,false,false,1.6653,0.0
744,CADCHF,SELL,0.57455,0.8,75.0,100.0,1.5,1.5,20,tp,1.5,20,0.56374,false,true,1.4301,0.0
745,CADJPY,BUY,107.26781,0.71,75.0,89.0,1.5,1.5,20,sl,-1.0,7,106.125408,false,false,0.296,-1.0065
746,EURAUD,BUY,1.78132,0.59,75.0,89.0,1.5,1.5,20,sl,-1.0,11,1.765555,false,false,0.7415,-1.0124
747,EURCHF,SELL,0.93425,0.31,45.0,78.0,1.5,1.5,20,tp,1.5,18,0.927734,false,false,0.7895,-0.0553
748,EURJPY,BUY,174.43201,0.53,65.0,78.0,1.5,1.5,20,sl,-1.0,8,173.045276,false,false,0.4312,-1.5043
749,EURNZD,BUY,2.00109,0.68,65.0,89.0,1.5,1.5,20,tp,1.5,17,2.031707,false,false,1.6427,-0.0392
750,GBPAUD,SELL,2.04813,0.58,60.0,78.0,1.5,1.5,20,sl,-1.0,19,2.065949,false,false,0.7402,-0.5938
751,GBPCHF,SELL,1.07422,0.55,75.0,100.0,1.5,1.5,20,tp,1.5,20,1.060927,false,false,1.0753,0.0
752,GBPNZD,BUY,2.30091,0.65,65.0,89.0,1.5,1.5,20,tp,1.5,13,2.334561,false,false,1.5124,-0.2412
753,NZDCAD,SELL,0.81232,0.84,75.0,89.0,1.5,1.5,20,expired,0.7816,20,0.80432,false,false,0.8514,0.0
754,NZDJPY,BUY,87.14,0.63,60.0,78.0,1.5,1.5,20,sl,-1.0,4,86.316527,false,false,0.0,-1.126
755,USDCAD,SELL,1.37918,0.44,75.0,89.0,1.5,1.5,20,sl,-1.0,3,1.388283,false,false,0.0,-0.501
756,USDJPY,BUY,147.94701,0.86,65.0,89.0,1.5,1.5,20,tp,1.5,12,150.809785,false,false,1.7045,-0.7011
757,AUDCAD,BUY,0.9082,0.69,70.0,89.0,1.5,1.5,20,tp,1.5,7,0.9223,false,false,1.5,0.0
758,AUDCHF,SELL,0.52462,0.78,75.0,89.0,1.5,1.5,20,tp,1.5,18,0.515413,false,false,0.8537,-0.2574
759,AUDNZD,BUY,1.12609,0.41,75.0,89.0,1.5,1.5,20,tp,1.5,5,1.136478,false,false,1.5609,-0.374
760,CADCHF,SELL,0.5776,0.81,70.0,89.0,1.5,1.5,20,tp,1.5,17,0.567073,false,false,1.0003,0.0
761,CHFJPY,BUY,185.98079,0.53,75.0,100.0,1.5,1.5,20,sl,-1.0,7,184.502243,false,false,1.0757,-1.3683
762,EURCAD,BUY,1.61761,0.56,70.0,89.0,1.5,1.5,20,tp,1.5,7,1.637992,false,false,1.5425,0.0
763,EURCHF,SELL,0.93446,0.3,50.0,78.0,1.5,1.5,20,tp,1.5,17,0.928152,false,false,0.8656,-0.0071
764,EURJPY,BUY,173.812,0.5,65.0,89.0,1.5,1.5,20,sl,-1.0,7,172.50841,false,false,0.9343,-1.1246
765,EURUSD,BUY,1.1737,0.72,55.0,78.0,1.5,1.5,20,sl,-1.0,12,1.161024,false,false,0.6552,-1.0522
766,GBPCAD,BUY,1.85566,0.65,55.0,78.0,1.5,1.5,20,tp,1.5,7,1.882799,false,false,1.5559,0.0
767,GBPCHF,SELL,1.0717,0.5,75.0,100.0,1.5,1.5,20,tp,1.5,19,1.059643,false,false,0.8721,0.0
768,GBPNZD,BUY,2.30095,0.62,75.0,89.0,1.5,1.5,20,tp,1.5,12,2.333048,false,false,1.5837,0.0
769,NZDCAD,SELL,0.80628,0.84,65.0,89.0,1.5,1.5,20,expired,0.3081,20,0.80315,false,false,0.2632,-0.5434
770,NZDUSD,BUY,0.58513,0.98,55.0,78.0,1.5,1.5,20,sl,-1.029,4,0.576279,false,true,0.2185,-1.1104
771,USDCHF,SELL,0.79623,0.87,55.0,78.0,1.5,1.5,20,sl,-1.0,14,0.806621,false,false,0.282,-0.3744
772,USDJPY,BUY,148.095,0.8,65.0,89.0,1.5,1.5,20,tp,1.5,11,150.76071,false,false,1.7472,-0.8362
773,AUDCAD,BUY,0.91253,0.69,70.0,89.0,1.5,1.5,20,expired,0.2069,20,0.914484,false,false,1.227,-0.6596
774,AUDJPY,BUY,97.508,0.65,60.0,78.0,1.5,1.5,20,tp,1.5,9,98.934055,false,false,1.927,-0.6753
775,AUDUSD,BUY,0.6602,0.8,60.0,78.0,1.5,1.5,20,sl,-1.0,3,0.652278,false,false,0.3156,-1.0161
776,CADCHF,SELL,0.57307,0.86,75.0,100.0,1.5,1.5,20,tp,1.5,18,0.561981,false,false,1.1336,-0.0041
777,CHFJPY,BUY,186.412,0.51,75.0,100.0,1.5,1.5,20,sl,-1.0,6,184.985948,false,false,0.8129,-1.7211
778,EURCAD,BUY,1.63138,0.59,75.0,89.0,1.5,1.5,20,expired,0.178,20,1.63395,false,false,1.0521,-0.996
779,EURGBP,BUY,0.8731,0.37,55.0,89.0,1.5,1.5,20,sl,-1.0,9,0.868254,false,false,0.3797,-1.2258
780,EURNZD,BUY,2.0106,0.69,65.0,89.0,1.5,1.5,20,tp,1.5,18,2.04284,false,true,1.8169,-0.4954
781,EURUSD,BUY,1.18011,0.71,65.0,89.0,1.5,1.5,20,sl,-1.0,2,1.167542,false,false,0.123,-1.0596
782,GBPCAD,BUY,1.86828,0.63,60.0,78.0,1.5,1.5,20,expired,0.7035,20,1.8807,false,false,1.3135,-0.7125
783,GBPJPY,BUY,199.63901,0.5,60.0,78.0,1.5,1.5,20,sl,-1.0,6,198.141717,false,false,0.571,-1.1528
784,GBPUSD,BUY,1.3515,0.68,60.0,78.0,1.5,1.5,20,sl,-1.0,2,1.337715,false,false,0.0807,-1.252
785,NZDCAD,SELL,0.8112,0.84,75.0,89.0,1.5,1.5,20,expired,0.5195,20,0.80589,false,false,0.743,-0.0587
786,NZDUSD,BUY,0.58688,0.93,55.0,78.0,1.5,1.5,20,sl,-1.0,2,0.578693,false,false,0.0,-1.1896
787,USDCHF,SELL,0.79239,0.86,65.0,89.0,1.5,1.5,20,sl,-1.0,12,0.802612,false,false,0.0,-0.7543
788,XAUUSD,BUY,3897.5,1.44,75.0,89.0,1.5,1.5,20,tp,1.5,5,4023.779,false,false,2.1797,-0.6498
789,AUDCHF,SELL,0.52217,0.8,65.0,89.0,1.5,1.5,20,sl,-1.0,11,0.528436,false,false,0.0,-0.6431
790,AUDJPY,BUY,97.389,0.68,60.0,78.0,1.5,1.5,20,tp,1.5,8,98.879052,false,false,1.964,-0.5265
791,AUDUSD,BUY,0.65978,0.8,60.0,78.0,1.5,1.5,20,sl,-1.0,12,0.651863,false,false,0.4065,-1.426
792,CADJPY,BUY,106.655,0.67,55.0,78.0,1.5,1.5,20,sl,-1.0,5,105.583117,false,false,0.8872,-1.294
793,EURAUD,BUY,1.79049,0.63,65.0,89.0,1.5,1.5,20,sl,-1.0,4,1.77357,false,false,0.0,-1.1401
794,EURCAD,BUY,1.63479,0.59,75.0,89.0,1.5,1.5,20,sl,-1.0,10,1.620322,false,false,0.3656,-1.0665
795,EURGBP,BUY,0.87359,0.36,55.0,89.0,1.5,1.5,20,sl,-1.0,8,0.868873,false,false,0.2862,-1.363
796,EURNZD,BUY,2.01706,0.67,65.0,89.0,1.5,1.5,20,tp,1.5,17,2.047467,false,false,1.5465,-0.8273
797,GBPAUD,SELL,2.04942,0.54,55.0,78.0,1.5,1.5,20,tp,1.5,12,2.02452,false,false,0.8723,0.0
798,GBPCHF,SELL,1.07016,0.46,75.0,100.0,1.5,1.5,20,sl,-1.0,5,1.077544,false,false,0.0,0.0
799,GBPJPY,BUY,199.608,0.49,60.0,78.0,1.5,1.5,20,sl,-1.0,5,198.140881,false,false,0.6039,-1.1553
800,GBPUSD,BUY,1.35245,0.69,60.0,78.0,1.5,1.5,20,sl,-1.0,1,1.338452,false,false,0.0,-1.3009
801,NZDJPY,BUY,86.435,0.64,55.0,78.0,1.5,1.5,20,sl,-1.0,5,85.605224,false,false,0.3374,-1.275
802,USDCAD,SELL,1.38391,0.42,55.0,78.0,1.5,1.5,20,sl,-1.0,1,1.392629,false,false,0.0,-0.5035
803,USDCHF,SELL,0.79143,0.87,65.0,89.0,1.5,1.5,20,sl,-1.0,10,0.801758,false,false,0.0,-0.6913
804,XAUUSD,BUY,3868.1001,1.55,65.0,89.0,1.5,1.5,20,tp,1.5,3,4003.000091,false,false,1.629,-0.0778
805,AUDCHF,SELL,0.52337,0.79,75.0,89.0,1.5,1.5,20,sl,-1.0,10,0.529572,false,false,0.0308,-0.4563
806,AUDNZD,BUY,1.13224,0.46,75.0,89.0,1.5,1.5,20,expired,-0.169,20,1.13092,false,false,1.4726,-0.5555
807,CADCHF,SELL,0.5718,0.81,75.0,100.0,1.5,1.5,20,tp,1.5,16,0.561379,false,false,1.0234,-0.1871
808,CADJPY,BUY,107.02,0.65,75.0,89.0,1.5,1.5,20,sl,-1.0,4,105.976555,false,false,0.4638,-1.6791
809,EURAUD,BUY,1.78292,0.64,75.0,89.0,1.5,1.5,20,sl,-1.0,7,1.765804,false,false,0.4037,-1.0259
810,EURCHF,SELL,0.93326,0.29,55.0,89.0,1.5,1.5,20,tp,1.5,14,0.92717,false,false,0.601,-0.303
811,EURJPY,BUY,174.696,0.47,65.0,89.0,1.5,1.5,20,sl,-1.0,3,173.464393,false,false,0.2712,-1.0474
812,EURNZD,BUY,2.0189,0.68,75.0,100.0,1.5,1.5,20,expired,0.219,20,2.02341,false,false,1.433,-0.9037
813,GBPAUD,SELL,2.04223,0.55,65.0,89.0,1.5,1.5,20,sl,-1.0,13,2.059078,false,false,0.4327,-0.1395
814,GBPCHF,SELL,1.06897,0.44,75.0,89.0,1.5,1.5,20,sl,-1.0,4,1.076025,false,false,0.0,-0.0326
815,GBPNZD,BUY,2.31248,0.58,65.0,89.0,1.5,1.5,20,tp,1.5,13,2.342658,false,false,1.517,-0.4662
816,NZDCAD,SELL,0.80814,0.82,75.0,89.0,1.5,1.5,20,expired,0.5865,20,0.80231,false,false,0.4561,-0.3682
817,NZDJPY,BUY,86.511,0.64,55.0,78.0,1.5,1.5,20,sl,-1.0,3,85.680494,false,false,0.0,-1.0259
818,USDCAD,SELL,1.3896,0.43,55.0,78.0,1.5,1.5,20,sl,-1.0,10,1.398563,false,false,0.0,-0.5467
819,USDJPY,BUY,148.75101,0.77,75.0,89.0,1.5,1.5,20,sl,-1.0,4,147.032936,false,false,0.6891,-1.2468
820,AUDCAD,BUY,0.91126,0.64,70.0,89.0,1.5,1.5,20,expired,-0.0137,20,0.91114,false,false,1.4699,-0.567
821,AUDCHF,SELL,0.52295,0.8,75.0,89.0,1.5,1.5,20,sl,-1.0,9,0.529225,false,false,0.0,-0.5179
822,AUDNZD,BUY,1.13415,0.44,75.0,89.0,1.5,1.5,20,expired,-0.3006,20,1.1319,false,false,1.2818,-0.835
823,CADCHF,SELL,0.5738,0.71,75.0,100.0,1.5,1.5,20,tp,1.5,15,0.56374,false,true,1.4908,0.0
824,CHFJPY,BUY,187.28395,0.47,75.0,100.0,1.5,1.5,20,sl,-1.0,2,185.963598,false,false,0.0411,-1.4391
825,EURCAD,BUY,1.62583,0.53,65.0,89.0,1.5,1.5,20,tp,1.5,15,1.645218,false,false,1.6046,-0.6832
826,EURCHF,SELL,0.93303,0.25,55.0,89.0,1.5,1.5,20,sl,-1.0,2,0.936529,false,false,0.0,-0.3001
827,EURJPY,BUY,174.77299,0.44,65.0,89.0,1.5,1.5,20,sl,-1.0,2,173.619488,false,false,0.1127,-1.1851
828,EURUSD,BUY,1.16628,0.76,55.0,78.0,1.5,1.5,20,expired,-0.3366,20,1.161805,false,false,0.8728,-0.8844
829,GBPCAD,BUY,1.85904,0.57,55.0,78.0,1.5,1.5,20,tp,1.5,3,1.882882,false,false,1.5584,0.0
830,GBPCHF,SELL,1.0669,0.41,75.0,100.0,1.5,1.5,20,sl,-1.0,3,1.073461,false,false,0.0,-0.3505
831,GBPNZD,BUY,2.3139,0.55,65.0,89.0,1.5,1.5,20,tp,1.5,12,2.342535,false,false,1.5244,-0.5657
832,NZDCAD,SELL,0.80326,0.76,65.0,89.0,1.5,1.5,20,sl,-1.0,4,0.812417,false,false,0.0,-0.747
833,NZDUSD,BUY,0.57632,0.93,45.0,58.8,1.5,1.5,20,expired,-0.0995,20,0.57552,false,false,0.9977,-0.9951
834,USDCHF,SELL,0.80004,0.8,55.0,78.0,1.5,1.5,20,expired,0.5166,20,0.79508,false,false,0.7125,-0.1042
835,USDJPY,BUY,149.86099,0.77,65.0,89.0,1.5,1.5,20,sl,-1.0,2,148.130096,false,false,0.0,-1.2722
836,AUDCAD,BUY,0.91314,0.62,65.0,89.0,1.5,1.5,20,expired,0.1272,20,0.91422,false,false,1.2928,-0.8054
837,AUDJPY,BUY,97.883,0.65,65.0,89.0,1.5,1.5,20,sl,-1.0,3,96.928641,false,false,0.2473,-1.0656
838,AUDUSD,BUY,0.6554,0.76,55.0,78.0,1.5,1.5,20,sl,-1.0,11,0.647928,false,false,1.0169,-1.5097
839,CADCHF,SELL,0.5721,0.68,75.0,100.0,1.5,1.5,20,tp,1.5,14,0.563347,false,false,1.2698,-0.1714
840,CHFJPY,BUY,187.31,0.46,75.0,100.0,1.5,1.5,20,sl,-1.0,1,186.017561,false,false,0.0,-1.4903
841,EURCAD,BUY,1.63145,0.55,75.0,100.0,1.5,1.5,20,sl,-1.0,9,1.617991,false,false,0.6412,-1.0736
842,EURGBP,BUY,0.87299,0.38,55.0,89.0,1.5,1.5,20,sl,-1.0,5,0.868014,false,false,0.2834,-1.1716
843,EURNZD,BUY,2.02579,0.62,75.0,89.0,1.5,1.5,20,sl,-1.0,5,2.00695,false,false,0.2075,-1.3535
844,EURUSD,BUY,1.17082,0.77,55.0,78.0,1.5,1.5,20,sl,-1.0,8,1.157297,false,false,0.5224,-1.1757
845,GBPCAD,BUY,1.86869,0.6,55.0,78.0,1.5,1.5,20,expired,-0.2676,20,1.86419,false,false,1.3545,-0.7724
846,GBPJPY,BUY,200.314,0.46,65.0,89.0,1.5,1.5,20,sl,-1.0,1,198.931833,false,false,0.0,-1.2618
847,GBPUSD,BUY,1.34082,0.75,55.0,67.0,1.5,1.5,20,sl,-1.0,11,1.325736,false,false,0.7806,-1.0445
848,NZDCAD,SELL,0.80515,0.72,65.0,89.0,1.5,1.5,20,sl,-1.0,3,0.813846,false,false,0.0,-0.5693
849,NZDUSD,SELL,0.57782,0.88,50.0,72.5,1.5,1.5,20,expired,0.236,20,0.57602,false,false,0.6685,-0.4786
850,USDCHF,SELL,0.79748,0.78,55.0,78.0,1.5,1.5,20,expired,0.1533,20,0.79605,false,false,0.4587,-0.3815
851,XAUUSD,BUY,4004.3999,1.57,65.0,89.0,1.5,1.5,20,tp,1.5,5,4145.855326,false,false,1.9777,-0.4931
852,AUDCHF,SELL,0.52452,0.8,55.0,78.0,1.5,1.5,20,tp,1.5,13,0.513285,false,true,1.584,-0.2669
853,AUDJPY,BUY,97.751,0.65,60.0,78.0,1.5,1.5,20,tp,1.5,4,99.180608,false,false,1.6672,-0.9286
854,AUDUSD,BUY,0.6582,0.78,55.0,78.0,1.5,1.5,20,sl,-1.0,8,0.650499,false,false,0.6231,-1.2609
855,CADJPY,BUY,106.771,0.65,55.0,78.0,1.5,1.5,20,sl,-1.0,1,105.729983,false,false,0.0,-1.4438
856,EURAUD,BUY,1.78309,0.61,75.0,89.0,1.5,1.5,20,sl,-1.0,4,1.766775,false,false,0.0,-1.0867
857,EURCAD,BUY,1.63241,0.55,75.0,100.0,1.5,1.5,20,sl,-1.0,7,1.618943,false,false,0.5695,-1.067
858,EURGBP,BUY,0.8731,0.36,55.0,78.0,1.5,1.5,20,sl,-1.0,4,0.868385,false,false,0.2227,-1.2599
859,EURNZD,BUY,2.02911,0.6,75.0,89.0,1.5,1.5,20,sl,-1.0,2,2.010848,false,false,0.0,-1.018
860,GBPAUD,SELL,2.04225,0.57,65.0,89.0,1.5,1.5,20,sl,-1.0,10,2.059711,false,false,0.4186,-0.1334
861,GBPCHF,SELL,1.0713,0.4,70.0,89.0,1.5,1.5,20,sl,-1.0,1,1.077728,false,false,0.0,0.0
862,GBPJPY,BUY,199.646,0.5,55.0,78.0,1.5,1.5,20,sl,-1.0,1,198.148655,false,false,0.0,-1.1574
863,GBPUSD,BUY,1.34372,0.76,55.0,78.0,1.5,1.5,20,sl,-1.0,8,1.328402,false,false,0.5793,-1.1134
864,NZDJPY,BUY,85.888,0.6,55.0,67.0,1.5,1.5,20,tp,1.5,4,87.125,false,true,2.348,-0.6611
865,USDCAD,SELL,1.39162,0.41,55.0,78.0,1.5,1.5,20,sl,-1.0,7,1.400178,false,false,0.0,-0.3365
866,USDCHF,SELL,0.7972,0.76,55.0,78.0,1.5,1.5,20,sl,-1.0,7,0.806288,false,false,0.0,-0.3191
867,XAUUSD,BUY,4070.5,1.58,65.0,89.0,1.5,1.5,20,sl,-1.0,1,3974.02915,false,false,0.0767,-1.1672
868,AUDCHF,SELL,0.52641,0.79,60.0,78.0,1.5,1.5,20,tp,1.5,11,0.517053,false,false,1.127,0.0
869,AUDNZD,BUY,1.14053,0.47,75.0,89.0,1.5,1.5,20,sl,-1.0,1,1.132489,false,false,0.0,-1.0235
870,CADCHF,SELL,0.57188,0.67,75.0,100.0,1.5,1.5,20,tp,1.5,12,0.563259,false,false,1.251,-0.2123
871,CADJPY,BUY,106.285,0.72,55.0,78.0,1.5,1.5,20,tp,1.5,4,108.006817,false,false,1.8547,-0.9531
872,EURAUD,BUY,1.77509,0.59,60.0,78.0,1.5,1.5,20,sl,-1.0,6,1.75938,false,false,0.282,-1.1394
873,EURCHF,SELL,0.93454,0.26,45.0,78.0,1.5,1.5,20,tp,1.5,9,0.929073,false,false,1.0207,0.0
874,EURJPY,BUY,173.673,0.49,60.0,78.0,1.5,1.5,20,sl,-1.0,1,172.396503,false,false,0.0,-1.0999
875,EURNZD,BUY,2.02474,0.61,75.0,89.0,1.5,1.5,20,sl,-1.0,3,2.006214,false,false,0.0,-1.3197
876,GBPAUD,SELL,2.03334,0.56,65.0,89.0,1.5,1.5,20,sl,-1.0,7,2.05042,false,false,0.0,-0.1083
877,GBPCHF,SELL,1.07051,0.44,75.0,89.0,1.5,1.5,20,tp,1.5,12,1.059912,false,false,0.8237,-0.1189
878,GBPNZD,BUY,2.31936,0.55,75.0,89.0,1.5,1.5,20,tp,1.5,12,2.348062,false,false,1.7011,-0.8498
879,NZDCAD,SELL,0.8068,0.73,65.0,89.0,1.5,1.5,20,expired,0.0962,20,0.80595,false,false,0.3615,-0.566
880,NZDJPY,BUY,85.757,0.6,55.0,67.0,1.5,1.5,20,tp,1.5,3,87.125,false,true,2.5213,-0.3978
881,USDCAD,SELL,1.39235,0.41,55.0,78.0,1.5,1.5,20,sl,-1.0,6,1.400913,false,false,0.0,-0.2511
882,USDJPY,BUY,147.99699,0.86,55.0,78.0,1.5,1.5,20,tp,1.5,4,150.860732,false,false,1.6777,-0.727
883,AUDCAD,BUY,0.92186,0.59,85.0,100.0,1.5,1.5,20,sl,-1.0,6,0.913702,false,false,0.2769,-1.6845
884,AUDCHF,SELL,0.52705,0.79,60.0,78.0,1.5,1.5,20,tp,1.5,8,0.517682,false,false,0.3683,0.0
885,AUDNZD,BUY,1.13622,0.5,75.0,89.0,1.5,1.5,20,expired,0.5539,20,1.14094,false,false,0.883,-0.9763
886,CADCHF,SELL,0.57161,0.67,65.0,89.0,1.5,1.5,20,tp,1.5,11,0.562993,false,false,1.2046,-0.2594
887,CHFJPY,BUY,184.55147,0.58,65.0,89.0,1.5,1.5,20,tp,1.5,2,187.651138,false,true,2.7245,0.0
888,EURCAD,BUY,1.63554,0.55,75.0,100.0,1.5,1.5,20,sl,-1.0,4,1.622047,false,false,0.3365,-1.1991
889,EURCHF,SELL,0.93502,0.27,45.0,78.0,1.5,1.5,20,tp,1.5,8,0.92934,false,false,1.1091,0.0
890,EURJPY,BUY,172.577,0.51,55.0,78.0,1.5,1.5,20,tp,1.5,2,175.212006,false,true,2.7791,-0.0303
891,EURUSD,BUY,1.17341,0.76,55.0,78.0,1.5,1.5,20,sl,-1.0,5,1.160033,false,false,0.1688,-1.3821
892,GBPCAD,BUY,1.87892,0.63,75.0,89.0,1.5,1.5,20,sl,-1.0,6,1.861164,false,false,0.1419,-1.3077
893,GBPCHF,SELL,1.07411,0.46,60.0,78.0,1.5,1.5,20,tp,1.5,11,1.062993,false,false,1.271,0.0
894,GBPNZD,BUY,2.3153,0.55,75.0,89.0,1.5,1.5,20,tp,1.5,10,2.34526,false,true,1.6386,-0.6387
895,NZDCAD,SELL,0.81132,0.75,60.0,78.0,1.5,1.5,20,expired,0.8667,20,0.803409,false,false,0.8452,-0.0526
896,NZDUSD,SELL,0.58218,0.88,75.0,89.0,1.5,1.5,20,tp,1.5,8,0.570653,false,false,1.2308,0.0
897,USDCHF,SELL,0.79691,0.78,55.0,78.0,1.5,1.5,20,sl,-1.0,5,0.806234,false,false,0.0,-0.3421
898,USDJPY,BUY,147.08299,0.89,55.0,78.0,1.5,1.5,20,tp,1.5,2,150.028327,false,false,1.7234,0.0
899,AUDCAD,BUY,0.92104,0.59,75.0,89.0,1.5,1.5,20,sl,-1.0,5,0.912889,false,false,0.3777,-1.5854
900,AUDJPY,BUY,97.073,0.67,55.0,67.0,1.5,1.5,20,tp,1.5,1,98.633003,false,true,2.3237,0.0
901,AUDUSD,BUY,0.65981,0.74,75.0,89.0,1.5,1.5,20,sl,-1.0,5,0.652486,false,false,0.3605,-1.5456
902,CADCHF,SELL,0.57083,0.68,65.0,89.0,1.5,1.5,20,tp,1.5,10,0.562096,false,false,1.0545,-0.3899
903,CHFJPY,BUY,184.59456,0.59,65.0,89.0,1.5,1.5,20,tp,1.5,1,187.651138,false,true,2.6513,0.0
904,EURCAD,BUY,1.6364,0.54,75.0,100.0,1.5,1.5,20,sl,-1.0,3,1.623145,false,false,0.0,-1.2856
905,EURGBP,BUY,0.87193,0.38,50.0,78.0,1.5,1.5,20,sl,-1.0,3,0.86696,false,false,0.0563,-1.2575
906,EURNZD,BUY,2.0138,0.62,70.0,78.0,1.5,1.5,20,tp,1.5,10,2.04284,false,true,1.848,-0.7214
907,EURUSD,BUY,1.17251,0.75,55.0,78.0,1.5,1.5,20,sl,-1.0,4,1.159319,false,false,0.0491,-1.3334
908,GBPCAD,BUY,1.87715,0.62,75.0,89.0,1.5,1.5,20,sl,-1.0,5,1.859693,false,false,0.2457,-1.2287
909,GBPJPY,BUY,197.86,0.55,55.0,67.0,1.5,1.5,20,tp,1.5,1,200.960007,false,true,2.679,0.0
910,GBPUSD,BUY,1.34466,0.78,55.0,78.0,1.5,1.5,20,sl,-1.0,5,1.328927,false,false,0.2412,-1.1438
911,NZDCAD,SELL,0.81223,0.74,60.0,78.0,1.5,1.5,20,expired,1.0193,20,0.80304,false,false,1.0193,0.0
912,NZDUSD,SELL,0.58195,0.87,70.0,89.0,1.5,1.5,20,tp,1.5,7,0.570558,false,false,1.2152,0.0
913,USDCHF,SELL,0.79702,0.77,55.0,78.0,1.5,1.5,20,sl,-1.0,4,0.806226,false,false,0.0,-0.3346
914,XAUUSD,BUY,4133.0,1.81,70.0,99.0,1.5,1.5,20,tp,1.5,3,4301.316425,false,false,1.9045,-0.2495
915,AUDCHF,SELL,0.52559,0.76,60.0,78.0,1.5,1.5,20,tp,1.5,8,0.516602,false,false,1.0364,-0.1018
916,AUDJPY,BUY,98.633,0.77,75.0,89.0,1.5,1.5,20,tp,1.5,2,100.341817,false,false,1.7003,0.0
917,AUDUSD,BUY,0.65931,0.75,68.0,78.0,1.5,1.5,20,sl,-1.0,4,0.651893,false,false,0.4233,-1.4588
918,CADJPY,BUY,107.12,0.87,75.0,89.0,1.5,1.5,20,tp,1.5,2,109.216874,false,false,1.8084,0.0
919,EURAUD,BUY,1.77607,0.57,60.0,78.0,1.5,1.5,20,sl,-1.0,3,1.760885,false,false,0.0,-1.2433
920,EURCAD,BUY,1.63539,0.54,65.0,89.0,1.5,1.5,20,sl,-1.0,2,1.622143,false,false,0.0,-1.2101
921,EURGBP,BUY,0.87178,0.39,50.0,78.0,1.5,1.5,20,sl,-1.0,2,0.86668,false,false,0.0,-1.1961
922,EURNZD,BUY,2.01066,0.62,70.0,78.0,1.5,1.5,20,tp,1.5,8,2.038709,false,false,1.5108,-0.3583
923,GBPAUD,SELL,2.03721,0.52,75.0,89.0,1.5,1.5,20,sl,-1.0,4,2.0531,false,false,0.1429,0.0
924,GBPCHF,SELL,1.07078,0.45,60.0,78.0,1.5,1.5,20,tp,1.5,9,1.059938,false,false,0.8426,-0.0789
925,GBPJPY,BUY,200.96001,0.67,75.0,89.0,1.5,1.5,20,tp,1.5,2,204.057999,false,true,2.1528,0.0
926,GBPUSD,BUY,1.34338,0.76,55.0,67.0,1.5,1.5,20,sl,-1.0,4,1.328065,false,false,0.3313,-1.0915
927,NZDJPY,SELL,87.125,0.73,70.0,89.0,1.5,1.5,20,sl,-1.0576,2,88.134003,false,true,0.0,-0.3302
928,USDCAD,SELL,1.3965,0.37,45.0,67.0,1.5,1.5,20,sl,-1.0,6,1.404251,false,false,0.0348,-0.8412
929,USDCHF,SELL,0.79719,0.73,55.0,78.0,1.5,1.5,20,sl,-1.0,3,0.805919,false,false,0.0,-0.3334
930,XAUUSD,BUY,4163.3999,1.83,65.0,89.0,1.5,1.5,20,tp,1.5,2,4334.827891,false,false,1.6039,-0.0534
931,AUDCHF,SELL,0.52593,0.72,55.0,78.0,1.5,1.5,20,tp,1.5,5,0.51741,false,false,0.2077,-0.0475
932,AUDNZD,BUY,1.13261,0.52,70.0,78.0,1.5,1.5,20,tp,1.5,19,1.145862,false,false,1.5179,-0.5331
933,CADCHF,SELL,0.56993,0.63,65.0,89.0,1.5,1.5,20,sl,-1.0,2,0.575316,false,false,0.0,-0.5886
934,CADJPY,BUY,107.79,0.9,65.0,89.0,1.5,1.5,20,sl,-1.0,8,106.334835,false,false,1.3421,-1.0556
935,EURAUD,BUY,1.76973,0.55,55.0,78.0,1.5,1.5,20,tp,1.5,3,1.79163,false,false,1.5555,-0.8589
936,EURCHF,SELL,0.93084,0.28,55.0,89.0,1.5,1.5,20,tp,1.5,8,0.924976,false,false,1.0845,0.0
937,EURJPY,BUY,176.036,0.65,75.0,100.0,1.5,1.5,20,tp,1.5,17,178.610526,false,false,1.6092,-0.7027
938,EURNZD,BUY,2.00461,0.59,70.0,89.0,1.5,1.5,20,tp,1.5,5,2.031221,false,false,1.6916,0.0
939,GBPAUD,SELL,2.03788,0.51,75.0,89.0,1.5,1.5,20,sl,-1.0,3,2.05347,false,false,0.1886,0.0
940,GBPCHF,SELL,1.07185,0.42,55.0,78.0,1.5,1.5,20,tp,1.5,8,1.061721,false,false,1.0603,0.0
941,GBPNZD,BUY,2.3075,0.54,70.0,78.0,1.5,1.5,20,tp,1.5,5,2.335536,false,false,1.8993,-0.0375
942,NZDCAD,SELL,0.81445,0.77,60.0,78.0,1.5,1.5,20,tp,1.5,5,0.80034,false,false,1.1528,0.0
943,NZDJPY,SELL,87.79,0.74,65.0,89.0,1.5,1.5,20,tp,1.5,7,86.279999,false,true,1.0426,-0.0821
944,USDCAD,SELL,1.3946,0.37,55.0,78.0,1.5,1.5,20,sl,-1.0,3,1.40234,false,false,0.0,-0.3915
945,USDJPY,BUY,150.33099,1.01,65.0,89.0,1.5,1.5,20,tp,1.5,17,153.747262,false,false,1.8046,-0.4057
946,AUDCAD,BUY,0.91805,0.63,75.0,89.0,1.5,1.5,20,sl,-1.0,2,0.909374,false,false,0.4079,-1.1449
947,AUDCHF,SELL,0.52545,0.74,55.0,78.0,1.5,1.5,20,tp,1.5,6,0.516701,false,false,1.0407,-0.1286
948,AUDNZD,BUY,1.13492,0.52,75.0,89.0,1.5,1.5,20,tp,1.5,19,1.148199,false,false,1.5691,-0.793
949,CADCHF,SELL,0.57228,0.65,55.0,78.0,1.5,1.5,20,tp,1.5,7,0.56374,false,true,1.3603,-0.147
950,CHFJPY,BUY,190.36859,0.78,75.0,100.0,1.5,1.5,20,expired,-0.4022,20,189.472717,false,false,1.0274,-0.7437
951,EURCAD,BUY,1.62597,0.56,55.0,78.0,1.5,1.5,20,tp,1.5,7,1.646457,false,false,1.5083,-0.6568
952,EURCHF,SELL,0.93065,0.29,55.0,89.0,1.5,1.5,20,tp,1.5,7,0.924578,false,false,1.0004,0.0
953,EURJPY,BUY,177.19701,0.68,75.0,100.0,1.5,1.5,20,sl,-1.0,4,175.3896,false,false,0.3967,-1.0064
954,EURUSD,BUY,1.16546,0.69,55.0,67.0,1.5,1.5,20,sl,-1.0,17,1.153397,false,false,0.612,-1.0844
955,GBPCAD,BUY,1.87247,0.64,75.0,89.0,1.5,1.5,20,sl,-1.0,14,1.854494,false,false,1.057,-1.2394
956,GBPCHF,SELL,1.07171,0.42,60.0,78.0,1.5,1.5,20,tp,1.5,7,1.061582,false,false,1.0397,0.0
957,GBPNZD,BUY,2.31473,0.52,75.0,100.0,1.5,1.5,20,tp,1.5,4,2.341812,false,false,1.5658,-0.4392
958,NZDCAD,SELL,0.80875,0.78,65.0,89.0,1.5,1.5,20,expired,1.3947,20,0.795553,false,false,1.0521,0.0
959,NZDUSD,SELL,0.57977,0.88,75.0,89.0,1.5,1.5,20,tp,1.5,19,0.568291,false,false,1.2075,0.0
960,USDCHF,SELL,0.79859,0.68,55.0,67.0,1.5,1.5,20,sl,-1.0,18,0.806736,false,false,0.6617,-0.6273
961,USDJPY,BUY,152.05099,1.04,65.0,78.0,1.5,1.5,20,sl,-1.0,7,149.678995,false,false,0.4895,-1.1147
962,AUDCAD,BUY,0.91883,0.6,75.0,100.0,1.5,1.5,20,sl,-1.0,1,0.910561,false,false,0.2797,-1.2955
963,AUDJPY,BUY,100.528,0.83,65.0,78.0,1.5,1.5,20,sl,-1.0,1,99.276426,false,false,0.0,-1.7834
964,AUDUSD,BUY,0.65845,0.74,55.0,78.0,1.5,1.5,20,sl,-1.0,1,0.651141,false,false,0.0,-1.3628
965,CADCHF,SELL,0.57431,0.63,55.0,78.0,1.5,1.5,20,tp,1.5,5,0.566169,false,false,1.0945,0.0
966,CHFJPY,BUY,190.45854,0.78,75.0,100.0,1.5,1.5,20,expired,-0.0945,20,190.248001,false,false,0.9866,-0.7837
967,EURCAD,BUY,1.62282,0.55,55.0,78.0,1.5,1.5,20,tp,1.5,6,1.64316,false,true,1.7739,-0.4347
968,EURGBP,BUY,0.86779,0.36,45.0,78.0,1.5,1.5,20,tp,1.5,13,0.874819,false,false,2.3602,-0.2881
969,EURNZD,BUY,2.01081,0.54,70.0,89.0,1.5,1.5,20,tp,1.5,5,2.03723,false,true,1.7252,-0.105
970,EURUSD,BUY,1.1632,0.69,55.0,67.0,1.5,1.5,20,sl,-1.0,17,1.151161,false,false,0.8009,-1.0453
971,GBPCAD,BUY,1.87,0.6,55.0,78.0,1.5,1.5,20,sl,-1.0,13,1.85317,false,false,1.2757,-1.1771
972,GBPJPY,BUY,204.59801,0.75,65.0,89.0,1.5,1.5,20,sl,-1.0,1,202.296282,false,false,0.0,-1.0188
973,GBPUSD,BUY,1.34014,0.74,55.0,67.0,1.5,1.5,20,sl,-1.0,3,1.325264,false,false,0.0,-1.0134
974,NZDCAD,SELL,0.80686,0.74,65.0,89.0,1.5,1.5,20,expired,0.8888,20,0.7989,false,false,0.9005,0.0
975,NZDUSD,SELL,0.57835,0.87,75.0,100.0,1.5,1.5,20,tp,1.5,18,0.567029,false,false,1.0363,0.0
976,USDCHF,SELL,0.8015,0.68,55.0,67.0,1.5,1.5,20,tp,1.5,6,0.789237,false,false,1.0153,0.0
977,XAUUSD,BUY,4213.2998,2.23,65.0,89.0,1.5,1.5,20,sl,-1.0,3,4072.364922,false,false,1.3105,-1.363
978,AUDCHF,SELL,0.52888,0.85,55.0,67.0,1.5,1.5,20,tp,1.5,2,0.518765,false,false,0.6125,0.0
979,AUDJPY,BUY,100.355,0.94,65.0,78.0,1.5,1.5,20,sl,-1.0947,1,98.806,false,true,0.0,-1.1173
980,AUDUSD,BUY,0.65613,0.8,55.0,78.0,1.5,1.5,20,sl,-1.0,2,0.648256,false,false,0.0,-1.5254
981,CADJPY,BUY,109.108,1.0,65.0,89.0,1.5,1.5,20,sl,-1.0,4,107.47138,false,false,0.0,-1.1622
982,EURAUD,BUY,1.76272,0.67,55.0,67.0,1.5,1.5,20,tp,1.5,2,1.789293,false,false,1.7905,0.0
983,EURCAD,BUY,1.6214,0.55,55.0,78.0,1.5,1.5,20,tp,1.5,5,1.64316,false,true,1.8816,-0.1054
984,EURGBP,BUY,0.86933,0.37,45.0,78.0,1.5,1.5,20,tp,1.5,12,0.876567,false,false,1.9731,-0.599
985,EURNZD,BUY,2.01052,0.58,65.0,89.0,1.5,1.5,20,tp,1.5,4,2.03723,false,true,1.6231,0.0
986,GBPAUD,SELL,2.02759,0.59,65.0,89.0,1.5,1.5,20,sl,-1.3598,1,2.05199,false,true,0.0,-0.8476
987,GBPCHF,SELL,1.07246,0.45,55.0,78.0,1.5,1.5,20,tp,1.5,5,1.061601,false,false,1.0733,0.0
988,GBPJPY,BUY,203.504,0.79,65.0,89.0,1.5,1.5,20,sl,-1.0,5,201.092478,false,false,0.0,-1.159
989,GBPUSD,BUY,1.33049,0.76,55.0,67.0,1.5,1.5,20,sl,-1.0,14,1.315322,false,false,1.1113,-1.2332
990,NZDJPY,BUY,87.976,0.81,75.0,100.0,1.5,1.5,20,sl,-1.0,2,86.907092,false,false,0.0,-1.5305
991,USDCAD,SELL,1.40188,0.39,55.0,78.0,1.5,1.5,20,tp,1.5,13,1.389579,false,false,0.8475,-0.139
992,USDCHF,SELL,0.80617,0.69,55.0,67.0,1.5,1.5,20,tp,1.5,4,0.793654,false,false,0.942,0.0
993,XAUUSD,BUY,4359.3999,2.33,70.0,99.0,1.5,1.5,20,sl,-1.0,1,4207.038873,false,false,0.2245,-1.7485
994,AUDCHF,SELL,0.52135,0.9,75.0,89.0,1.5,1.5,20,tp,1.5,4,0.510793,false,false,0.9662,0.0
995,AUDNZD,BUY,1.13464,0.58,70.0,89.0,1.5,1.5,20,tp,1.5,17,1.149447,false,false,1.5692,-0.6828
996,CADCHF,SELL,0.57312,0.6,55.0,78.0,1.5,1.5,20,tp,1.5,4,0.56374,false,true,1.6343,0.0
997,CADJPY,BUY,108.617,1.0,65.0,89.0,1.5,1.5,20,sl,-1.0667,4,106.878998,false,true,0.0528,-1.4504
998,EURAUD,BUY,1.78528,0.7,75.0,89.0,1.5,1.5,20,tp,1.5,4,1.813398,false,false,1.626,-0.6844
999,EURCHF,SELL,0.93081,0.3,55.0,89.0,1.5,1.5,20,tp,1.5,4,0.924527,false,false,1.0051,0.0
1000,EURJPY,BUY,176.414,0.74,75.0,100.0,1.5,1.5,20,expired,0.5868,20,177.563004,false,false,1.2174,-0.8089
1001,EURUSD,BUY,1.16024,0.69,55.0,67.0,1.5,1.5,20,sl,-1.0,16,1.148232,false,false,1.0494,-1.073
1002,GBPAUD,SELL,2.05199,0.64,55.0,78.0,1.5,1.5,20,sl,-1.1188,4,2.07403,false,true,0.0,-0.6315
1003,GBPCHF,SELL,1.06989,0.46,75.0,89.0,1.5,1.5,20,tp,1.5,4,1.058817,false,false,0.7044,0.0
1004,GBPNZD,BUY,2.32854,0.58,75.0,100.0,1.5,1.5,20,sl,-1.0,11,2.308282,false,false,1.1536,-1.6991
1005,NZDCAD,SELL,0.80146,0.74,65.0,89.0,1.5,1.5,20,expired,1.2871,20,0.79001,false,false,1.114,-0.408
1006,NZDJPY,BUY,87.06,0.88,85.0,100.0,1.5,1.5,20,sl,-1.0,4,85.910808,false,false,0.2175,-1.4715
1007,USDCAD,BUY,1.39985,0.38,50.0,86.2,1.5,1.5,20,sl,-1.0,12,1.391871,false,false,1.0076,-1.3761
1008,USDJPY,BUY,152.056,1.1,65.0,89.0,1.5,1.5,20,sl,-1.0,4,149.547076,false,false,0.214,-1.0558
1009,AUDCAD,BUY,0.91408,0.73,55.0,78.0,1.5,1.5,20,expired,0.2268,20,0.91635,false,false,0.7373,-0.7773
1010,AUDJPY,BUY,99.252,1.08,65.0,89.0,1.5,1.5,20,sl,-1.0,2,97.644118,false,false,0.0,-1.0337
1011,AUDNZD,BUY,1.13884,0.56,75.0,100.0,1.5,1.5,20,sl,-1.0,2,1.129274,false,false,0.0387,-1.1436
1012,CADCHF,SELL,0.57285,0.62,55.0,78.0,1.5,1.5,20,tp,1.5,3,0.56374,false,true,1.5317,0.0
1013,CHFJPY,BUY,189.507,0.81,75.0,100.0,1.5,1.5,20,expired,0.839,20,191.438858,false,false,1.3728,-0.3452
1014,EURCAD,BUY,1.62367,0.51,55.0,67.0,1.5,1.5,20,tp,1.5,3,1.64316,false,true,1.8436,0.0
1015,EURCHF,SELL,0.93018,0.3,55.0,89.0,1.5,1.5,20,tp,1.5,3,0.923901,false,false,0.8553,0.0
1016,EURJPY,BUY,176.311,0.76,75.0,100.0,1.5,1.5,20,expired,0.912,20,178.143997,false,false,1.2373,-0.7368
1017,EURUSD,BUY,1.15668,0.68,55.0,67.0,1.5,1.5,20,expired,-0.0812,20,1.155722,false,false,1.3698,-0.8194
1018,GBPCAD,BUY,1.87172,0.57,55.0,78.0,1.5,1.5,20,sl,-1.0,10,1.855717,false,false,1.2341,-1.3454
1019,GBPJPY,BUY,203.224,0.85,65.0,89.0,1.5,1.5,20,sl,-1.0,11,200.632894,false,false,0.3894,-1.0146
1020,GBPNZD,BUY,2.33199,0.59,75.0,100.0,1.5,1.5,20,sl,-1.0,9,2.311352,false,false,0.9652,-1.0674
1021,NZDCAD,SELL,0.80248,0.73,65.0,89.0,1.5,1.5,20,tp,1.5,19,0.789299,false,false,1.2439,-0.297
1022,NZDUSD,SELL,0.57175,0.89,75.0,89.0,1.5,1.5,20,sl,-1.0,11,0.579383,false,false,0.0,-0.7311
1023,USDCHF,SELL,0.80429,0.7,55.0,67.0,1.5,1.5,20,tp,1.5,3,0.791622,false,false,1.3132,0.0
1024,USDJPY,BUY,152.43401,1.09,65.0,89.0,1.5,1.5,20,sl,-1.0,3,149.941714,false,false,0.0,-1.2145
1025,AUDCAD,BUY,0.91162,0.71,55.0,78.0,1.5,1.5,20,expired,0.3523,20,0.91504,false,false,1.0135,-0.548
1026,AUDJPY,BUY,98.493,1.1,55.0,78.0,1.5,1.5,20,sl,-1.0,2,96.867865,false,false,0.0,-1.3488
1027,AUDUSD,BUY,0.64913,0.86,55.0,67.0,1.5,1.5,20,tp,1.5,10,0.661691,false,false,1.5071,-0.5469
1028,CADJPY,BUY,108.028,1.02,65.0,89.0,1.5,1.5,20,sl,-1.0,2,106.375172,false,false,0.0,-1.0733
1029,CHFJPY,BUY,189.28072,0.83,75.0,100.0,1.5,1.5,20,tp,1.5,20,192.815537,false,false,2.089,-0.0788
1030,EURCAD,BUY,1.62942,0.52,75.0,89.0,1.5,1.5,20,sl,-1.0,11,1.616711,false,false,1.3494,-1.0661
1031,EURGBP,BUY,0.87094,0.41,75.0,89.0,1.5,1.5,20,tp,1.5,10,0.878974,false,false,1.9958,-0.8401
1032,EURNZD,BUY,2.03063,0.62,75.0,100.0,1.5,1.5,20,sl,-1.0,10,2.011745,false,false,0.9415,-1.2301
1033,EURUSD,BUY,1.16023,0.64,55.0,67.0,1.5,1.5,20,sl,-1.0,14,1.149092,false,false,1.1323,-1.1559
1034,GBPCAD,BUY,1.87066,0.55,55.0,78.0,1.5,1.5,20,sl,-1.0,9,1.855227,false,false,1.3484,-1.3264
1035,GBPJPY,BUY,202.116,0.88,65.0,89.0,1.5,1.5,20,sl,-1.0,15,199.448069,false,false,0.7935,-1.1335
1036,GBPUSD,BUY,1.33216,0.71,65.0,78.0,1.5,1.5,20,sl,-1.0,11,1.317972,false,false,1.0704,-1.4361
1037,NZDJPY,BUY,86.677,0.96,65.0,89.0,1.5,1.5,20,sl,-1.0,2,85.428851,false,false,0.1554,-1.0479
1038,NZDUSD,SELL,0.5715,0.81,75.0,100.0,1.5,1.5,20,sl,-1.0,9,0.578444,false,false,0.0,-0.6495
1039,USDCHF,SELL,0.80153,0.7,55.0,67.0,1.5,1.5,20,tp,1.5,2,0.788906,false,false,0.9898,0.0
1040,XAUUSD,BUY,4145.6001,3.1,45.0,89.0,1.5,1.5,20,sl,-1.0,3,3952.829695,false,false,0.0695,-1.2673
1041,AUDCHF,SELL,0.51834,1.0,65.0,89.0,1.5,1.5,20,sl,-1.0,9,0.526115,false,false,0.4875,-0.4103
1042,AUDJPY,BUY,98.24,1.15,55.0,78.0,1.5,1.5,20,sl,-1.0,1,96.54536,false,false,0.0,-1.1442
1043,AUDUSD,BUY,0.6508,0.82,55.0,78.0,1.5,1.5,20,expired,0.3548,20,0.65364,false,false,1.3679,-0.7808
1044,CADJPY,BUY,107.488,1.05,55.0,78.0,1.5,1.5,20,tp,1.5,10,110.027404,false,false,1.7071,-0.7289
1045,EURAUD,BUY,1.78952,0.76,75.0,89.0,1.5,1.5,20,sl,-1.0,9,1.769119,false,false,1.2862,-1.5446
1046,EURCHF,SELL,0.92763,0.34,55.0,89.0,1.5,1.5,20,sl,-1.0,16,0.932361,false,false,0.8328,-0.613
1047,EURGBP,BUY,0.86879,0.43,55.0,67.0,1.5,1.5,20,tp,1.5,8,0.877196,false,false,1.7952,-0.3194
1048,EURNZD,BUY,2.03723,0.62,75.0,100.0,1.5,1.5,20,sl,-1.0,4,2.018284,false,false,0.5901,-1.1628
1049,GBPAUD,SELL,2.05959,0.69,55.0,67.0,1.5,1.5,20,sl,-1.0,1,2.080907,false,false,0.0,-0.2271
1050,GBPCHF,SELL,1.06763,0.52,75.0,89.0,1.5,1.5,20,tp,1.5,8,1.055139,false,false,0.8154,0.0
1051,GBPJPY,BUY,202.36,0.9,60.0,78.0,1.5,1.5,20,sl,-1.0,14,199.62814,false,false,0.6856,-1.1963
1052,GBPUSD,BUY,1.34045,0.71,75.0,100.0,1.5,1.5,20,sl,-1.0,8,1.326174,false,false,0.483,-1.0814
1053,NZDJPY,BUY,86.28,1.0,55.0,78.0,1.5,1.5,20,tp,1.5,7,88.2213,false,false,1.5338,-0.7039
1054,USDCAD,BUY,1.4046,0.34,65.0,89.0,1.5,1.5,20,sl,-1.0,7,1.397437,false,false,0.2708,-1.0651
1055,USDJPY,BUY,150.974,1.06,55.0,78.0,1.5,1.5,20,tp,1.5,19,154.57473,false,false,1.6851,-0.6528
1056,XAUUSD,BUY,4137.7998,3.13,45.0,89.0,1.5,1.5,20,sl,-1.0,2,3943.530099,false,false,0.0,-1.2174
1057,AUDCHF,SELL,0.51328,1.11,65.0,89.0,1.5,1.5,20,sl,-1.0,6,0.521826,false,false,0.0,-0.6693
1058,AUDNZD,BUY,1.13188,0.63,65.0,89.0,1.5,1.5,20,tp,1.5,12,1.147924,false,false,1.5828,-0.2973
1059,CADCHF,SELL,0.56374,0.74,65.0,78.0,1.5,1.5,20,sl,-1.0,4,0.569998,false,false,0.0,-0.473
1060,CADJPY,BUY,106.879,1.08,55.0,78.0,1.5,1.5,20,tp,1.5,6,109.47616,false,false,1.5369,0.0
1061,EURAUD,BUY,1.80467,0.83,65.0,89.0,1.5,1.5,20,sl,-1.0,4,1.782202,false,false,0.0,-1.0944
1062,EURCHF,SELL,0.92635,0.35,55.0,78.0,1.5,1.5,20,sl,-1.0,12,0.931213,false,false,0.5469,-0.5387
1063,EURJPY,BUY,175.63,0.81,55.0,78.0,1.5,1.5,20,tp,1.5,18,178.830857,false,false,1.7831,-0.1692
1064,EURUSD,BUY,1.16996,0.62,75.0,89.0,1.5,1.5,20,sl,-1.0,3,1.159079,false,false,0.0,-1.1204
1065,GBPAUD,SELL,2.07403,0.74,65.0,78.0,1.5,1.5,20,tp,1.5,6,2.03874,false,true,1.4686,0.0
1066,GBPCHF,SELL,1.06458,0.54,65.0,89.0,1.5,1.5,20,tp,1.5,8,1.051645,false,false,1.1052,0.0
1067,GBPNZD,BUY,2.34768,0.6,75.0,100.0,1.5,1.5,20,sl,-1.0,3,2.326551,false,false,0.0,-1.5964
1068,NZDCAD,SELL,0.80432,0.69,75.0,89.0,1.5,1.5,20,tp,1.5,15,0.791833,false,false,1.031,-0.0925
1069,NZDJPY,BUY,85.951,1.04,45.0,72.5,1.5,1.5,20,tp,1.5,5,87.962253,false,false,1.5386,0.0
1070,USDCAD,BUY,1.4046,0.34,65.0,89.0,1.5,1.5,20,sl,-1.0,6,1.397437,false,false,0.2638,-1.0651
1071,USDJPY,BUY,150.12,1.08,55.0,78.0,1.5,1.5,20,tp,1.5,9,153.767916,false,false,1.7768,0.0
1072,AUDCAD,BUY,0.9112,0.7,55.0,78.0,1.5,1.5,20,expired,0.4662,20,0.91566,false,false,1.0724,-0.4703
1073,AUDJPY,BUY,98.106,1.3,55.0,78.0,1.5,1.5,20,tp,1.5,8,100.9756,false,false,1.6152,-0.093
1074,AUDNZD,BUY,1.1335,0.6,65.0,89.0,1.5,1.5,20,tp,1.5,11,1.148802,false,false,1.5008,-0.4705
1075,CADCHF,SELL,0.56614,0.76,65.0,89.0,1.5,1.5,20,sl,-1.0,7,0.572594,false,false,0.0,-0.3347
1076,CHFJPY,BUY,190.11099,0.78,75.0,100.0,1.5,1.5,20,tp,1.5,17,193.447438,false,false,1.84,-0.4568
1077,EURCAD,BUY,1.6338,0.55,75.0,89.0,1.5,1.5,20,sl,-1.0,7,1.620321,false,false,0.1135,-1.1648
1078,EURCHF,SELL,0.92501,0.36,65.0,89.0,1.5,1.5,20,sl,-1.0,10,0.930005,false,false,0.2643,-0.5105
1079,EURJPY,BUY,175.90401,0.79,60.0,78.0,1.5,1.5,20,tp,1.5,17,179.030704,false,false,1.694,-0.2648
1080,EURUSD,BUY,1.16575,0.63,75.0,89.0,1.5,1.5,20,sl,-1.0,9,1.154734,false,false,0.1009,-1.2137
1081,GBPCAD,BUY,1.88161,0.57,65.0,89.0,1.5,1.5,20,sl,-1.0,2,1.865522,false,false,0.0852,-1.0573
1082,GBPJPY,BUY,202.582,0.91,60.0,78.0,1.5,1.5,20,sl,-1.0,12,199.816756,false,false,0.5971,-1.2621
1083,GBPNZD,BUY,2.34226,0.62,75.0,100.0,1.5,1.5,20,sl,-1.0,2,2.320477,false,false,0.0505,-1.2996
1084,NZDCAD,SELL,0.80315,0.69,75.0,89.0,1.5,1.5,20,tp,1.5,14,0.790681,false,false,0.8918,-0.2334
1085,NZDUSD,SELL,0.57318,0.77,75.0,100.0,1.5,1.5,20,sl,-1.0,7,0.5798,false,false,0.0,-0.6269
1086,USDCHF,SELL,0.79359,0.76,65.0,89.0,1.5,1.5,20,sl,-1.0,8,0.802637,false,false,0.0,-0.4377
1087,USDJPY,BUY,150.89999,1.04,60.0,78.0,1.5,1.5,20,tp,1.5,8,154.43105,false,false,1.5042,-0.1733
1088,AUDCAD,BUY,0.91448,0.7,75.0,89.0,1.5,1.5,20,expired,-0.2447,20,0.91213,false,false,0.7269,-0.8102
1089,AUDJPY,BUY,98.24,1.3,55.0,78.0,1.5,1.5,20,tp,1.5,7,101.11352,false,false,1.5431,0.0
1090,AUDUSD,BUY,0.65163,0.8,55.0,67.0,1.5,1.5,20,expired,-0.3018,20,0.64927,false,false,1.2942,-0.7289
1091,CADJPY,BUY,107.436,1.06,60.0,78.0,1.5,1.5,20,tp,1.5,7,109.998349,false,false,1.7222,0.0
1092,CHFJPY,BUY,190.24066,0.74,75.0,89.0,1.5,1.5,20,tp,1.5,16,193.408167,false,false,1.8767,-0.5425
1093,EURCAD,BUY,1.63395,0.57,75.0,89.0,1.5,1.5,20,sl,-1.0,6,1.61998,false,false,0.0,-1.1345
1094,EURGBP,BUY,0.86861,0.42,55.0,78.0,1.5,1.5,20,tp,1.5,5,0.876818,false,false,1.8713,-0.2047
1095,EURNZD,BUY,2.0262,0.68,85.0,100.0,1.5,1.5,20,tp,1.5,13,2.057201,false,false,1.8222,-0.9097
1096,EURUSD,BUY,1.16444,0.62,68.0,78.0,1.5,1.5,20,sl,-1.0,8,1.153611,false,false,0.2236,-1.1137
1097,GBPCAD,BUY,1.8807,0.55,65.0,89.0,1.5,1.5,20,sl,-1.0,1,1.865184,false,false,0.0,-1.0377
1098,GBPJPY,BUY,202.104,0.91,60.0,78.0,1.5,1.5,20,sl,-1.0,11,199.34528,false,false,0.7717,-1.0918
1099,GBPUSD,BUY,1.34052,0.67,85.0,100.0,1.5,1.5,20,sl,-1.0,5,1.327048,false,false,0.0,-1.1511
1100,NZDJPY,BUY,86.589,1.08,50.0,72.5,1.5,1.5,20,tp,1.5,7,88.693113,false,false,1.5812,0.0
1101,NZDUSD,SELL,0.57445,0.76,70.0,89.0,1.5,1.5,20,tp,1.5,11,0.56427,false,true,1.2368,-0.4399
1102,USDCHF,SELL,0.7924,0.75,65.0,89.0,1.5,1.5,20,sl,-1.0,7,0.801315,false,false,0.0,-0.5777
1103,XAUUSD,BUY,4000.69995,3.52,40.0,84.0,1.5,1.5,20,expired,0.7787,20,4165.200195,false,false,1.1802,-0.3579
1104,AUDCHF,SELL,0.51719,1.12,75.0,100.0,1.5,1.5,20,sl,-1.0,5,0.525879,false,false,0.0,-0.4995
1105,AUDJPY,BUY,98.601,1.27,60.0,78.0,1.5,1.5,20,tp,1.5,16,101.418524,false,false,1.7095,-0.0133
1106,AUDUSD,BUY,0.64919,0.79,55.0,67.0,1.5,1.5,20,tp,1.5,5,0.660729,false,false,1.6327,-0.1612
1107,CADJPY,BUY,108.333,1.06,65.0,89.0,1.5,1.5,20,tp,1.5,19,110.916742,false,false,1.6041,-0.0447
1108,EURAUD,BUY,1.78678,0.84,65.0,89.0,1.5,1.5,20,sl,-1.0,5,1.764267,false,false,0.1279,-1.2779
1109,EURCHF,SELL,0.92413,0.37,65.0,89.0,1.5,1.5,20,sl,-1.0,8,0.929259,false,false,0.0,-0.6688
1110,EURGBP,BUY,0.8679,0.42,55.0,78.0,1.5,1.5,20,tp,1.5,4,0.876102,false,false,2.0026,0.0
1111,EURNZD,BUY,2.02,0.67,65.0,89.0,1.5,1.5,20,tp,1.5,11,2.050451,false,false,1.5044,-0.6207
1112,GBPAUD,SELL,2.0586,0.76,65.0,78.0,1.5,1.5,20,tp,1.5,4,2.023398,false,false,0.8198,0.0
1113,GBPCHF,SELL,1.06469,0.52,65.0,89.0,1.5,1.5,20,tp,1.5,5,1.052233,false,false,1.1608,0.0
1114,GBPJPY,BUY,202.993,0.9,65.0,89.0,1.5,1.5,20,sl,-1.0,9,200.252594,false,false,0.4525,-1.0849
1115,GBPUSD,BUY,1.33652,0.66,65.0,78.0,1.5,1.5,20,sl,-1.0,5,1.323288,false,false,0.0367,-1.2662
1116,NZDJPY,SELL,87.203,1.1,45.0,58.8,1.5,1.5,20,sl,-1.0,6,88.64185,false,false,0.0,-0.5275
1117,USDCAD,BUY,1.40199,0.34,60.0,89.0,1.5,1.5,20,sl,-1.0,4,1.39484,false,false,0.2406,-1.1636
1118,USDJPY,BUY,151.89301,1.01,65.0,78.0,1.5,1.5,20,tp,1.5,19,155.344779,false,false,1.5653,-0.1495
1119,XAUUSD,BUY,4015.8999,3.57,40.0,84.0,1.5,1.5,20,expired,1.1114,20,4254.899902,false,false,1.1495,-0.3729
1120,AUDCHF,SELL,0.51637,1.16,75.0,100.0,1.5,1.5,20,sl,-1.0,4,0.525355,false,false,0.0,-0.5743
1121,AUDNZD,BUY,1.13092,0.57,65.0,89.0,1.5,1.5,20,tp,1.5,7,1.145424,false,false,1.5616,-0.1158
1122,CADCHF,SELL,0.56902,0.83,75.0,89.0,1.5,1.5,20,expired,-0.6296,20,0.57348,false,false,0.4503,-0.6042
1123,CADJPY,BUY,108.622,1.08,65.0,89.0,1.5,1.5,20,tp,1.5,19,111.261515,false,false,1.81,-0.208
1124,EURAUD,BUY,1.78907,0.85,75.0,100.0,1.5,1.5,20,sl,-1.0,4,1.766259,false,false,0.0092,-1.3616
1125,EURCHF,SELL,0.92406,0.37,65.0,89.0,1.5,1.5,20,sl,-1.0,7,0.929189,false,false,0.0,-0.6825
1126,EURJPY,BUY,176.39101,0.75,75.0,89.0,1.5,1.5,20,tp,1.5,14,179.367608,false,false,1.534,-0.3386
1127,EURUSD,BUY,1.16085,0.62,55.0,67.0,1.5,1.5,20,sl,-1.0,8,1.150054,false,false,0.5568,-1.25
1128,GBPAUD,SELL,2.05766,0.8,65.0,78.0,1.5,1.5,20,tp,1.5,3,2.020622,false,false,0.7411,0.0
1129,GBPCHF,SELL,1.06282,0.54,65.0,89.0,1.5,1.5,20,tp,1.5,14,1.049907,false,false,1.1883,0.0
1130,GBPNZD,BUY,2.32722,0.66,70.0,89.0,1.5,1.5,20,sl,-1.0,3,2.304181,false,false,0.0,-1.4367
1131,NZDCAD,SELL,0.80231,0.63,65.0,89.0,1.5,1.5,20,tp,1.5,11,0.790937,false,false,0.8669,-0.3667
1132,NZDJPY,SELL,87.155,1.12,45.0,58.8,1.5,1.5,20,sl,-1.0,5,88.619204,false,false,0.0,-0.5512
1133,USDCAD,BUY,1.39888,0.35,60.0,89.0,1.5,1.5,20,sl,-1.0,4,1.391536,false,false,0.6577,-1.363
1134,USDJPY,BUY,151.95399,1.02,65.0,78.0,1.5,1.5,20,tp,1.5,18,155.441334,false,false,1.5231,-0.1742
1135,AUDCAD,BUY,0.91114,0.76,55.0,67.0,1.5,1.5,20,expired,-0.2291,20,0.90876,false,false,0.9935,-0.5222
1136,AUDJPY,BUY,99.414,1.21,75.0,89.0,1.5,1.5,20,tp,1.5,19,102.120546,false,false,1.6887,-0.3237
1137,AUDNZD,BUY,1.1319,0.57,65.0,89.0,1.5,1.5,20,tp,1.5,7,1.146417,false,false,1.7473,0.0
1138,CADCHF,SELL,0.56837,0.83,75.0,89.0,1.5,1.5,20,sl,-1.0,7,0.575446,false,false,0.0,-0.6967
1139,CHFJPY,BUY,191.91635,0.61,75.0,89.0,1.5,1.5,20,sl,-1.0,7,190.160315,false,false,0.4217,-1.4313
1140,EURCAD,BUY,1.62486,0.6,55.0,78.0,1.5,1.5,20,expired,0.0287,20,1.62528,false,false,0.6086,-0.7344
1141,EURCHF,SELL,0.92365,0.36,65.0,89.0,1.5,1.5,20,sl,-1.0,3,0.928638,false,false,0.0,-0.3027
1142,EURJPY,BUY,177.291,0.66,75.0,100.0,1.5,1.5,20,tp,1.5,15,179.923771,false,false,1.5212,-0.8956
1143,EURUSD,BUY,1.1618,0.6,55.0,67.0,1.5,1.5,20,sl,-1.0,6,1.151344,false,false,0.484,-1.0696
1144,GBPCAD,BUY,1.86394,0.6,55.0,78.0,1.5,1.5,20,sl,-1.0,3,1.847165,false,false,0.3773,-1.616
1145,GBPJPY,BUY,203.37199,0.79,65.0,89.0,1.5,1.5,20,sl,-1.0,3,200.962032,false,false,0.3573,-1.1523
1146,GBPNZD,BUY,2.31554,0.69,70.0,89.0,1.5,1.5,20,sl,-1.0,3,2.291574,false,false,0.0413,-1.4516
1147,NZDCAD,SELL,0.80477,0.64,60.0,78.0,1.5,1.5,20,tp,1.5,10,0.793181,false,false,1.1692,-0.0414
1148,NZDUSD,SELL,0.57552,0.74,70.0,89.0,1.5,1.5,20,tp,1.5,7,0.565938,false,false,0.7813,-0.2834
1149,USDCHF,SELL,0.79508,0.74,75.0,89.0,1.5,1.5,20,sl,-1.0,5,0.803905,false,false,0.0,-0.6481
1150,USDJPY,BUY,152.60201,0.91,75.0,100.0,1.5,1.5,20,tp,1.5,18,155.726536,false,false,1.9669,-0.5055
1151,AUDCAD,BUY,0.91422,0.77,75.0,89.0,1.5,1.5,20,expired,-0.3315,20,0.91072,false,false,0.6857,-0.8054
1152,AUDJPY,BUY,100.0,1.19,75.0,89.0,1.5,1.5,20,expired,0.7031,20,101.254997,false,false,1.3787,-0.6555
1153,AUDUSD,BUY,0.6534,0.81,68.0,78.0,1.5,1.5,20,sl,-1.0,18,0.645461,false,false,1.0518,-1.0946
1154,CADJPY,BUY,109.375,0.91,65.0,89.0,1.5,1.5,20,tp,1.5,17,111.614453,false,false,1.629,-0.7495
1155,CHFJPY,BUY,192.235,0.56,75.0,89.0,1.5,1.5,20,sl,-1.0,2,190.620226,false,false,0.0,-1.0627
1156,EURCAD,BUY,1.62749,0.58,55.0,78.0,1.5,1.5,20,expired,-0.404,20,1.62177,false,false,0.4428,-0.9443
1157,EURGBP,BUY,0.87303,0.42,65.0,89.0,1.5,1.5,20,tp,1.5,2,0.88128,false,false,1.5636,-0.0836
1158,EURNZD,BUY,2.01921,0.66,70.0,89.0,1.5,1.5,20,tp,1.5,8,2.049195,false,false,1.5673,-0.5908
1159,EURUSD,BUY,1.16317,0.58,75.0,89.0,1.5,1.5,20,sl,-1.0,4,1.15305,false,false,0.3648,-1.0663
1160,GBPCAD,BUY,1.86419,0.58,55.0,67.0,1.5,1.5,20,sl,-1.0,2,1.847972,false,false,0.3749,-1.687
1161,GBPJPY,BUY,203.907,0.74,65.0,89.0,1.5,1.5,20,sl,-1.0767,2,201.470001,false,true,0.0,-1.4633
1162,GBPUSD,BUY,1.33224,0.64,65.0,78.0,1.5,1.5,20,sl,-1.0039,3,1.3194,false,true,0.3726,-1.5994
1163,NZDJPY,BUY,88.147,0.98,75.0,89.0,1.5,1.5,20,sl,-1.0,6,86.851239,false,false,0.5094,-1.0473
1164,NZDUSD,SELL,0.57602,0.71,70.0,78.0,1.5,1.5,20,tp,1.5,6,0.566818,false,false,0.8951,-0.2136
1165,USDCHF,SELL,0.79605,0.72,75.0,89.0,1.5,1.5,20,sl,-1.0,4,0.804647,false,false,0.0,-0.5525
1166,XAUUSD,BUY,3960.5,3.49,40.0,73.0,1.5,1.5,20,tp,1.5,18,4271.498263,false,false,1.6355,-0.1196
1167,AUDCHF,SELL,0.52115,1.14,70.0,89.0,1.5,1.5,20,expired,-0.184,20,0.52279,false,false,0.2392,-0.5554
1168,AUDJPY,BUY,100.142,1.16,75.0,89.0,1.5,1.5,20,expired,0.7616,20,101.469002,false,false,1.3309,-0.753
1169,AUDUSD,BUY,0.65586,0.8,75.0,89.0,1.5,1.5,20,sl,-1.0,6,0.64799,false,false,0.7484,-1.2617
1170,CADJPY,BUY,109.12875,0.85,75.0,89.0,1.5,1.5,20,tp,1.5,16,111.215837,false,false,1.9249,-0.6273
1171,EURAUD,BUY,1.77639,0.84,55.0,78.0,1.5,1.5,20,expired,0.227,20,1.78147,false,false,0.9463,-0.8998
1172,EURCHF,SELL,0.92578,0.36,60.0,89.0,1.5,1.5,20,sl,-1.0,4,0.930779,false,false,0.0,-0.3561
1173,EURGBP,BUY,0.8733,0.45,65.0,89.0,1.5,1.5,20,tp,1.5,6,0.882142,false,false,1.6218,0.0
1174,EURNZD,BUY,2.01731,0.62,65.0,89.0,1.5,1.5,20,tp,1.5,7,2.045451,false,false,1.7712,-0.5282
1175,GBPAUD,SELL,2.03389,0.9,85.0,100.0,1.5,1.5,20,expired,0.2586,20,2.02679,false,false,0.8398,0.0
1176,GBPCHF,SELL,1.05995,0.57,65.0,89.0,1.5,1.5,20,tp,1.5,11,1.046356,false,false,0.8121,0.0
1177,GBPJPY,BUY,203.69501,0.73,75.0,89.0,1.5,1.5,20,sl,-1.0,1,201.46455,false,false,0.0,-1.3899
1178,GBPUSD,BUY,1.3341,0.65,65.0,89.0,1.5,1.5,20,sl,-1.0,1,1.321093,false,false,0.0,-1.102
1179,NZDJPY,BUY,88.166,0.96,75.0,89.0,1.5,1.5,20,sl,-1.0,5,86.89641,false,false,0.5049,-1.0838
1180,USDCAD,BUY,1.39914,0.38,60.0,89.0,1.5,1.5,20,sl,-1.0,1,1.391165,false,false,0.0,-1.2878
1181,USDJPY,BUY,152.692,0.81,75.0,89.0,1.5,1.5,20,tp,1.5,15,155.474812,false,false,1.5109,-0.6161
1182,XAUUSD,BUY,3992.8999,3.32,30.0,52.0,1.5,1.5,20,tp,1.5,17,4291.169523,false,false,1.5424,-0.0991
1183,AUDCHF,SELL,0.52207,1.15,70.0,89.0,1.5,1.5,20,expired,-0.0744,20,0.52274,false,false,0.3389,-0.4475
1184,AUDNZD,BUY,1.13854,0.55,75.0,89.0,1.5,1.5,20,tp,1.5,7,1.152629,false,false,1.9121,-0.0117
1185,CADCHF,SELL,0.56875,0.82,60.0,78.0,1.5,1.5,20,expired,-0.5889,20,0.57287,false,false,0.4174,-0.6504
1186,CADJPY,BUY,108.845,0.85,75.0,89.0,1.5,1.5,20,tp,1.5,14,110.926661,false,false,1.622,-0.4244
1187,EURAUD,BUY,1.77018,0.86,55.0,78.0,1.5,1.5,20,expired,0.7462,20,1.78722,false,false,1.1995,-0.61
1188,EURCHF,SELL,0.9241,0.37,65.0,89.0,1.5,1.5,20,sl,-1.0,3,0.929229,false,false,0.0,-0.6746
1189,EURJPY,BUY,176.867,0.62,75.0,89.0,1.5,1.5,20,tp,1.5,10,179.334295,false,false,1.5612,-0.6979
1190,EURUSD,BUY,1.16579,0.5,75.0,89.0,1.5,1.5,20,sl,-1.0,1,1.157047,false,false,0.0,-1.2614
1191,GBPAUD,SELL,2.0164,0.98,75.0,100.0,1.5,1.5,20,sl,-1.0,19,2.046041,false,false,0.1879,-0.364
1192,GBPCHF,SELL,1.05269,0.62,65.0,78.0,1.5,1.5,20,sl,-1.0,4,1.06248,false,false,0.0,-0.3585
1193,GBPNZD,BUY,2.29586,0.72,65.0,78.0,1.5,1.5,20,tp,1.5,7,2.333053,false,false,1.9601,-0.5094
1194,NZDCAD,SELL,0.80595,0.52,55.0,78.0,1.5,1.5,20,tp,1.5,4,0.79652,false,false,0.6554,0.0
1195,NZDJPY,BUY,87.738,0.96,75.0,89.0,1.5,1.5,20,sl,-1.0,5,86.474573,false,false,0.8461,-1.249
1196,USDCAD,BUY,1.39389,0.39,55.0,89.0,1.5,1.5,20,tp,1.5,3,1.406121,false,false,1.6642,-0.1447
1197,USDJPY,BUY,151.731,0.81,75.0,89.0,1.5,1.5,20,tp,1.5,10,154.496297,false,false,1.7835,0.0
1198,AUDCAD,BUY,0.9165,0.67,75.0,89.0,1.5,1.5,20,sl,-1.0,14,0.907289,false,false,0.4393,-1.0748
1199,AUDJPY,BUY,100.438,1.1,75.0,89.0,1.5,1.5,20,expired,0.8997,20,101.929001,false,false,1.2207,-0.9703
1200,AUDNZD,BUY,1.14094,0.51,75.0,89.0,1.5,1.5,20,tp,1.5,6,1.154032,false,false,1.7827,-0.0046
1201,CADCHF,SELL,0.57382,0.81,55.0,78.0,1.5,1.5,20,tp,1.5,11,0.563362,false,false,1.146,0.0
1202,CHFJPY,BUY,190.88,0.58,70.0,89.0,1.5,1.5,20,sl,-1.0,4,189.219344,false,false,0.9002,-1.0749
1203,EURCAD,BUY,1.61727,0.57,55.0,78.0,1.5,1.5,20,expired,0.8093,20,1.62846,false,false,1.1925,-0.2278
1204,EURCHF,SELL,0.92829,0.39,60.0,89.0,1.5,1.5,20,tp,1.5,11,0.920144,false,false,1.0017,-0.4364
1205,EURJPY,BUY,177.2,0.64,75.0,89.0,1.5,1.5,20,tp,1.5,10,179.75168,false,false,1.5937,-0.8706
1206,EURUSD,BUY,1.16034,0.53,55.0,78.0,1.5,1.5,20,sl,-1.0,2,1.151115,false,false,0.0,-1.0542
1207,GBPCAD,BUY,1.839,0.69,55.0,67.0,1.5,1.5,20,expired,1.0497,20,1.85898,false,false,1.1963,-0.3242
1208,GBPJPY,BUY,201.504,0.79,55.0,67.0,1.5,1.5,20,sl,-1.0,4,199.116178,false,false,0.5817,-1.0101
1209,GBPNZD,BUY,2.28904,0.68,65.0,78.0,1.5,1.5,20,tp,1.5,5,2.324062,false,false,1.7252,-0.0017
1210,NZDCAD,SELL,0.80341,0.51,65.0,89.0,1.5,1.5,20,tp,1.5,6,0.794191,false,false,1.2484,0.0
1211,NZDUSD,SELL,0.57643,0.57,65.0,89.0,1.5,1.5,20,tp,1.5,3,0.569037,false,false,1.1974,0.0
1212,USDCHF,SELL,0.7998,0.71,60.0,78.0,1.5,1.5,20,sl,-1.0,2,0.808318,false,false,0.0,-0.4579
1213,USDJPY,BUY,152.722,0.86,75.0,89.0,1.5,1.5,20,tp,1.5,14,155.677171,false,false,2.0187,0.0
1214,AUDCAD,BUY,0.91696,0.61,65.0,89.0,1.5,1.5,20,sl,-1.0,13,0.90857,false,false,0.4274,-1.2348
1215,AUDJPY,BUY,100.948,1.02,65.0,89.0,1.5,1.5,20,sl,-1.0,3,99.403496,false,false,0.1178,-1.3713
1216,AUDUSD,BUY,0.65593,0.73,65.0,89.0,1.5,1.5,20,sl,-1.0,2,0.648748,false,false,0.0431,-1.0804
1217,CADJPY,BUY,110.073,0.86,65.0,89.0,1.5,1.5,20,sl,-1.0,3,108.653058,false,false,0.012,-1.1979
1218,CHFJPY,BUY,191.974,0.6,75.0,89.0,1.5,1.5,20,sl,-1.0,2,190.246234,false,false,0.0,-1.488
1219,EURCAD,BUY,1.6175,0.57,55.0,78.0,1.5,1.5,20,expired,0.6717,20,1.62679,false,false,1.1757,-0.2314
1220,EURGBP,BUY,0.87935,0.49,65.0,89.0,1.5,1.5,20,expired,-0.5152,20,0.87602,false,false,1.1109,-0.7396
1221,EURNZD,BUY,2.01409,0.56,65.0,89.0,1.5,1.5,20,tp,1.5,3,2.039468,false,false,1.5208,-0.1188
1222,EURUSD,BUY,1.15725,0.54,55.0,78.0,1.5,1.5,20,sl,-1.0,2,1.147876,false,false,0.0,-1.0556
1223,GBPCAD,BUY,1.83969,0.69,55.0,67.0,1.5,1.5,20,expired,0.8933,20,1.8567,false,false,1.1596,-0.3603
1224,GBPJPY,BUY,202.509,0.81,55.0,78.0,1.5,1.5,20,sl,-1.0,2,200.048516,false,false,0.1016,-1.0116
1225,GBPUSD,BUY,1.31591,0.7,65.0,78.0,1.5,1.5,20,sl,-1.0,3,1.302093,false,false,0.0,-1.0669
1226,NZDJPY,BUY,88.399,0.87,65.0,89.0,1.5,1.5,20,sl,-1.0,2,87.245393,false,false,0.0,-1.3948
1227,NZDUSD,SELL,0.57453,0.59,85.0,100.0,1.5,1.5,20,tp,1.5,2,0.566903,false,false,0.7869,0.0
1228,USDCHF,SELL,0.80159,0.69,55.0,78.0,1.5,1.5,20,sl,-1.0,2,0.809886,false,false,0.0,-0.6159
1229,XAUUSD,BUY,4122.0,2.44,65.0,89.0,1.5,1.5,20,expired,0.757,20,4236.200195,false,false,1.1772,-0.8259
1230,AUDCHF,SELL,0.52686,0.93,65.0,89.0,1.5,1.5,20,tp,1.5,9,0.515835,false,false,0.9766,0.0
1231,AUDJPY,BUY,100.928,0.96,65.0,89.0,1.5,1.5,20,sl,-1.0,1,99.474637,false,false,0.0,-1.0059
1232,AUDUSD,BUY,0.65457,0.69,65.0,89.0,1.5,1.5,20,sl,-1.0,2,0.647795,false,false,0.0,-1.2753
1233,CADJPY,BUY,110.01,0.85,65.0,89.0,1.5,1.5,20,sl,-1.0,2,108.607373,false,false,0.0,-1.1678
1234,EURAUD,BUY,1.76093,0.67,55.0,78.0,1.5,1.5,20,tp,1.5,4,1.787476,false,false,1.6251,-0.0582
1235,EURCHF,SELL,0.92782,0.4,70.0,89.0,1.5,1.5,20,tp,1.5,9,0.91947,false,false,0.8928,-0.5102
1236,EURGBP,BUY,0.87762,0.47,65.0,78.0,1.5,1.5,20,expired,-0.223,20,0.87624,false,false,1.4401,-0.4929
1237,EURNZD,BUY,2.01385,0.54,65.0,89.0,1.5,1.5,20,tp,1.5,2,2.038318,false,false,1.5921,0.0
1238,GBPAUD,SELL,2.0063,0.82,75.0,89.0,1.5,1.5,20,sl,-1.0,4,2.030977,false,false,0.0,-0.5479
1239,GBPCHF,SELL,1.05704,0.57,65.0,78.0,1.5,1.5,20,tp,1.5,9,1.04327,false,true,1.4506,-0.2191
1240,GBPJPY,BUY,202.519,0.76,55.0,78.0,1.5,1.5,20,sl,-1.0,1,200.210283,false,false,0.0589,-1.0824
1241,GBPUSD,BUY,1.31347,0.67,65.0,78.0,1.5,1.5,20,expired,0.796,20,1.323977,false,false,1.0609,-0.9319
1242,NZDJPY,BUY,88.229,0.85,65.0,89.0,1.5,1.5,20,sl,-1.0,1,87.10408,false,false,0.0,-1.2792
1243,USDCAD,BUY,1.40154,0.42,85.0,100.0,1.5,1.5,20,expired,-0.521,20,1.39694,false,false,1.4055,-0.8709
1244,USDJPY,BUY,154.19501,0.84,65.0,89.0,1.5,1.5,20,tp,1.5,13,157.109296,false,false,1.9003,-0.6907
1245,XAUUSD,BUY,4116.2998,2.26,65.0,89.0,1.5,1.5,20,expired,0.7768,20,4224.700195,false,false,1.3136,-0.8521
1246,AUDCHF,SELL,0.52834,0.93,65.0,78.0,1.5,1.5,20,tp,1.5,7,0.517284,false,false,0.6741,0.0
1247,AUDNZD,BUY,1.14562,0.48,65.0,89.0,1.5,1.5,20,tp,1.5,4,1.157993,false,false,1.6039,0.0
1248,CADCHF,SELL,0.5749,0.73,55.0,78.0,1.5,1.5,20,tp,1.5,7,0.565457,false,false,0.691,0.0
1249,CADJPY,BUY,109.707,0.86,65.0,89.0,1.5,1.5,20,sl,-1.0,2,108.29178,false,false,0.0,-1.0253
1250,EURAUD,BUY,1.76156,0.67,55.0,67.0,1.5,1.5,20,tp,1.5,3,1.788116,false,false,1.5889,0.0
1251,EURCHF,SELL,0.93089,0.39,55.0,89.0,1.5,1.5,20,tp,1.5,7,0.922721,false,false,0.9347,0.0
1252,EURJPY,BUY,177.62,0.68,65.0,89.0,1.5,1.5,20,sl,-1.0,1,175.808276,false,false,0.0,-1.0493
1253,EURUSD,BUY,1.15191,0.53,55.0,67.0,1.5,1.5,20,expired,0.9671,20,1.160766,false,false,1.4693,-0.5348
1254,GBPAUD,SELL,2.00864,0.82,75.0,89.0,1.5,1.5,20,sl,-1.0,3,2.033346,false,false,0.0,-0.4525
1255,GBPCHF,SELL,1.06143,0.58,60.0,78.0,1.5,1.5,20,tp,1.5,6,1.047578,false,false,0.9573,0.0
1256,GBPNZD,BUY,2.30154,0.66,55.0,67.0,1.5,1.5,20,tp,1.5,3,2.335718,false,false,1.8837,-0.0325
1257,NZDCAD,SELL,0.8019,0.51,75.0,89.0,1.5,1.5,20,tp,1.5,3,0.792698,false,false,1.0046,0.0
1258,NZDJPY,BUY,87.98,0.91,65.0,89.0,1.5,1.5,20,sl,-1.1275,1,86.625999,false,true,0.0,-1.5155
1259,USDCAD,BUY,1.40554,0.45,85.0,100.0,1.5,1.5,20,sl,-1.0,18,1.396053,false,false,0.8864,-1.2322
1260,USDJPY,BUY,154.20399,0.82,65.0,89.0,1.5,1.5,20,tp,1.5,12,157.049054,false,false,1.9418,-0.7123
1261,AUDCAD,BUY,0.91442,0.59,55.0,78.0,1.5,1.5,20,sl,-1.0,12,0.906327,false,false,0.757,-1.0755
1262,AUDJPY,BUY,99.583,1.09,60.0,78.0,1.5,1.5,20,tp,1.5,11,102.025273,false,false,1.7676,-0.398
1263,AUDNZD,BUY,1.14941,0.44,65.0,89.0,1.5,1.5,20,tp,1.5,6,1.160789,false,false,1.8323,-0.2518
1264,CADCHF,SELL,0.57455,0.7,55.0,67.0,1.5,1.5,20,tp,1.5,6,0.565501,false,false,0.663,0.0
1265,CHFJPY,BUY,189.47272,0.7,65.0,89.0,1.5,1.5,20,tp,1.5,4,192.456915,false,false,1.606,-0.0071
1266,EURCAD,BUY,1.61938,0.52,55.0,67.0,1.5,1.5,20,expired,0.3792,20,1.62417,false,false,1.1385,-0.19
1267,EURCHF,SELL,0.9306,0.39,55.0,89.0,1.5,1.5,20,tp,1.5,6,0.922434,false,false,0.8817,-0.011
1268,EURJPY,BUY,176.358,0.72,55.0,78.0,1.5,1.5,20,tp,1.5,5,179.215,false,false,1.6155,0.0
1269,EURUSD,BUY,1.14855,0.51,55.0,67.0,1.5,1.5,20,tp,1.5,6,1.16173,false,false,1.8644,0.0
1270,GBPCAD,BUY,1.83593,0.66,55.0,67.0,1.5,1.5,20,expired,0.5871,20,1.8466,false,false,1.4217,-0.1706
1271,GBPJPY,BUY,199.92,0.88,55.0,67.0,1.5,1.5,20,tp,1.5,6,203.878416,false,false,1.5627,0.0
1272,GBPNZD,BUY,2.30764,0.65,68.0,78.0,1.5,1.5,20,tp,1.5,2,2.341389,false,false,1.6365,-0.2058
1273,NZDCAD,SELL,0.79555,0.53,65.0,89.0,1.5,1.5,20,tp,1.5,10,0.786063,false,false,0.6751,0.0
1274,NZDUSD,SELL,0.56424,0.71,75.0,100.0,1.5,1.5,20,sl,-1.0465,16,0.570529,false,true,0.5407,-1.0465
1275,USDCHF,SELL,0.81033,0.66,55.0,67.0,1.5,1.5,20,tp,1.5,5,0.798297,false,false,1.1505,0.0
1276,USDJPY,BUY,153.55701,0.83,65.0,89.0,1.5,1.5,20,tp,1.5,10,156.424687,false,false,1.6435,-0.3682
1277,AUDCAD,BUY,0.91778,0.57,65.0,89.0,1.5,1.5,20,sl,-1.0,8,0.909933,false,false,0.3525,-1.1444
1278,AUDJPY,BUY,100.291,1.04,65.0,78.0,1.5,1.5,20,tp,1.5,20,102.637809,false,false,1.628,-0.8475
1279,AUDUSD,BUY,0.65099,0.77,55.0,78.0,1.5,1.5,20,sl,-1.0,11,0.643471,false,false,0.9363,-1.1744
1280,CADJPY,BUY,109.26,0.89,60.0,78.0,1.5,1.5,20,tp,1.5,9,111.447932,false,false,1.7462,-0.652
1281,CHFJPY,BUY,190.248,0.71,65.0,89.0,1.5,1.5,20,tp,1.5,4,193.287212,false,false,1.9523,-0.3896
1282,EURCAD,BUY,1.62096,0.52,55.0,67.0,1.5,1.5,20,expired,0.518,20,1.62751,false,false,1.0124,-0.3148
1283,EURGBP,BUY,0.88078,0.47,75.0,89.0,1.5,1.5,20,sl,-1.0,15,0.874571,false,false,0.926,-1.0001
1284,EURNZD,BUY,2.02855,0.63,68.0,78.0,1.5,1.5,20,tp,1.5,1,2.057305,false,false,1.842,0.0
1285,EURUSD,BUY,1.14968,0.5,55.0,67.0,1.5,1.5,20,tp,1.5,5,1.162614,false,false,1.7687,0.0
1286,GBPCAD,BUY,1.84022,0.68,55.0,67.0,1.5,1.5,20,expired,1.1497,20,1.8618,false,false,1.4214,-0.3937
1287,GBPJPY,BUY,201.09,0.86,55.0,78.0,1.5,1.5,20,tp,1.5,9,204.981091,false,false,1.6441,-0.1665
1288,GBPUSD,SELL,1.30526,0.69,75.0,89.0,1.5,1.5,20,sl,-1.0,2,1.318769,false,false,0.0,-0.6348
1289,NZDJPY,BUY,87.299,1.02,60.0,78.0,1.5,1.5,20,sl,-1.0,1,85.963325,false,false,0.0,-1.0474
1290,NZDUSD,SELL,0.5669,0.72,75.0,100.0,1.5,1.5,20,sl,-1.0,15,0.573023,false,false,0.9651,-0.5927
1291,USDCHF,SELL,0.80973,0.61,55.0,67.0,1.5,1.5,20,tp,1.5,3,0.798616,false,false,0.4872,0.0
1292,XAUUSD,BUY,4094.19995,2.34,55.0,89.0,1.5,1.5,20,tp,1.5,18,4309.759577,false,false,1.5525,-0.6736
1293,AUDCHF,SELL,0.52263,0.92,68.0,78.0,1.5,1.5,20,sl,-1.0,19,0.529842,false,false,0.5008,-0.495
1294,AUDJPY,BUY,99.165,1.06,60.0,78.0,1.5,1.5,20,tp,1.5,4,101.530085,false,false,1.6788,0.0
1295,AUDUSD,BUY,0.64839,0.78,55.0,78.0,1.5,1.5,20,tp,1.5,18,0.659769,false,false,1.5436,-0.8212
1296,CADJPY,BUY,108.374,0.89,60.0,78.0,1.5,1.5,20,tp,1.5,3,110.544189,false,false,1.5275,0.0
1297,EURAUD,BUY,1.78101,0.68,75.0,89.0,1.5,1.5,20,sl,-1.0,19,1.762844,false,false,0.9116,-1.0883
1298,EURCHF,SELL,0.93091,0.34,45.0,67.0,1.5,1.5,20,tp,1.5,3,0.923789,false,false,0.752,0.0
1299,EURGBP,BUY,0.87882,0.47,75.0,89.0,1.5,1.5,20,sl,-1.0,19,0.872624,false,false,1.2444,-1.0685
1300,EURNZD,BUY,2.04798,0.69,75.0,100.0,1.5,1.5,20,sl,-1.0,14,2.026783,false,false,0.9171,-1.1691
1301,GBPAUD,SELL,2.02641,0.82,60.0,67.0,1.5,1.5,20,expired,0.4092,20,2.01621,false,false,0.4329,-0.0313
1302,GBPCHF,SELL,1.05921,0.56,70.0,89.0,1.5,1.5,20,tp,1.5,3,1.045864,false,false,0.744,0.0
1303,GBPJPY,BUY,200.97,0.86,55.0,78.0,1.5,1.5,20,tp,1.5,8,204.858769,false,false,1.6914,0.0
1304,GBPUSD,SELL,1.3141,0.73,75.0,89.0,1.5,1.5,20,sl,-1.0,18,1.328489,false,false,0.2648,-0.5368
1305,NZDJPY,BUY,86.229,1.08,55.0,78.0,1.5,1.5,20,tp,1.5,9,88.324365,false,false,1.8663,0.0
1306,USDCAD,BUY,1.41118,0.49,75.0,100.0,1.5,1.5,20,sl,-1.0,1,1.400808,false,false,0.0,-1.0682
1307,USDJPY,BUY,152.948,0.82,60.0,78.0,1.5,1.5,20,tp,1.5,8,155.769891,false,false,1.9939,0.0
1308,XAUUSD,BUY,4074.5,2.29,50.0,78.0,1.5,1.5,20,tp,1.5,9,4284.438613,false,false,1.6083,-0.5509
1309,AUDCHF,SELL,0.52472,0.9,68.0,78.0,1.5,1.5,20,tp,1.5,4,0.514094,false,false,0.7112,0.0
1310,AUDNZD,BUY,1.15547,0.44,75.0,89.0,1.5,1.5,20,sl,-1.0,4,1.147844,false,false,1.0281,-1.272
1311,CADCHF,SELL,0.57458,0.64,55.0,67.0,1.5,1.5,20,tp,1.5,3,0.566306,false,false,0.7306,0.0
1312,CADJPY,BUY,109.512,0.9,65.0,89.0,1.5,1.5,20,tp,1.5,7,111.729618,false,false,1.5523,0.0
1313,EURAUD,BUY,1.77507,0.69,75.0,89.0,1.5,1.5,20,sl,-1.0,19,1.756698,false,false,1.2247,-1.2018
1314,EURCHF,SELL,0.93162,0.32,45.0,67.0,1.5,1.5,20,tp,1.5,2,0.924912,false,false,0.9571,0.0
1315,EURJPY,BUY,177.563,0.73,65.0,89.0,1.5,1.5,20,tp,1.5,7,180.479472,false,false,1.7605,0.0
1316,EURUSD,BUY,1.15439,0.51,55.0,67.0,1.5,1.5,20,tp,1.5,18,1.167637,false,false,1.5666,-0.5861
1317,GBPAUD,SELL,2.02077,0.84,60.0,67.0,1.5,1.5,20,sl,-1.0,11,2.046232,false,false,0.2023,-0.2521
1318,GBPCHF,SELL,1.06044,0.54,55.0,78.0,1.5,1.5,20,tp,1.5,2,1.047556,false,false,0.9139,0.0
1319,GBPNZD,BUY,2.33515,0.74,75.0,89.0,1.5,1.5,20,sl,-1.0,4,2.30923,false,false,0.0536,-1.0243
1320,NZDCAD,SELL,0.79001,0.6,65.0,78.0,1.5,1.5,20,sl,-1.0,4,0.79712,false,false,0.0,-0.3643
1321,NZDJPY,BUY,86.537,1.08,55.0,78.0,1.5,1.5,20,tp,1.5,8,88.639849,false,false,1.6399,0.0
1322,USDCAD,BUY,1.40438,0.52,75.0,89.0,1.5,1.5,20,sl,-1.0,18,1.393426,false,false,0.7824,-1.0818
1323,USDJPY,BUY,153.817,0.8,65.0,89.0,1.5,1.5,20,tp,1.5,7,156.585706,false,false,1.5614,-0.0905
1324,AUDCAD,BUY,0.91635,0.54,60.0,78.0,1.5,1.5,20,sl,-1.0,5,0.908928,false,false,0.5653,-1.0172
1325,AUDJPY,BUY,100.7,1.12,65.0,89.0,1.5,1.5,20,tp,1.5,19,103.23764,false,false,1.5741,-0.3156
1326,AUDNZD,BUY,1.15782,0.45,75.0,89.0,1.5,1.5,20,sl,-1.0,3,1.150005,false,false,0.7025,-1.5419
1327,CADCHF,SELL,0.57399,0.65,55.0,67.0,1.5,1.5,20,tp,1.5,2,0.565595,false,false,0.6147,0.0
1328,CHFJPY,BUY,191.43886,0.79,85.0,100.0,1.5,1.5,20,tp,1.5,2,194.841686,false,false,1.5904,0.0
1329,EURCAD,BUY,1.62075,0.5,75.0,89.0,1.5,1.5,20,sl,-1.0,19,1.608594,false,false,1.0703,-1.1698
1330,EURCHF,SELL,0.93046,0.34,45.0,67.0,1.5,1.5,20,tp,1.5,1,0.923342,false,false,0.6575,0.0
1331,EURJPY,BUY,178.144,0.74,65.0,89.0,1.5,1.5,20,tp,1.5,7,181.162994,false,true,1.9394,0.0
1332,EURUSD,BUY,1.15572,0.5,75.0,89.0,1.5,1.5,20,expired,0.9719,20,1.164144,false,false,1.4426,-0.7506
1333,GBPCAD,BUY,1.84724,0.68,68.0,78.0,1.5,1.5,20,expired,-0.0971,20,1.84541,false,false,1.0434,-0.7648
1334,GBPJPY,BUY,203.035,0.86,75.0,89.0,1.5,1.5,20,tp,1.5,11,206.963727,false,false,1.531,-0.2528
1335,GBPNZD,BUY,2.33396,0.73,75.0,89.0,1.5,1.5,20,sl,-1.0,13,2.308403,false,false,0.8056,-1.1649
1336,NZDCAD,SELL,0.79131,0.6,75.0,100.0,1.5,1.5,20,sl,-1.0,11,0.798432,false,false,0.0828,-0.3356
1337,NZDUSD,SELL,0.56438,0.78,75.0,100.0,1.5,1.5,20,sl,-1.0,12,0.570983,false,false,0.5132,-0.9312
1338,USDCHF,SELL,0.80516,0.66,55.0,67.0,1.5,1.5,20,tp,1.5,2,0.793203,false,false,0.7301,0.0
1339,USDJPY,BUY,154.146,0.78,65.0,89.0,1.5,1.5,20,tp,1.5,7,156.992004,false,true,2.0743,-0.275
1340,AUDCAD,BUY,0.91504,0.53,60.0,78.0,1.5,1.5,20,sl,-1.0,5,0.907765,false,false,0.7569,-1.1602
1341,AUDJPY,BUY,100.597,1.11,65.0,89.0,1.5,1.5,20,tp,1.5,17,103.10941,false,false,1.5386,-0.2573
1342,AUDUSD,BUY,0.65295,0.77,65.0,89.0,1.5,1.5,20,sl,-1.0,6,0.645408,false,false,0.6736,-1.0926
1343,CADJPY,BUY,109.925,0.85,65.0,89.0,1.5,1.5,20,tp,1.5,6,112.027316,false,false,1.6831,-0.2462
1344,CHFJPY,BUY,192.489,0.83,65.0,89.0,1.5,1.5,20,expired,0.8654,20,194.562927,false,false,1.3299,-0.0309
1345,EURCAD,BUY,1.62384,0.49,75.0,89.0,1.5,1.5,20,sl,-1.0,17,1.611905,false,false,0.8312,-1.0004
1346,EURGBP,BUY,0.88092,0.49,75.0,89.0,1.5,1.5,20,sl,-1.0,15,0.874445,false,false,0.8664,-1.1151
1347,EURNZD,BUY,2.04809,0.64,75.0,100.0,1.5,1.5,20,sl,-1.0,11,2.028428,false,false,0.9831,-1.2659
1348,EURUSD,BUY,1.15875,0.51,75.0,89.0,1.5,1.5,20,sl,-1.0,7,1.149886,false,false,0.7463,-1.0758
1349,GBPCAD,BUY,1.843,0.69,55.0,67.0,1.5,1.5,20,expired,-0.0613,20,1.84183,false,false,1.2529,-0.5332
1350,GBPJPY,BUY,202.638,0.87,75.0,89.0,1.5,1.5,20,tp,1.5,6,206.604639,false,false,1.5882,-0.1002
1351,GBPUSD,SELL,1.31529,0.72,70.0,89.0,1.5,1.5,20,sl,-1.0,15,1.329495,false,false,0.352,-0.46
1352,NZDJPY,BUY,87.149,1.06,55.0,78.0,1.5,1.5,20,tp,1.5,11,89.227504,false,false,1.7327,0.0
1353,NZDUSD,SELL,0.56573,0.77,75.0,100.0,1.5,1.5,20,sl,-1.0,11,0.572264,false,false,0.7253,-0.7344
1354,USDCHF,SELL,0.80033,0.71,75.0,89.0,1.5,1.5,20,sl,-1.0,7,0.808854,false,false,0.7602,-0.5538
1355,XAUUSD,BUY,4060.0,2.18,50.0,78.0,1.5,1.5,20,tp,1.5,5,4259.143,false,false,1.5298,-0.3156
1356,AUDCHF,SELL,0.52142,1.03,75.0,89.0,1.5,1.5,20,sl,-1.0,15,0.529476,false,false,0.2982,-0.5934
1357,AUDJPY,BUY,101.119,1.12,65.0,89.0,1.5,1.5,20,tp,1.5,18,103.667199,false,false,1.9261,-0.561
1358,AUDUSD,BUY,0.65364,0.78,75.0,89.0,1.5,1.5,20,sl,-1.0,4,0.645992,false,false,0.204,-1.0003
1359,CADJPY,BUY,110.441,0.85,65.0,89.0,1.5,1.5,20,tp,1.5,17,112.553184,false,false,1.6781,-0.6115
1360,EURAUD,BUY,1.77333,0.74,75.0,89.0,1.5,1.5,20,sl,-1.0,16,1.753646,false,false,1.2315,-1.0333
1361,EURCHF,SELL,0.92475,0.41,75.0,89.0,1.5,1.5,20,sl,-1.0,5,0.930437,false,false,0.3341,-0.6119
1362,EURGBP,BUY,0.88294,0.48,75.0,89.0,1.5,1.5,20,sl,-1.0,9,0.876583,false,false,0.5647,-1.1719
1363,EURNZD,BUY,2.04711,0.65,75.0,89.0,1.5,1.5,20,sl,-1.0,10,2.027151,false,false,1.0176,-1.1979
1364,GBPAUD,SELL,2.00832,0.84,65.0,78.0,1.5,1.5,20,sl,-1.0,3,2.033625,false,false,0.0,-0.4043
1365,GBPCHF,SELL,1.04729,0.66,75.0,100.0,1.5,1.5,20,sl,-1.0,6,1.057658,false,false,0.3241,-0.3733
1366,GBPJPY,BUY,203.09801,0.88,75.0,89.0,1.5,1.5,20,tp,1.5,10,207.119351,false,false,1.5215,-0.2704
1367,GBPUSD,SELL,1.31278,0.75,70.0,89.0,1.5,1.5,20,sl,-1.0,14,1.327549,false,false,0.1686,-0.6124
1368,NZDJPY,BUY,87.56,1.04,75.0,89.0,1.5,1.5,20,tp,1.5,11,89.608904,false,false,1.5096,-0.2328
1369,USDCAD,BUY,1.40093,0.5,55.0,78.0,1.5,1.5,20,sl,-1.0,16,1.390423,false,false,1.144,-1.4809
1370,USDJPY,BUY,154.713,0.77,65.0,89.0,1.5,1.5,20,tp,1.5,5,157.393403,false,false,1.7762,-0.5949
1371,XAUUSD,BUY,4079.5,2.19,50.0,78.0,1.5,1.5,20,tp,1.5,5,4280.517362,false,false,1.6424,-0.3216
1372,AUDCHF,SELL,0.51783,1.08,75.0,89.0,1.5,1.5,20,sl,-1.0,9,0.526219,false,false,0.0,-0.6282
1373,AUDNZD,BUY,1.15504,0.53,75.0,89.0,1.5,1.5,20,sl,-1.0,2,1.145857,false,false,0.0,-1.1152
1374,CADCHF,SELL,0.56513,0.79,65.0,89.0,1.5,1.5,20,sl,-1.0378,3,0.57208,false,true,0.0,-0.772
1375,CADJPY,BUY,110.163,0.88,65.0,89.0,1.5,1.5,20,tp,1.5,16,112.344227,false,false,1.8162,-0.0536
1376,EURAUD,BUY,1.78129,0.75,75.0,89.0,1.5,1.5,20,sl,-1.0,14,1.76125,false,false,0.8124,-1.0005
1377,EURCHF,SELL,0.92253,0.44,65.0,89.0,1.5,1.5,20,sl,-1.0,3,0.928619,false,false,0.0,-0.4845
1378,EURJPY,BUY,179.832,0.74,65.0,89.0,1.5,1.5,20,tp,1.5,20,182.826203,false,false,1.6597,-0.2886
1379,EURUSD,BUY,1.1632,0.54,75.0,89.0,1.5,1.5,20,sl,-1.0,3,1.153778,false,false,0.0,-1.0257
1380,GBPAUD,SELL,2.01439,0.84,60.0,78.0,1.5,1.5,20,sl,-1.0,7,2.039771,false,false,0.0,-0.5043
1381,GBPCHF,SELL,1.0432,0.71,75.0,100.0,1.5,1.5,20,sl,-1.0,3,1.05431,false,false,0.0,-0.5851
1382,GBPNZD,BUY,2.3259,0.8,65.0,89.0,1.5,1.5,20,sl,-1.0,17,2.297989,false,false,1.0265,-1.0587
1383,NZDCAD,SELL,0.79294,0.61,75.0,89.0,1.5,1.5,20,sl,-1.0,8,0.800195,false,false,0.306,-0.1047
1384,NZDJPY,BUY,87.364,1.06,75.0,89.0,1.5,1.5,20,tp,1.5,9,89.447631,false,false,1.5737,-0.0878
1385,USDCAD,BUY,1.40355,0.5,60.0,78.0,1.5,1.5,20,sl,-1.0,14,1.393023,false,false,0.893,-1.0469
1386,USDJPY,BUY,154.633,0.79,65.0,89.0,1.5,1.5,20,tp,1.5,4,157.381602,false,false,1.7758,-0.1195
1387,AUDCAD,BUY,0.91566,0.51,55.0,78.0,1.5,1.5,20,sl,-1.0,2,0.908655,false,false,0.0,-1.2934
1388,AUDJPY,BUY,100.985,1.1,65.0,89.0,1.5,1.5,20,tp,1.5,16,103.484379,false,false,2.0441,-0.4915
1389,AUDNZD,BUY,1.15095,0.55,70.0,78.0,1.5,1.5,20,sl,-1.0,7,1.141455,false,false,0.6435,-1.09
1390,CADCHF,SELL,0.56656,0.8,75.0,89.0,1.5,1.5,20,sl,-1.0,2,0.573359,false,false,0.0,-0.5501
1391,CHFJPY,BUY,194.60852,0.88,65.0,89.0,1.5,1.5,20,expired,0.4572,20,195.783005,false,false,0.6232,-0.8539
1392,EURCAD,BUY,1.628,0.51,75.0,89.0,1.5,1.5,20,sl,-1.0,14,1.615546,false,false,0.44,-1.2927
1393,EURCHF,SELL,0.9225,0.43,65.0,89.0,1.5,1.5,20,sl,-1.0,2,0.92845,false,false,0.0,-0.5008
1394,EURJPY,BUY,179.549,0.73,65.0,89.0,1.5,1.5,20,tp,1.5,16,182.498092,false,false,1.5671,0.0
1395,EURUSD,BUY,1.16153,0.54,75.0,89.0,1.5,1.5,20,sl,-1.0,3,1.152122,false,false,0.0,-1.1432
1396,GBPCAD,BUY,1.84442,0.68,68.0,78.0,1.5,1.5,20,expired,-0.2179,20,1.84032,false,false,1.1949,-0.6161
1397,GBPJPY,BUY,203.41901,0.86,75.0,89.0,1.5,1.5,20,tp,1.5,15,207.355168,false,false,1.6367,0.0
1398,GBPNZD,BUY,2.3183,0.78,55.0,78.0,1.5,1.5,20,expired,-0.5379,20,2.30371,false,false,1.3364,-0.8092
1399,NZDCAD,SELL,0.79543,0.62,70.0,78.0,1.5,1.5,20,sl,-1.0,8,0.802827,false,false,0.6367,-0.6962
1400,NZDUSD,SELL,0.56763,0.83,70.0,89.0,1.5,1.5,20,sl,-1.0,10,0.574697,false,false,0.9394,-0.7118
1401,USDCHF,SELL,0.79428,0.81,75.0,89.0,1.5,1.5,20,sl,-1.0,2,0.803931,false,false,0.0,-0.4684
1402,USDJPY,BUY,154.58501,0.77,65.0,89.0,1.5,1.5,20,tp,1.5,3,157.263195,false,false,1.8494,0.0
1403,AUDCAD,BUY,0.91213,0.53,55.0,67.0,1.5,1.5,20,tp,1.5,12,0.923007,false,false,1.6314,-0.8845
1404,AUDJPY,BUY,100.807,1.11,65.0,89.0,1.5,1.5,20,tp,1.5,14,103.324655,false,false,1.5228,-0.2705
1405,AUDUSD,BUY,0.64927,0.79,55.0,67.0,1.5,1.5,20,tp,1.5,12,0.660811,false,false,1.704,-0.9241
1406,CADJPY,BUY,110.48,0.87,65.0,89.0,1.5,1.5,20,tp,1.5,14,112.642646,false,false,1.6119,-0.0257
1407,CHFJPY,BUY,194.98,0.86,75.0,100.0,1.5,1.5,20,sl,-1.0,13,192.464758,false,false,0.2767,-1.0198
1408,EURCAD,BUY,1.62835,0.51,75.0,89.0,1.5,1.5,20,sl,-1.0,13,1.615893,false,false,0.4118,-1.3206
1409,EURGBP,BUY,0.88097,0.44,75.0,100.0,1.5,1.5,20,sl,-1.0,7,0.875156,false,false,0.4695,-1.1007
1410,EURNZD,BUY,2.0496,0.73,75.0,100.0,1.5,1.5,20,sl,-1.0,7,2.027157,false,false,0.794,-1.1763
1411,EURUSD,BUY,1.15906,0.54,75.0,89.0,1.5,1.5,20,sl,-1.0,3,1.149672,false,false,0.0742,-1.0488
1412,GBPCAD,BUY,1.84837,0.6,75.0,89.0,1.5,1.5,20,expired,-0.3697,20,1.84222,false,false,1.1139,-0.9342
1413,GBPJPY,BUY,204.26601,0.79,65.0,89.0,1.5,1.5,20,tp,1.5,15,207.896838,false,false,1.926,-0.1153
1414,GBPUSD,SELL,1.31562,0.68,70.0,89.0,1.5,1.5,20,sl,-1.0,11,1.329039,false,false,0.3972,-0.4624
1415,NZDJPY,BUY,87.77,1.07,75.0,89.0,1.5,1.5,20,tp,1.5,14,89.883063,false,false,1.6284,-0.3748
1416,NZDUSD,SELL,0.56548,0.85,70.0,78.0,1.5,1.5,20,sl,-1.0,7,0.57269,false,false,0.6226,-0.7003
1417,USDCHF,SELL,0.79624,0.82,75.0,89.0,1.5,1.5,20,sl,-1.0,2,0.806034,false,false,0.0,-0.8996
1418,XAUUSD,BUY,4165.2002,2.15,55.0,89.0,1.5,1.5,20,tp,1.5,11,4366.69176,false,false,1.6571,0.0
1419,AUDCHF,SELL,0.5204,1.09,65.0,89.0,1.5,1.5,20,sl,-1.0,11,0.528909,false,false,0.0,-0.6817
1420,AUDJPY,BUY,101.23,1.09,65.0,89.0,1.5,1.5,20,tp,1.5,14,103.712666,false,false,1.9098,-0.5299
1421,AUDUSD,BUY,0.6509,0.77,55.0,67.0,1.5,1.5,20,sl,-1.0,2,0.643382,false,false,0.0,-1.1625
1422,CADJPY,BUY,111.19,0.85,65.0,89.0,1.5,1.5,20,tp,1.5,14,113.316509,false,false,1.6005,-0.5269
1423,EURAUD,BUY,1.77911,0.73,65.0,89.0,1.5,1.5,20,sl,-1.0,12,1.759629,false,false,0.9476,-1.3408
1424,EURCHF,SELL,0.92662,0.45,75.0,89.0,1.5,1.5,20,sl,-1.0,4,0.932875,false,false,0.0,-0.7323
1425,EURGBP,BUY,0.88076,0.43,65.0,89.0,1.5,1.5,20,sl,-1.0,6,0.875079,false,false,0.5175,-1.0896
1426,EURNZD,BUY,2.04631,0.75,70.0,89.0,1.5,1.5,20,sl,-1.0,6,2.023289,false,false,0.917,-1.0039
1427,GBPAUD,SELL,2.01974,0.73,55.0,78.0,1.5,1.5,20,sl,-1.0,4,2.041856,false,false,0.0,-0.3369
1428,GBPCHF,SELL,1.05196,0.7,85.0,100.0,1.5,1.5,20,sl,-1.0,4,1.063006,false,false,0.0,-0.6283
1429,GBPJPY,BUY,204.50101,0.76,65.0,89.0,1.5,1.5,20,tp,1.5,14,207.997977,false,false,1.8989,-0.0897
1430,GBPUSD,SELL,1.31475,0.64,70.0,89.0,1.5,1.5,20,sl,-1.0,8,1.327372,false,false,0.3534,-0.501
1431,NZDJPY,BUY,88.011,1.04,75.0,89.0,1.5,1.5,20,tp,1.5,14,90.070457,false,false,2.0991,-0.5601
1432,USDCAD,BUY,1.39851,0.45,60.0,78.0,1.5,1.5,20,tp,1.5,2,1.41267,false,false,1.5297,0.0
1433,USDJPY,BUY,155.548,0.7,75.0,89.0,1.5,1.5,20,expired,-0.4715,20,154.778,false,false,1.4321,-0.7323
1434,XAUUSD,BUY,4254.8999,2.18,60.0,88.0,1.5,1.5,20,tp,1.5,16,4463.60274,false,false,1.6502,-0.4377
1435,AUDCHF,SELL,0.52264,1.11,55.0,78.0,1.5,1.5,20,sl,-1.0,11,0.531342,false,false,0.0704,-0.7539
1436,AUDNZD,BUY,1.1552,0.58,75.0,100.0,1.5,1.5,20,sl,-1.0,4,1.14515,false,false,0.0,-1.4527
1437,CADCHF,SELL,0.57348,0.85,55.0,78.0,1.5,1.5,20,sl,-1.0,11,0.580792,false,false,0.0,-0.0027
1438,CADJPY,BUY,111.79,0.87,65.0,89.0,1.5,1.5,20,expired,0.6985,20,112.808998,false,false,1.144,-0.9233
1439,EURAUD,BUY,1.77799,0.75,65.0,89.0,1.5,1.5,20,sl,-1.0,11,1.757988,false,false,0.9789,-1.2499
1440,EURCHF,SELL,0.92936,0.45,55.0,78.0,1.5,1.5,20,sl,-1.017,11,0.93574,false,true,0.0,-0.9421
1441,EURJPY,BUY,181.16,0.69,75.0,100.0,1.5,1.5,20,expired,0.7536,20,182.572998,false,false,1.0704,-0.7408
1442,EURUSD,BUY,1.15407,0.51,55.0,78.0,1.5,1.5,20,tp,1.5,9,1.167313,false,false,1.5306,-0.55
1443,GBPAUD,SELL,2.01243,0.76,75.0,89.0,1.5,1.5,20,sl,-1.0,1,2.035372,false,false,0.0,-0.5889
1444,GBPCHF,SELL,1.05187,0.72,75.0,89.0,1.5,1.5,20,sl,-1.0,3,1.06323,false,false,0.0,-0.6188
1445,GBPNZD,BUY,2.32631,0.74,65.0,89.0,1.5,1.5,20,sl,-1.0,8,2.300488,false,false,1.0936,-1.0654
1446,NZDCAD,SELL,0.7882,0.68,75.0,89.0,1.5,1.5,20,sl,-1.0,4,0.79624,false,false,0.0,-0.5349
1447,NZDJPY,BUY,88.13,1.07,75.0,89.0,1.5,1.5,20,tp,1.5,13,90.25173,false,false,1.9534,-0.6278
1448,USDCAD,BUY,1.40425,0.45,65.0,89.0,1.5,1.5,20,sl,-1.0,6,1.394771,false,false,0.9179,-1.0972
1449,USDJPY,BUY,156.992,0.72,75.0,89.0,1.5,1.5,20,sl,-1.0,7,155.296486,false,false,0.3155,-1.3601
1450,AUDCAD,BUY,0.90876,0.57,55.0,67.0,1.5,1.5,20,tp,1.5,9,0.92142,false,true,1.9563,-0.0154
1451,AUDJPY,BUY,101.493,1.19,75.0,89.0,1.5,1.5,20,tp,1.5,12,104.210475,false,false,1.5996,-0.6282
1452,AUDNZD,BUY,1.15345,0.6,70.0,89.0,1.5,1.5,20,sl,-1.0,3,1.143069,false,false,0.0058,-1.2378
1453,CADCHF,SELL,0.57153,0.89,55.0,78.0,1.5,1.5,20,sl,-1.0,10,0.57916,false,false,0.0,-0.2582
1454,CHFJPY,BUY,195.36414,0.84,75.0,100.0,1.5,1.5,20,sl,-1.0,10,192.902552,false,false,0.0,-1.1981
1455,EURCAD,BUY,1.62528,0.51,65.0,89.0,1.5,1.5,20,sl,-1.0,10,1.612847,false,false,0.6595,-1.0761
1456,EURCHF,SELL,0.92904,0.45,55.0,78.0,1.5,1.5,20,sl,-1.0684,10,0.93574,false,true,0.0,-0.9935
1457,EURJPY,BUY,181.52499,0.72,75.0,89.0,1.5,1.5,20,tp,1.5,20,184.465695,false,false,1.5787,-0.732
1458,EURUSD,BUY,1.15346,0.51,55.0,78.0,1.5,1.5,20,tp,1.5,8,1.166696,false,false,1.6006,-0.3599
1459,GBPCAD,SELL,1.84374,0.65,45.0,72.5,1.5,1.5,20,sl,-1.0,3,1.861716,false,false,0.0,-0.3093
1460,GBPJPY,BUY,205.90401,0.82,65.0,89.0,1.5,1.5,20,tp,1.5,20,209.702939,false,false,1.8672,-0.3558
1461,GBPNZD,BUY,2.33994,0.73,65.0,78.0,1.5,1.5,20,sl,-1.0,4,2.314318,false,false,0.5702,-1.1685
1462,NZDCAD,SELL,0.7873,0.7,75.0,89.0,1.5,1.5,20,sl,-1.0,3,0.795567,false,false,0.0,-0.629
1463,NZDUSD,SELL,0.55918,0.85,75.0,89.0,1.5,1.5,20,sl,-1.0,3,0.56631,false,false,0.0,-0.4571
1464,USDCHF,SELL,0.80548,0.81,55.0,78.0,1.5,1.5,20,expired,1.172,20,0.79401,false,false,0.9493,-0.045
1465,USDJPY,BUY,157.369,0.76,75.0,89.0,1.5,1.5,20,sl,-1.0,6,155.574993,false,false,0.0,-1.4955
1466,AUDCAD,BUY,0.91072,0.55,55.0,67.0,1.5,1.5,20,tp,1.5,8,0.92199,false,false,1.7622,-0.2768
1467,AUDJPY,BUY,101.255,1.13,75.0,89.0,1.5,1.5,20,tp,1.5,11,103.829408,false,false,1.8272,-0.5244
1468,AUDUSD,BUY,0.64624,0.78,55.0,67.0,1.5,1.5,20,tp,1.5,7,0.657582,false,false,1.8331,-0.332
1469,CADJPY,BUY,111.165,0.88,65.0,89.0,1.5,1.5,20,tp,1.5,11,113.366067,false,false,1.5633,-0.492
1470,CHFJPY,BUY,193.73201,0.84,70.0,89.0,1.5,1.5,20,tp,1.5,19,197.393545,false,false,1.7493,-0.5395
1471,EURCAD,BUY,1.62177,0.52,55.0,78.0,1.5,1.5,20,sl,-1.0,10,1.60912,false,false,0.9257,-1.2048
1472,EURGBP,BUY,0.87865,0.45,65.0,89.0,1.5,1.5,20,sl,-1.0,8,0.872719,false,false,0.5227,-1.0875
1473,EURNZD,BUY,2.05006,0.75,70.0,89.0,1.5,1.5,20,sl,-1.0,3,2.026997,false,false,0.7527,-1.1646
1474,EURUSD,BUY,1.15076,0.5,55.0,78.0,1.5,1.5,20,tp,1.5,5,1.163706,false,false,1.6718,0.0
1475,GBPCAD,SELL,1.84579,0.63,55.0,78.0,1.5,1.5,20,sl,-1.0,8,1.863233,false,false,0.0,-0.8319
1476,GBPJPY,BUY,205.203,0.76,65.0,89.0,1.5,1.5,20,tp,1.5,11,208.711971,false,false,1.5923,-0.0855
1477,GBPUSD,SELL,1.30964,0.62,85.0,100.0,1.5,1.5,20,sl,-1.0,2,1.32182,false,false,0.0,-0.2426
1478,NZDJPY,BUY,87.933,1.0,75.0,89.0,1.5,1.5,20,tp,1.5,10,89.911493,false,false,1.6156,-0.5239
1479,NZDUSD,SELL,0.56132,0.79,75.0,100.0,1.5,1.5,20,sl,-1.0,2,0.567972,false,false,0.0,-0.1683
1480,USDCHF,SELL,0.80867,0.79,55.0,78.0,1.5,1.5,20,tp,1.5,13,0.794296,false,false,0.8954,0.0
1481,XAUUSD,BUY,4232.5,2.03,65.0,89.0,1.5,1.5,20,tp,1.5,13,4425.819438,false,false,1.9553,-0.2692
1482,AUDCHF,SELL,0.52279,1.13,55.0,78.0,1.5,1.5,20,sl,-1.0,8,0.531651,false,false,0.0,-0.7234
1483,AUDJPY,BUY,101.469,1.06,65.0,89.0,1.5,1.5,20,tp,1.5,10,103.889036,false,false,1.8111,-0.2733
1484,AUDUSD,BUY,0.64658,0.73,55.0,78.0,1.5,1.5,20,tp,1.5,6,0.65738,false,true,1.9096,0.0
1485,CADJPY,BUY,111.227,0.84,65.0,89.0,1.5,1.5,20,tp,1.5,10,113.32919,false,false,1.5926,-0.4624
1486,EURAUD,BUY,1.78147,0.77,65.0,89.0,1.5,1.5,20,sl,-1.0,8,1.760894,false,false,0.3028,-1.3841
1487,EURCHF,SELL,0.93143,0.45,55.0,78.0,1.5,1.5,20,sl,-1.0,9,0.937717,false,false,0.0,-0.7269
1488,EURGBP,BUY,0.87891,0.42,65.0,89.0,1.5,1.5,20,sl,-1.0,7,0.873373,false,false,0.5129,-1.2118
1489,EURNZD,BUY,2.05197,0.73,75.0,100.0,1.5,1.5,20,sl,-1.0,2,2.029501,false,false,0.1985,-1.2804
1490,GBPAUD,SELL,2.02679,0.82,55.0,67.0,1.5,1.5,20,expired,0.1613,20,2.02277,false,false,0.6976,0.0
1491,GBPCHF,SELL,1.05966,0.7,55.0,78.0,1.5,1.5,20,sl,-1.0,7,1.070786,false,false,0.0,-0.6507
1492,GBPJPY,BUY,205.66901,0.67,65.0,78.0,1.5,1.5,20,tp,1.5,10,208.76947,false,false,1.5767,-0.2201
1493,GBPUSD,SELL,1.31062,0.61,78.0,89.0,1.5,1.5,20,sl,-1.0,1,1.322612,false,false,0.0,-0.1646
1494,NZDJPY,BUY,88.087,0.91,65.0,89.0,1.5,1.5,20,tp,1.5,9,89.890581,false,false,1.6442,-0.2221
1495,USDCAD,BUY,1.4109,0.4,75.0,89.0,1.5,1.5,20,sl,-1.0,3,1.402435,false,false,0.0,-2.0141
1496,USDJPY,BUY,156.939,0.74,75.0,89.0,1.5,1.5,20,sl,-1.0,4,155.196977,false,false,0.0,-1.2933
1497,XAUUSD,BUY,4243.0,1.94,55.0,89.0,1.5,1.5,20,tp,1.5,12,4428.20695,false,false,1.9559,-0.3661
1498,AUDCHF,SELL,0.52274,1.09,60.0,78.0,1.5,1.5,20,sl,-1.0,7,0.531287,false,false,0.0,-0.7558
1499,AUDNZD,BUY,1.15032,0.64,65.0,89.0,1.5,1.5,20,expired,-0.3072,20,1.146928,false,false,0.1422,-0.9889
1500,CADCHF,SELL,0.57287,0.9,55.0,78.0,1.5,1.5,20,sl,-1.0,7,0.580604,false,false,0.0,-0.0815
1501,CHFJPY,BUY,193.33087,0.84,70.0,89.0,1.5,1.5,20,tp,1.5,17,196.984823,false,false,1.9177,-0.376
1502,EURAUD,BUY,1.78722,0.72,65.0,89.0,1.5,1.5,20,sl,-1.0,4,1.767918,false,false,0.0,-1.0745
1503,EURCHF,SELL,0.93436,0.46,55.0,78.0,1.5,1.5,20,expired,0.8655,20,0.92878,false,false,0.7213,-0.4994
1504,EURJPY,BUY,180.664,0.67,75.0,89.0,1.5,1.5,20,tp,1.5,17,183.38751,false,false,2.1788,-0.3161
1505,EURUSD,BUY,1.15648,0.53,60.0,78.0,1.5,1.5,20,tp,1.5,11,1.170271,false,false,2.1171,-0.081
1506,GBPAUD,SELL,2.03348,0.78,55.0,67.0,1.5,1.5,20,expired,0.7347,20,2.016,false,false,1.0121,0.0
1507,GBPCHF,SELL,1.06308,0.72,55.0,78.0,1.5,1.5,20,sl,-1.0,8,1.074561,false,false,0.0,-0.6288
1508,GBPNZD,BUY,2.33944,0.74,65.0,89.0,1.5,1.5,20,sl,-1.0,1,2.313472,false,false,0.0,-1.1337
1509,NZDCAD,SELL,0.79298,0.7,70.0,89.0,1.5,1.5,20,sl,-1.0,1,0.801306,false,false,0.0,-0.9128
1510,NZDUSD,SELL,0.56245,0.78,75.0,100.0,1.5,1.5,20,sl,-1.2276,1,0.570529,false,true,0.0,-1.2276
1511,USDCAD,BUY,1.41022,0.4,75.0,89.0,1.5,1.5,20,sl,-1.0,2,1.401759,false,false,0.0,-1.9347
1512,USDJPY,BUY,156.23,0.75,75.0,100.0,1.5,1.5,20,sl,-1.0,7,154.472412,false,false,0.1957,-1.0685
1513,AUDCAD,BUY,0.91592,0.49,75.0,89.0,1.5,1.5,20,sl,-1.0,15,0.909188,false,false,1.4499,-1.071
1514,AUDJPY,BUY,101.929,1.0,65.0,78.0,1.5,1.5,20,tp,1.5,8,104.222403,false,false,1.6103,-0.2682
1515,AUDNZD,BUY,1.14351,0.66,65.0,89.0,1.5,1.5,20,expired,0.4699,20,1.14883,false,false,0.7605,-0.3101
1516,CADCHF,SELL,0.57223,0.88,55.0,78.0,1.5,1.5,20,sl,-1.0,6,0.579783,false,false,0.0,-0.1681
1517,CHFJPY,BUY,194.42,0.83,70.0,78.0,1.5,1.5,20,tp,1.5,17,198.123779,false,true,1.6691,-0.8283
1518,EURCAD,BUY,1.62846,0.5,75.0,89.0,1.5,1.5,20,sl,-1.0,6,1.616247,false,false,0.2645,-1.3559
1519,EURGBP,BUY,0.8759,0.46,65.0,89.0,1.5,1.5,20,expired,-0.6006,20,0.87227,false,false,0.6949,-0.7049
1520,EURJPY,BUY,181.26801,0.66,75.0,89.0,1.5,1.5,20,tp,1.5,16,183.95984,false,false,1.8679,-0.6564
1521,EURUSD,BUY,1.16021,0.5,65.0,89.0,1.5,1.5,20,tp,1.5,10,1.173262,false,false,1.8083,-0.5142
1522,GBPCAD,SELL,1.85898,0.6,55.0,78.0,1.5,1.5,20,expired,0.7459,20,1.8465,false,false,0.8631,-0.0789
1523,GBPJPY,BUY,206.93201,0.69,65.0,78.0,1.5,1.5,20,tp,1.5,16,210.144629,false,false,1.728,-0.8022
1524,GBPNZD,BUY,2.32153,0.71,55.0,78.0,1.5,1.5,20,sl,-1.0,8,2.296806,false,false,0.0,-1.0184
1525,NZDCAD,SELL,0.80061,0.71,65.0,89.0,1.5,1.5,20,expired,0.3246,20,0.797842,false,false,0.502,-0.3894
1526,NZDUSD,SELL,0.5707,0.83,65.0,78.0,1.5,1.5,20,sl,-1.0,5,0.577805,false,false,0.0,-0.7502
1527,USDCHF,SELL,0.80349,0.79,55.0,78.0,1.5,1.5,20,tp,1.5,18,0.789208,false,false,1.2603,-0.1481
1528,XAUUSD,BUY,4217.7002,1.66,55.0,89.0,1.5,1.5,20,tp,1.5,4,4375.231302,false,false,1.6197,-0.1895
1529,AUDCAD,BUY,0.91661,0.5,65.0,89.0,1.5,1.5,20,sl,-1.0322,14,0.909514,false,true,1.3195,-1.1492
1530,AUDJPY,BUY,102.137,0.93,65.0,78.0,1.5,1.5,20,tp,1.5,7,104.274217,false,false,1.582,-0.4337
1531,AUDUSD,BUY,0.65358,0.73,65.0,89.0,1.5,1.5,20,tp,1.5,5,0.664315,false,false,1.5789,0.0
1532,CADJPY,BUY,111.423,0.78,65.0,78.0,1.5,1.5,20,tp,1.5,7,113.378474,false,false,1.5618,-0.6328
1533,CHFJPY,BUY,194.21971,0.8,70.0,89.0,1.5,1.5,20,tp,1.5,15,197.715665,false,false,1.6229,-0.7743
1534,EURCAD,BUY,1.62679,0.51,65.0,89.0,1.5,1.5,20,sl,-1.0,5,1.614345,false,false,0.3937,-1.1965
1535,EURGBP,BUY,0.87602,0.46,65.0,89.0,1.5,1.5,20,expired,-0.6386,20,0.87216,false,false,0.675,-0.8305
1536,EURNZD,BUY,2.02435,0.75,65.0,78.0,1.5,1.5,20,expired,-0.1774,20,2.02031,false,false,0.739,-0.7456
1537,GBPAUD,SELL,2.02571,0.71,55.0,78.0,1.5,1.5,20,expired,0.7273,20,2.01002,false,false,0.756,0.0
1538,GBPCAD,SELL,1.8567,0.62,55.0,78.0,1.5,1.5,20,expired,0.699,20,1.84463,false,false,0.7042,-0.2085
1539,GBPJPY,BUY,206.925,0.65,65.0,78.0,1.5,1.5,20,tp,1.5,15,209.951278,false,false,1.8379,-0.8481
1540,GBPUSD,SELL,1.32412,0.61,55.0,67.0,1.5,1.5,20,sl,-1.0,4,1.336236,false,false,0.1563,-0.6871
1541,NZDJPY,BUY,89.52,0.9,65.0,78.0,1.5,1.5,20,tp,1.5,19,91.33278,false,false,1.5192,-0.5279
1542,NZDUSD,SELL,0.5731,0.84,65.0,78.0,1.5,1.5,20,sl,-1.1895,9,0.58169,false,true,0.0,-0.8141
1543,USDCHF,SELL,0.8046,0.81,55.0,78.0,1.5,1.5,20,tp,1.5,17,0.789936,false,false,1.3411,-0.0307
1544,XAUUSD,BUY,4236.2002,1.6,55.0,78.0,1.5,1.5,20,tp,1.5,7,4388.703407,false,false,1.7046,-0.2793
1545,AUDCHF,SELL,0.52623,0.98,55.0,78.0,1.5,1.5,20,sl,-1.0,4,0.533966,false,false,0.0,-0.3839
1546,AUDNZD,BUY,1.14207,0.61,55.0,67.0,1.5,1.5,20,expired,1.0034,20,1.152556,false,false,1.3311,-0.0737
1547,AUDUSD,BUY,0.65513,0.72,75.0,89.0,1.5,1.5,20,tp,1.5,8,0.66738,false,true,1.8067,-0.1682
1548,CADJPY,BUY,111.609,0.79,65.0,89.0,1.5,1.5,20,tp,1.5,14,113.59285,false,false,2.1488,-0.7644
1549,EURAUD,BUY,1.77071,0.66,55.0,78.0,1.5,1.5,20,sl,-1.0,4,1.75318,false,false,0.2305,-1.0108
1550,EURCHF,SELL,0.93193,0.45,55.0,78.0,1.5,1.5,20,sl,-1.0,5,0.938221,false,false,0.0,-0.647
1551,EURGBP,BUY,0.87624,0.46,65.0,89.0,1.5,1.5,20,expired,-0.8005,20,0.8714,false,false,0.6384,-0.999
1552,EURNZD,BUY,2.02235,0.76,65.0,78.0,1.5,1.5,20,expired,0.1982,20,2.02692,false,false,0.8167,-0.6498
1553,GBPAUD,SELL,2.02058,0.71,75.0,89.0,1.5,1.5,20,expired,0.1366,20,2.01764,false,false,0.5195,0.0
1554,GBPCHF,SELL,1.06346,0.69,55.0,78.0,1.5,1.5,20,sl,-1.0,5,1.074467,false,false,0.0,-0.6214
1555,GBPNZD,BUY,2.30786,0.73,55.0,67.0,1.5,1.5,20,expired,0.7016,20,2.32559,false,false,0.8777,-0.4555
1556,GBPUSD,SELL,1.32398,0.61,55.0,78.0,1.5,1.5,20,sl,-1.0,3,1.336094,false,false,0.1447,-0.6988
1557,NZDJPY,BUY,89.423,0.9,65.0,78.0,1.5,1.5,20,tp,1.5,17,91.233816,false,false,1.5026,-0.3396
1558,USDCAD,BUY,1.39694,0.42,55.0,78.0,1.5,1.5,20,sl,-1.0,4,1.388139,false,false,0.5056,-1.3147
1559,USDJPY,BUY,155.92799,0.73,70.0,89.0,1.5,1.5,20,expired,0.0498,20,156.013,false,false,1.008,-0.923
1560,XAUUSD,BUY,4224.7002,1.57,50.0,78.0,1.5,1.5,20,tp,1.5,2,4373.937735,false,false,1.6393,0.0
1561,AUDCHF,SELL,0.5264,0.94,55.0,78.0,1.5,1.5,20,sl,-1.0,3,0.533822,false,false,0.0,-0.3772
1562,AUDNZD,BUY,1.14244,0.6,55.0,67.0,1.5,1.5,20,tp,1.5,20,1.157863,false,false,1.7506,-0.0233
1563,CADCHF,SELL,0.5743,0.82,55.0,78.0,1.5,1.5,20,sl,-1.0448,4,0.58168,false,true,0.0,-0.722
1564,CHFJPY,BUY,193.27849,0.7,65.0,89.0,1.5,1.5,20,tp,1.5,13,196.322626,false,false,2.3276,-0.4255
1565,EURAUD,BUY,1.77419,0.66,55.0,78.0,1.5,1.5,20,sl,-1.0,3,1.756626,false,false,0.0319,-1.207
1566,EURCHF,SELL,0.93404,0.42,55.0,67.0,1.5,1.5,20,expired,0.6764,20,0.93006,false,false,0.7358,-0.6016
1567,EURJPY,BUY,180.56,0.61,70.0,89.0,1.5,1.5,20,tp,1.5,8,183.038186,false,false,1.5647,-0.2845
1568,EURUSD,BUY,1.16077,0.5,75.0,89.0,1.5,1.5,20,tp,1.5,7,1.173829,false,false,1.7431,0.0
1569,GBPAUD,SELL,2.01898,0.7,75.0,89.0,1.5,1.5,20,expired,0.3849,20,2.01082,false,false,0.4519,-0.0392
1570,GBPCHF,SELL,1.06292,0.61,55.0,67.0,1.5,1.5,20,sl,-1.0,3,1.072646,false,false,0.0,-0.7588
1571,GBPNZD,BUY,2.30676,0.7,55.0,78.0,1.5,1.5,20,expired,0.7613,20,2.3252,false,false,1.3587,-0.4298
1572,NZDCAD,SELL,0.80138,0.68,65.0,78.0,1.5,1.5,20,tp,1.5,20,0.789119,false,false,1.0197,-0.312
1573,NZDUSD,SELL,0.57262,0.83,65.0,78.0,1.5,1.5,20,sl,-1.2722,7,0.58169,false,true,0.0,-0.8919
1574,USDCAD,BUY,1.4,0.43,55.0,78.0,1.5,1.5,20,sl,-1.0,3,1.39097,false,false,0.0,-1.6202
1575,USDJPY,BUY,155.55701,0.72,70.0,89.0,1.5,1.5,20,expired,0.5095,20,156.412994,false,false,1.2452,-0.7173
1576,AUDCAD,BUY,0.91824,0.49,65.0,89.0,1.5,1.5,20,sl,-1.0,10,0.911491,false,false,1.1025,-1.1468
1577,AUDJPY,BUY,102.417,0.89,65.0,89.0,1.5,1.5,20,tp,1.5,13,104.4679,false,false,1.5966,-0.2172
1578,AUDNZD,BUY,1.1451,0.57,55.0,67.0,1.5,1.5,20,tp,1.5,19,1.159786,false,false,1.5668,-0.2962
1579,CADCHF,SELL,0.57463,0.78,55.0,67.0,1.5,1.5,20,sl,-1.0486,3,0.58168,false,true,0.0,-0.7095
1580,CHFJPY,BUY,193.97806,0.64,65.0,89.0,1.5,1.5,20,tp,1.5,12,196.771344,false,false,2.161,-0.8394
1581,EURCAD,BUY,1.62417,0.5,55.0,78.0,1.5,1.5,20,sl,-1.0,2,1.611989,false,false,0.6173,-1.0073
1582,EURGBP,BUY,0.87957,0.46,75.0,89.0,1.5,1.5,20,sl,-1.0,1,0.873501,false,false,0.0,-1.2144
1583,EURJPY,BUY,181.16701,0.59,75.0,100.0,1.5,1.5,20,tp,1.5,12,183.572002,false,false,2.1536,-0.6717
1584,EURUSD,BUY,1.16279,0.5,65.0,89.0,1.5,1.5,20,tp,1.5,6,1.175871,false,false,1.5084,-0.1254
1585,GBPCAD,SELL,1.8466,0.61,75.0,89.0,1.5,1.5,20,sl,-1.0,1,1.863496,false,false,0.0,-0.8108
1586,GBPJPY,BUY,205.96201,0.69,65.0,89.0,1.5,1.5,20,tp,1.5,12,209.15957,false,false,2.1912,0.0
1587,GBPNZD,BUY,2.30262,0.72,55.0,78.0,1.5,1.5,20,tp,1.5,20,2.339922,false,false,1.5839,-0.2521
1588,NZDCAD,SELL,0.80172,0.67,55.0,67.0,1.5,1.5,20,tp,1.5,19,0.789634,false,false,1.0767,-0.2743
1589,NZDUSD,SELL,0.57408,0.82,65.0,78.0,1.5,1.5,20,sl,-1.0777,6,0.58169,false,true,0.0,-0.6937
1590,USDCHF,SELL,0.80286,0.69,75.0,89.0,1.5,1.5,20,tp,1.5,14,0.790396,false,false,1.3683,-0.2455
1591,XAUUSD,BUY,4328.2998,1.6,58.0,83.0,1.5,1.5,20,tp,1.5,6,4484.118593,false,false,1.5037,-0.2975
1592,AUDCAD,BUY,0.92144,0.49,65.0,89.0,1.5,1.5,20,sl,-1.0,7,0.914667,false,false,0.6262,-1.0986
1593,AUDJPY,BUY,102.432,0.86,65.0,89.0,1.5,1.5,20,tp,1.5,12,104.414059,false,false,1.6407,-0.1007
1594,AUDUSD,BUY,0.6605,0.73,65.0,89.0,1.5,1.5,20,tp,1.5,14,0.671349,false,false,1.5901,-0.1659
1595,CADJPY,BUY,111.159,0.78,60.0,78.0,1.5,1.5,20,tp,1.5,3,113.10984,false,false,1.7685,-0.3352
1596,CHFJPY,BUY,193.92508,0.63,55.0,78.0,1.5,1.5,20,tp,1.5,11,196.673968,false,false,2.2248,-0.824
1597,EURCAD,BUY,1.62751,0.49,75.0,89.0,1.5,1.5,20,sl,-1.0,1,1.615548,false,false,0.0,-1.3049
1598,EURGBP,BUY,0.8741,0.48,55.0,67.0,1.5,1.5,20,sl,-1.0,20,0.867806,false,false,0.8691,-1.2791
1599,EURNZD,BUY,2.02046,0.74,65.0,78.0,1.5,1.5,20,expired,0.5819,20,2.03351,false,false,1.0411,-0.5837
1600,GBPAUD,SELL,2.021,0.66,75.0,89.0,1.5,1.5,20,expired,0.5308,20,2.01038,false,false,0.5798,0.0
1601,GBPCAD,SELL,1.8618,0.63,55.0,67.0,1.5,1.5,20,tp,1.5,9,1.835409,false,false,0.981,0.0
1602,GBPJPY,BUY,207.033,0.68,65.0,78.0,1.5,1.5,20,tp,1.5,11,210.200605,false,false,1.7048,-0.3859
1603,GBPUSD,SELL,1.33488,0.64,55.0,67.0,1.5,1.5,20,sl,-1.0,13,1.347695,false,false,0.0652,-0.9374
1604,NZDJPY,BUY,89.541,0.86,65.0,78.0,1.5,1.5,20,tp,1.5,15,91.273618,false,false,1.5713,-0.3117
1605,NZDUSD,SELL,0.57742,0.81,65.0,78.0,1.5,1.5,20,sl,-1.0,14,0.584436,false,false,0.0,-0.8465
1606,USDCHF,SELL,0.79976,0.63,68.0,78.0,1.5,1.5,20,sl,-1.0,2,0.807318,false,false,0.0,-0.3758
1607,XAUUSD,BUY,4335.2002,1.54,68.0,94.0,1.5,1.5,20,tp,1.5,6,4485.414887,false,false,1.9532,-0.3775
1608,AUDCHF,SELL,0.53093,0.88,55.0,67.0,1.5,1.5,20,expired,-0.1221,20,0.531786,false,false,0.6599,-0.2098
1609,AUDNZD,BUY,1.14692,0.52,75.0,89.0,1.5,1.5,20,tp,1.5,17,1.160339,false,false,1.5113,-0.5276
1610,AUDUSD,BUY,0.66064,0.74,65.0,89.0,1.5,1.5,20,tp,1.5,13,0.67164,false,false,1.5492,-0.1827
1611,CADJPY,BUY,111.127,0.83,60.0,78.0,1.5,1.5,20,tp,1.5,2,113.202297,false,false,1.6855,0.0
1612,EURAUD,BUY,1.76225,0.64,55.0,67.0,1.5,1.5,20,sl,-1.0,19,1.745332,false,false,1.0788,-1.1479
1613,EURCHF,SELL,0.93576,0.37,45.0,67.0,1.5,1.5,20,tp,1.5,13,0.92797,false,false,1.1649,-0.3504
1614,EURGBP,BUY,0.87393,0.46,55.0,67.0,1.5,1.5,20,sl,-1.0,19,0.8679,false,false,0.9353,-1.3068
1615,EURNZD,BUY,2.021,0.71,65.0,78.0,1.5,1.5,20,expired,0.1654,20,2.02456,false,false,1.0598,-0.6333
1616,GBPAUD,SELL,2.01621,0.67,75.0,89.0,1.5,1.5,20,expired,0.0247,20,2.01571,false,false,0.3361,-0.1777
1617,GBPCHF,SELL,1.07067,0.6,55.0,67.0,1.5,1.5,20,expired,-0.1308,20,1.07193,false,false,0.6476,-0.1899
1618,GBPNZD,BUY,2.31279,0.68,55.0,78.0,1.5,1.5,20,expired,1.1017,20,2.33878,false,false,1.2386,-0.6969
1619,GBPUSD,SELL,1.33218,0.64,55.0,67.0,1.5,1.5,20,sl,-1.0,7,1.344969,false,false,0.0,-0.2726
1620,NZDJPY,BUY,89.33,0.86,65.0,78.0,1.5,1.5,20,tp,1.5,11,91.058536,false,false,1.549,-0.092
1621,USDCAD,BUY,1.39597,0.5,55.0,78.0,1.5,1.5,20,sl,-1.1968,1,1.38344,false,true,0.0,-1.5253
1622,USDJPY,BUY,155.142,0.74,55.0,78.0,1.5,1.5,20,expired,0.8618,20,156.626007,false,false,1.4558,-0.3902
1623,XAUUSD,BUY,4332.2998,1.55,65.0,89.0,1.5,1.5,20,tp,1.5,4,4483.388756,false,false,1.511,-0.0159
1624,AUDCHF,SELL,0.534,0.84,55.0,67.0,1.5,1.5,20,tp,1.5,7,0.523907,false,false,0.7841,0.0
1625,AUDNZD,BUY,1.1487,0.49,75.0,89.0,1.5,1.5,20,tp,1.5,17,1.161364,false,false,1.6794,-0.7699
1626,CADCHF,SELL,0.58168,0.79,55.0,67.0,1.5,1.5,20,expired,0.8414,20,0.57588,false,false,0.75,0.0
1627,CHFJPY,BUY,192.98956,0.65,55.0,67.0,1.5,1.5,20,tp,1.5,4,195.812032,false,false,1.7112,0.0
1628,EURAUD,BUY,1.75408,0.61,55.0,67.0,1.5,1.5,20,tp,1.5,7,1.778155,false,false,1.5221,-0.3751
1629,EURCHF,SELL,0.93681,0.35,45.0,67.0,1.5,1.5,20,tp,1.5,11,0.929433,false,false,1.1488,-0.1566
1630,EURJPY,BUY,180.814,0.6,70.0,89.0,1.5,1.5,20,tp,1.5,9,183.254989,false,false,2.3388,0.0
1631,EURUSD,BUY,1.16402,0.5,65.0,89.0,1.5,1.5,20,tp,1.5,6,1.177115,false,false,1.8843,-0.2661
1632,GBPAUD,SELL,2.00788,0.64,65.0,89.0,1.5,1.5,20,sl,-1.0,7,2.027156,false,false,0.0,-0.222
1633,GBPCHF,SELL,1.07234,0.59,55.0,67.0,1.5,1.5,20,expired,-0.1897,20,1.07414,false,false,0.8335,-0.0695
1634,GBPNZD,BUY,2.30668,0.67,55.0,67.0,1.5,1.5,20,tp,1.5,17,2.341453,false,false,1.524,-0.4456
1635,NZDCAD,SELL,0.79898,0.72,75.0,89.0,1.5,1.5,20,expired,0.0904,20,0.7982,false,false,0.6878,-0.0834
1636,NZDUSD,SELL,0.5776,0.79,65.0,78.0,1.5,1.5,20,sl,-1.0,12,0.584445,false,false,0.0,-0.8414
1637,USDCAD,BUY,1.38346,0.55,55.0,67.0,1.5,1.5,20,sl,-1.0,11,1.372046,false,false,0.3049,-1.2792
1638,USDJPY,BUY,155.34,0.74,55.0,78.0,1.5,1.5,20,expired,0.7771,20,156.679993,false,false,1.3391,-0.5046
1639,AUDCAD,BUY,0.91771,0.51,65.0,89.0,1.5,1.5,20,sl,-1.0,6,0.91069,false,false,0.5286,-1.027
1640,AUDJPY,BUY,103.277,0.9,65.0,78.0,1.5,1.5,20,tp,1.5,18,105.368359,false,false,1.5863,-0.6749
1641,AUDNZD,BUY,1.14732,0.49,75.0,89.0,1.5,1.5,20,tp,1.5,15,1.159969,false,false,1.5558,-0.6072
1642,CADCHF,SELL,0.58242,0.74,55.0,67.0,1.5,1.5,20,expired,1.1323,20,0.5751,false,false,0.9142,0.0
1643,CHFJPY,BUY,193.17049,0.67,55.0,78.0,1.5,1.5,20,tp,1.5,3,196.082535,false,false,1.5654,0.0
1644,EURCAD,BUY,1.61196,0.54,55.0,78.0,1.5,1.5,20,expired,0.4526,20,1.61787,false,false,0.7283,-0.4488
1645,EURGBP,BUY,0.87344,0.46,55.0,67.0,1.5,1.5,20,sl,-1.0,17,0.867413,false,false,1.0171,-1.2262
1646,EURJPY,BUY,181.39,0.62,75.0,100.0,1.5,1.5,20,tp,1.5,8,183.92039,false,false,1.9147,0.0
1647,EURUSD,BUY,1.16414,0.49,65.0,89.0,1.5,1.5,20,tp,1.5,5,1.176975,false,false,1.9085,-0.2224
1648,GBPCAD,SELL,1.84541,0.71,75.0,89.0,1.5,1.5,20,sl,-1.0,18,1.865064,false,false,0.0443,-0.75
1649,GBPJPY,BUY,207.67,0.69,75.0,100.0,1.5,1.5,20,tp,1.5,9,210.894077,false,false,1.8196,-0.4192
1650,GBPNZD,BUY,2.3061,0.67,55.0,67.0,1.5,1.5,20,tp,1.5,16,2.340864,false,false,1.5494,-0.302
1651,NZDCAD,SELL,0.7994,0.67,68.0,78.0,1.5,1.5,20,expired,-0.0685,20,0.79995,false,false,0.791,-0.0373
1652,NZDUSD,SELL,0.57761,0.75,65.0,78.0,1.5,1.5,20,sl,-1.0,10,0.584108,false,false,0.0,-0.3139
1653,USDCHF,SELL,0.80664,0.6,55.0,67.0,1.5,1.5,20,tp,1.5,2,0.79575,false,false,0.9022,0.0
1654,XAUUSD,BUY,4364.5,1.51,65.0,100.0,1.5,1.5,20,tp,1.5,3,4512.783887,false,false,1.6822,-0.2853
1655,AUDCAD,BUY,0.91898,0.5,65.0,89.0,1.5,1.5,20,sl,-1.0,4,0.912088,false,false,0.2465,-1.0853
1656,AUDJPY,BUY,104.133,0.88,65.0,78.0,1.5,1.5,20,sl,-1.0,4,102.758444,false,false,0.0,-1.2259
1657,AUDUSD,BUY,0.6641,0.66,65.0,78.0,1.5,1.5,20,tp,1.5,18,0.673962,false,false,1.9317,-0.7301
1658,CADJPY,BUY,113.26776,0.83,65.0,89.0,1.5,1.5,20,expired,-0.0849,20,113.148003,false,false,0.9617,-0.7012
1659,CHFJPY,BUY,194.56293,0.68,75.0,89.0,1.5,1.5,20,tp,1.5,7,197.539743,false,false,1.733,-0.325
1660,EURCAD,BUY,1.60984,0.53,55.0,78.0,1.5,1.5,20,expired,0.4899,20,1.61611,false,false,0.9087,-0.2922
1661,EURGBP,BUY,0.87403,0.45,55.0,67.0,1.5,1.5,20,sl,-1.0,16,0.86813,false,false,0.939,-1.3526
1662,EURNZD,BUY,2.01179,0.66,55.0,67.0,1.5,1.5,20,tp,1.5,14,2.041665,false,false,1.6077,-0.0849
1663,GBPAUD,SELL,2.00337,0.64,65.0,89.0,1.5,1.5,20,sl,-1.0,4,2.022602,false,false,0.0,-0.457
1664,GBPCAD,SELL,1.84183,0.69,75.0,89.0,1.5,1.5,20,sl,-1.163,17,1.864,false,true,0.0,-0.961
1665,GBPJPY,BUY,208.634,0.65,75.0,89.0,1.5,1.5,20,tp,1.5,17,211.917999,false,true,1.7162,-0.9168
1666,GBPUSD,SELL,1.33035,0.59,55.0,67.0,1.5,1.5,20,sl,-1.0,1,1.342124,false,false,0.0,-0.4455
1667,NZDJPY,BUY,90.627,0.88,65.0,78.0,1.5,1.5,20,sl,-1.0,4,89.430724,false,false,0.0493,-1.1728
1668,NZDUSD,SELL,0.57795,0.71,65.0,78.0,1.5,1.5,20,sl,-1.0,9,0.584105,false,false,0.0,-0.2761
1669,USDCHF,SELL,0.8059,0.57,55.0,78.0,1.5,1.5,20,tp,1.5,1,0.795564,false,false,0.8432,0.0
1670,XAUUSD,BUY,4387.2998,1.5,75.0,100.0,1.5,1.5,20,tp,1.5,3,4535.371168,false,false,1.6999,-0.1965
1671,AUDCHF,SELL,0.53346,0.89,55.0,67.0,1.5,1.5,20,tp,1.5,4,0.522777,false,false,0.665,0.0
1672,AUDNZD,BUY,1.1465,0.47,68.0,78.0,1.5,1.5,20,tp,1.5,13,1.158624,false,false,1.7246,-0.532
1673,AUDUSD,BUY,0.66745,0.63,75.0,89.0,1.5,1.5,20,sl,-1.0,4,0.661143,false,false,0.0555,-1.1036
1674,CADJPY,BUY,112.983,0.81,65.0,89.0,1.5,1.5,20,expired,0.4873,20,113.652,false,false,1.1954,-0.5128
1675,EURAUD,SELL,1.75301,0.59,65.0,78.0,1.5,1.5,20,sl,-1.0,1,1.768524,false,false,0.0,-0.2591
1676,EURCHF,SELL,0.93528,0.34,45.0,67.0,1.5,1.5,20,tp,1.5,9,0.928125,false,false,1.1677,0.0
1677,EURGBP,BUY,0.87391,0.42,55.0,67.0,1.5,1.5,20,sl,-1.0,15,0.868404,false,false,1.028,-1.4276
1678,EURNZD,BUY,2.01134,0.66,55.0,67.0,1.5,1.5,20,tp,1.5,13,2.041208,false,false,1.6306,0.0
1679,GBPAUD,SELL,2.00581,0.59,65.0,89.0,1.5,1.5,20,sl,-1.0,3,2.023561,false,false,0.0,-0.3577
1680,GBPCHF,SELL,1.07013,0.56,55.0,67.0,1.5,1.5,20,expired,-0.3771,20,1.07352,false,false,0.6341,-0.3193
1681,GBPNZD,BUY,2.30132,0.64,55.0,67.0,1.5,1.5,20,tp,1.5,13,2.334459,false,false,1.7359,-0.1005
1682,GBPUSD,SELL,1.33883,0.63,55.0,67.0,1.5,1.5,20,sl,-1.0,8,1.351482,false,false,0.007,-0.6372
1683,NZDJPY,BUY,90.611,0.85,75.0,89.0,1.5,1.5,20,sl,-1.0,3,89.45571,false,false,0.0649,-1.2006
1684,USDCAD,BUY,1.37894,0.49,65.0,78.0,1.5,1.5,20,sl,-1.0311,9,1.36849,false,true,0.1046,-1.2245
1685,USDJPY,BUY,155.78999,0.72,68.0,78.0,1.5,1.5,20,expired,1.4021,20,158.149002,false,false,1.4252,-0.7845
1686,XAUUSD,BUY,4469.3999,1.53,70.0,99.0,1.5,1.5,20,sl,-1.0,4,4366.827172,false,false,1.1173,-1.4955
1687,AUDCHF,SELL,0.52949,0.91,68.0,78.0,1.5,1.5,20,sl,-1.0,16,0.536718,false,false,0.4407,-0.7007
1688,AUDNZD,BUY,1.14689,0.45,75.0,89.0,1.5,1.5,20,tp,1.5,12,1.158502,false,false,1.7503,-0.6058
1689,CADCHF,SELL,0.57685,0.8,75.0,89.0,1.5,1.5,20,expired,0.3323,20,0.57455,false,false,0.1055,-0.0939
1690,CHFJPY,BUY,195.70599,0.62,65.0,89.0,1.5,1.5,20,tp,1.5,6,198.436089,false,false,1.5131,-0.9824
1691,EURAUD,SELL,1.76182,0.61,65.0,89.0,1.5,1.5,20,sl,-1.0,3,1.777941,false,false,0.0,-0.4224
1692,EURCHF,SELL,0.93298,0.34,65.0,89.0,1.5,1.5,20,expired,0.5779,20,0.93023,false,false,0.6872,-0.3993
1693,EURJPY,BUY,182.62399,0.53,75.0,89.0,1.5,1.5,20,tp,1.5,6,184.801781,false,false,1.5697,-0.7276
1694,EURUSD,BUY,1.17394,0.5,65.0,78.0,1.5,1.5,20,sl,-1.0,18,1.165135,false,false,0.7924,-1.3645
1695,GBPAUD,SELL,2.00975,0.6,65.0,89.0,1.5,1.5,20,sl,-1.0,4,2.027838,false,false,0.0,-0.5169
1696,GBPCHF,SELL,1.06425,0.57,75.0,89.0,1.5,1.5,20,sl,-1.0,15,1.073349,false,false,0.0,-0.7748
1697,GBPNZD,BUY,2.3052,0.64,55.0,67.0,1.5,1.5,20,tp,1.5,12,2.338395,false,false,1.5576,-0.197
1698,NZDCAD,SELL,0.79998,0.65,68.0,78.0,1.5,1.5,20,tp,1.5,12,0.78828,false,false,0.8891,0.0
1699,NZDUSD,SELL,0.58092,0.74,65.0,78.0,1.5,1.5,20,expired,0.5582,20,0.577321,false,false,0.915,-0.3783
1700,USDCAD,BUY,1.37757,0.5,65.0,78.0,1.5,1.5,20,sl,-1.0,8,1.367238,false,false,0.2352,-1.0686
1701,USDJPY,BUY,155.567,0.71,55.0,78.0,1.5,1.5,20,tp,1.5,18,158.052183,false,false,1.5657,-0.6621
1702,AUDCAD,BUY,0.91512,0.52,60.0,78.0,1.5,1.5,20,tp,1.5,14,0.925827,false,false,1.8647,-0.898
1703,AUDJPY,BUY,103.612,0.83,65.0,78.0,1.5,1.5,20,tp,1.5,15,105.546954,false,false,1.7915,-0.9892
1704,AUDNZD,BUY,1.14564,0.48,55.0,67.0,1.5,1.5,20,tp,1.5,11,1.158013,false,false,1.7942,-0.417
1705,CADCHF,SELL,0.57815,0.81,55.0,67.0,1.5,1.5,20,expired,0.1979,20,0.57676,false,false,0.289,0.0
1706,CHFJPY,BUY,195.783,0.62,65.0,89.0,1.5,1.5,20,sl,-1.0,1,193.962218,false,false,0.0,-1.0243
1707,EURCAD,BUY,1.61591,0.51,55.0,78.0,1.5,1.5,20,expired,0.0558,20,1.6166,false,false,0.5396,-0.7936
1708,EURGBP,BUY,0.87802,0.43,75.0,89.0,1.5,1.5,20,sl,-1.0,6,0.872357,false,false,0.2737,-1.063
1709,EURJPY,BUY,182.961,0.55,75.0,89.0,1.5,1.5,20,tp,1.5,19,185.225142,false,false,1.694,-0.9232
1710,EURUSD,BUY,1.17376,0.48,65.0,78.0,1.5,1.5,20,sl,-1.0,16,1.165309,false,false,0.8468,-1.003
1711,GBPCAD,SELL,1.84032,0.64,65.0,89.0,1.5,1.5,20,sl,-1.0,13,1.857987,false,false,0.0,-0.3906
1712,GBPJPY,BUY,208.37,0.63,75.0,100.0,1.5,1.5,20,tp,1.5,5,211.323645,false,false,1.6307,-0.8131
1713,GBPNZD,BUY,2.30371,0.61,55.0,67.0,1.5,1.5,20,tp,1.5,11,2.335328,false,false,1.706,0.0
1714,NZDCAD,SELL,0.79858,0.67,68.0,78.0,1.5,1.5,20,expired,0.2268,20,0.79676,false,false,0.6897,0.0
1715,NZDUSD,SELL,0.58023,0.76,65.0,78.0,1.5,1.5,20,expired,0.9523,20,0.573931,false,false,0.7877,-0.4731
1716,USDCHF,SELL,0.79614,0.63,65.0,89.0,1.5,1.5,20,expired,-0.6473,20,0.80101,false,false,0.8666,-0.3416
1717,XAUUSD,BUY,4502.7998,1.6,68.0,94.0,1.5,1.5,20,sl,-1.0,2,4394.732605,false,false,0.7514,-1.7286
1718,AUDCAD,BUY,0.91445,0.52,55.0,78.0,1.5,1.5,20,tp,1.5,13,0.925149,false,false,1.96,-0.8047
1719,AUDJPY,BUY,102.953,0.86,60.0,78.0,1.5,1.5,20,tp,1.5,7,104.945141,false,false,1.6558,-0.4646
1720,AUDUSD,BUY,0.66418,0.64,75.0,89.0,1.5,1.5,20,tp,1.5,13,0.673744,false,false,1.5294,-0.7653
1721,CADJPY,BUY,112.576,0.82,65.0,89.0,1.5,1.5,20,tp,1.5,19,114.653027,false,false,1.565,-0.2145
1722,CHFJPY,BUY,194.71899,0.65,65.0,89.0,1.5,1.5,20,tp,1.5,3,197.566755,false,false,1.7294,-0.1901
1723,EURCAD,BUY,1.61844,0.5,68.0,78.0,1.5,1.5,20,sl,-1.0,10,1.606302,false,false,0.187,-1.0166
1724,EURGBP,BUY,0.87845,0.41,75.0,89.0,1.5,1.5,20,sl,-1.0,4,0.873048,false,false,0.2073,-1.0532
1725,EURNZD,BUY,2.03125,0.63,68.0,78.0,1.5,1.5,20,expired,-0.2141,20,2.02714,false,false,0.6543,-0.8309
1726,GBPAUD,SELL,2.01438,0.56,60.0,78.0,1.5,1.5,20,expired,0.1962,20,2.01106,false,false,0.3256,-0.3209
1727,GBPCAD,SELL,1.84222,0.63,65.0,89.0,1.5,1.5,20,sl,-1.0,12,1.859629,false,false,0.0,-0.2872
1728,GBPJPY,BUY,207.407,0.63,70.0,89.0,1.5,1.5,20,tp,1.5,3,210.346994,false,false,1.6459,-0.1668
1729,GBPUSD,SELL,1.33806,0.59,55.0,67.0,1.5,1.5,20,sl,-1.0,5,1.349902,false,false,0.0,-0.7458
1730,NZDJPY,BUY,89.677,0.88,70.0,89.0,1.5,1.5,20,tp,1.5,18,91.452605,false,false,1.7774,-0.3193
1731,NZDUSD,SELL,0.57861,0.72,65.0,78.0,1.5,1.5,20,sl,-1.0,6,0.584859,false,false,0.0336,-0.76
1732,USDCHF,SELL,0.79601,0.63,65.0,89.0,1.5,1.5,20,sl,-1.0,20,0.803532,false,false,0.8495,-0.4374
1733,XAUUSD,BUY,4552.7002,1.6,70.0,99.0,1.5,1.5,20,sl,-1.0,1,4443.435395,false,false,0.2617,-2.1663
1734,AUDCHF,BUY,0.52726,0.95,50.0,72.5,1.5,1.5,20,tp,1.5,19,0.53853,false,false,1.5266,-0.6468
1735,AUDNZD,BUY,1.14666,0.41,60.0,78.0,1.5,1.5,20,tp,1.5,9,1.157238,false,false,1.9541,-0.4906
1736,AUDUSD,BUY,0.6634,0.6,70.0,78.0,1.5,1.5,20,tp,1.5,6,0.672356,false,false,1.5744,-0.6867
1737,CADJPY,BUY,112.511,0.82,65.0,89.0,1.5,1.5,20,tp,1.5,6,114.586828,false,false,1.5269,0.0
1738,EURAUD,SELL,1.77139,0.57,60.0,78.0,1.5,1.5,20,tp,1.5,11,1.748672,false,false,1.2123,0.0
1739,EURCHF,SELL,0.93428,0.33,65.0,89.0,1.5,1.5,20,tp,1.5,5,0.927343,false,false,0.9882,0.0
1740,EURGBP,BUY,0.87514,0.41,75.0,89.0,1.5,1.5,20,sl,-1.0,11,0.869758,false,false,0.6596,-1.6889
1741,EURNZD,BUY,2.03119,0.54,75.0,89.0,1.5,1.5,20,sl,-1.0,20,2.014737,false,false,0.767,-1.0631
1742,GBPAUD,SELL,2.02386,0.57,55.0,78.0,1.5,1.5,20,tp,1.5,13,1.997904,false,false,0.8449,0.0
1743,GBPCHF,SELL,1.06749,0.54,75.0,89.0,1.5,1.5,20,sl,-1.0,17,1.076137,false,false,0.3539,-0.6719
1744,GBPNZD,BUY,2.3207,0.56,75.0,89.0,1.5,1.5,20,expired,0.4489,20,2.32945,false,false,1.2491,-0.5243
1745,GBPUSD,SELL,1.3425,0.59,65.0,78.0,1.5,1.5,20,sl,-1.0,12,1.354381,false,false,0.3163,-0.5792
1746,NZDJPY,BUY,89.51,0.81,65.0,89.0,1.5,1.5,20,tp,1.5,4,91.14132,false,false,1.5273,0.0
1747,USDCAD,BUY,1.37561,0.48,65.0,78.0,1.5,1.5,20,sl,-1.0,6,1.365706,false,false,0.4432,-1.152
1748,USDJPY,BUY,154.778,0.74,55.0,67.0,1.5,1.5,20,tp,1.5,2,157.355054,false,false,1.5768,0.0
1749,XAUUSD,BUY,4343.6001,2.04,60.0,89.0,1.5,1.5,20,tp,1.5,9,4542.971345,false,false,2.2338,-0.4462
1750,AUDCHF,SELL,0.5249,0.98,75.0,89.0,1.5,1.5,20,sl,-1.0,10,0.532616,false,false,0.0,-0.4406
1751,AUDNZD,BUY,1.14396,0.41,60.0,78.0,1.5,1.5,20,tp,1.5,6,1.154513,false,false,1.538,0.0
1752,CADCHF,SELL,0.57682,0.84,75.0,89.0,1.5,1.5,20,expired,0.3151,20,0.57453,false,false,0.1472,-0.0936
1753,CHFJPY,BUY,195.50458,0.68,65.0,89.0,1.5,1.5,20,tp,1.5,5,198.4958,false,false,1.5279,0.0
1754,EURAUD,SELL,1.7786,0.56,55.0,78.0,1.5,1.5,20,tp,1.5,4,1.75619,false,false,1.1673,0.0
1755,EURCHF,SELL,0.93366,0.34,65.0,89.0,1.5,1.5,20,expired,1.0963,20,0.92844,false,false,0.8337,0.0
1756,EURJPY,BUY,182.573,0.59,65.0,89.0,1.5,1.5,20,tp,1.5,16,184.996657,false,false,1.8227,-0.0996
1757,EURUSD,BUY,1.17423,0.47,75.0,89.0,1.5,1.5,20,sl,-1.0,13,1.165952,false,false,0.8077,-1.0807
1758,GBPAUD,SELL,2.02578,0.56,55.0,78.0,1.5,1.5,20,tp,1.5,12,2.000255,false,false,0.972,0.0
1759,GBPCHF,SELL,1.06344,0.57,75.0,89.0,1.5,1.5,20,sl,-1.0,11,1.072532,false,false,0.0,-0.8645
1760,GBPNZD,BUY,2.31754,0.54,65.0,89.0,1.5,1.5,20,expired,0.4256,20,2.32553,false,false,1.4655,-0.3761
1761,NZDCAD,SELL,0.79523,0.56,65.0,89.0,1.5,1.5,20,sl,-1.0,20,0.80191,false,false,0.3271,-0.7291
1762,NZDUSD,SELL,0.5773,0.61,78.0,89.0,1.5,1.5,20,sl,-1.0,3,0.582582,false,false,0.0,-0.4448
1763,USDCAD,BUY,1.37838,0.44,65.0,78.0,1.5,1.5,20,sl,-1.0,3,1.369283,false,false,0.1781,-1.0465
1764,USDJPY,BUY,155.495,0.76,55.0,78.0,1.5,1.5,20,tp,1.5,14,158.153965,false,false,1.504,0.0
1765,AUDCAD,BUY,0.91109,0.51,55.0,78.0,1.5,1.5,20,tp,1.5,9,0.921545,false,false,1.8623,0.0
1766,AUDJPY,BUY,102.893,0.89,60.0,78.0,1.5,1.5,20,tp,1.5,4,104.953432,false,false,1.6446,0.0
1767,AUDNZD,BUY,1.14497,0.44,60.0,78.0,1.5,1.5,20,tp,1.5,7,1.15632,false,true,2.0472,0.0
1768,CADCHF,SELL,0.5762,0.85,75.0,89.0,1.5,1.5,20,expired,0.1606,20,0.57502,false,false,0.1266,-0.177
1769,CHFJPY,BUY,195.93187,0.73,65.0,89.0,1.5,1.5,20,tp,1.5,15,199.150051,false,false,1.6244,0.0
1770,EURCAD,BUY,1.61536,0.48,75.0,89.0,1.5,1.5,20,expired,-0.061,20,1.61465,false,false,0.7274,-0.7962
1771,EURGBP,BUY,0.87596,0.43,75.0,89.0,1.5,1.5,20,sl,-1.0,6,0.87031,false,false,0.0,-1.0195
1772,EURJPY,BUY,182.425,0.63,75.0,100.0,1.5,1.5,20,tp,1.5,15,185.010874,false,false,1.7942,0.0
1773,EURUSD,BUY,1.17257,0.46,75.0,89.0,1.5,1.5,20,sl,-1.0,13,1.164479,false,false,1.0316,-1.3156
1774,GBPCAD,SELL,1.84394,0.64,55.0,78.0,1.5,1.5,20,sl,-1.1332,10,1.864,false,true,0.0,-0.9157
1775,GBPJPY,BUY,208.243,0.65,75.0,100.0,1.5,1.5,20,tp,1.5,1,211.288554,false,false,1.644,0.0
1776,GBPNZD,BUY,2.31719,0.57,65.0,89.0,1.5,1.5,20,expired,-0.1206,20,2.3148,false,false,1.4062,-0.8828
1777,NZDCAD,SELL,0.79559,0.58,65.0,89.0,1.5,1.5,20,sl,-1.0,19,0.802512,false,false,0.3677,-0.6516
1778,NZDUSD,SELL,0.57761,0.64,78.0,89.0,1.5,1.5,20,sl,-1.0,2,0.583155,false,false,0.0,-0.3678
1779,USDCHF,SELL,0.79401,0.6,65.0,89.0,1.5,1.5,20,sl,-1.0,13,0.801156,false,false,0.6143,-0.6577
1780,XAUUSD,BUY,4341.1001,2.16,60.0,89.0,1.5,1.5,20,tp,1.5,7,4552.077565,false,false,2.1287,-0.1521
1781,AUDCAD,BUY,0.91148,0.51,55.0,78.0,1.5,1.5,20,tp,1.5,8,0.921939,false,false,1.8056,0.0
1782,AUDJPY,BUY,104.218,0.94,65.0,78.0,1.5,1.5,20,tp,1.5,14,106.422211,false,false,1.6625,-0.2232
1783,AUDUSD,BUY,0.66102,0.62,70.0,89.0,1.5,1.5,20,tp,1.5,2,0.67029,false,true,1.7861,0.0
1784,CADJPY,BUY,114.297,0.88,75.0,89.0,1.5,1.5,20,sl,-1.0,11,112.78828,false,false,0.2167,-1.0247
1785,CHFJPY,BUY,198.09422,0.78,65.0,78.0,1.5,1.5,20,expired,0.9379,20,200.268005,false,false,0.9392,-0.822
1786,EURCAD,BUY,1.61436,0.47,55.0,67.0,1.5,1.5,20,expired,0.688,20,1.62219,false,false,0.8312,-0.7258
1787,EURGBP,BUY,0.87513,0.42,55.0,78.0,1.5,1.5,20,sl,-1.0,8,0.869617,false,false,0.0,-1.6469
1788,EURNZD,BUY,2.03419,0.54,65.0,89.0,1.5,1.5,20,sl,-1.0,1,2.017713,false,false,0.0,-1.0056
1789,GBPAUD,SELL,2.0232,0.54,55.0,78.0,1.5,1.5,20,tp,1.5,10,1.998618,false,false,0.8519,0.0
1790,GBPCAD,SELL,1.84436,0.64,55.0,78.0,1.5,1.5,20,sl,-1.1092,9,1.864,false,true,0.0,-0.8918
1791,GBPJPY,BUY,210.875,0.72,75.0,89.0,1.5,1.5,20,expired,0.7416,20,212.563995,false,false,1.4973,-0.3644
1792,GBPUSD,SELL,1.3377,0.62,65.0,78.0,1.5,1.5,20,sl,-1.0,1,1.350141,false,false,0.0,-0.7389
1793,NZDJPY,BUY,90.718,0.87,75.0,100.0,1.5,1.5,20,tp,1.5,20,92.493805,false,false,1.6564,-0.6386
1794,NZDUSD,SELL,0.57549,0.65,85.0,100.0,1.5,1.5,20,sl,-1.0,1,0.581101,false,false,0.0,-0.7413
1795,USDCHF,SELL,0.79583,0.61,65.0,89.0,1.5,1.5,20,sl,-1.0,16,0.803112,false,false,0.8528,-0.4765
1796,XAUUSD,BUY,4329.6001,2.17,55.0,89.0,1.5,1.5,20,tp,1.5,6,4540.992825,false,false,2.2061,0.0
1797,AUDCHF,SELL,0.5265,0.97,75.0,89.0,1.5,1.5,20,sl,-1.0,8,0.534161,false,false,0.0,-0.3916
1798,AUDNZD,BUY,1.14844,0.43,65.0,89.0,1.5,1.5,20,tp,1.5,5,1.159551,false,false,1.62,-0.3834
1799,AUDUSD,BUY,0.66584,0.65,75.0,100.0,1.5,1.5,20,tp,1.5,9,0.675578,false,false,1.6883,0.0
1800,CADJPY,BUY,114.085,0.9,75.0,89.0,1.5,1.5,20,expired,0.2474,20,114.466003,false,false,0.5928,-0.8662
1801,EURAUD,SELL,1.7666,0.59,55.0,78.0,1.5,1.5,20,tp,1.5,7,1.743148,false,false,0.868,0.0
1802,EURCHF,SELL,0.93108,0.35,55.0,89.0,1.5,1.5,20,expired,0.3151,20,0.92954,false,false,0.401,0.0
1803,EURGBP,BUY,0.87343,0.4,55.0,67.0,1.5,1.5,20,sl,-1.0,7,0.868189,false,false,0.2042,-1.4082
1804,EURNZD,BUY,2.02927,0.55,75.0,89.0,1.5,1.5,20,sl,-1.0,17,2.012529,false,false,0.8685,-1.3004
1805,GBPAUD,SELL,2.02277,0.53,55.0,67.0,1.5,1.5,20,tp,1.5,9,1.998648,false,false,0.8414,0.0
1806,GBPCHF,SELL,1.06588,0.53,75.0,89.0,1.5,1.5,20,sl,-1.0,9,1.074354,false,false,0.0,-0.8402
1807,GBPNZD,BUY,2.32309,0.53,65.0,89.0,1.5,1.5,20,sl,-1.0,18,2.304621,false,false,1.1891,-1.2665
1808,GBPUSD,SELL,1.34699,0.62,65.0,78.0,1.5,1.5,20,expired,0.4032,20,1.34194,false,false,0.4549,-0.191
1809,NZDJPY,BUY,90.931,0.87,75.0,100.0,1.5,1.5,20,tp,1.5,20,92.710974,false,false,2.1464,-0.8166
1810,USDCAD,SELL,1.37487,0.46,75.0,89.0,1.5,1.5,20,sl,-1.1522,10,1.3858,false,true,0.6831,-1.0889
1811,USDJPY,BUY,156.877,0.89,65.0,89.0,1.5,1.5,20,expired,0.7539,20,158.455994,false,false,1.2228,-0.6231
1812,XAUUSD,BUY,4451.5,2.17,65.0,100.0,1.5,1.5,20,tp,1.5,10,4668.844487,false,false,2.2085,-0.2519
1813,AUDCHF,SELL,0.52772,0.95,75.0,89.0,1.5,1.5,20,sl,-1.0,7,0.53524,false,false,0.0,-0.2367
1814,AUDNZD,BUY,1.14693,0.43,65.0,89.0,1.5,1.5,20,tp,1.5,4,1.158027,false,false,1.8262,0.0
1815,CADCHF,SELL,0.57532,0.81,75.0,89.0,1.5,1.5,20,expired,0.4263,20,0.57234,false,false,0.0601,-0.3119
1816,CHFJPY,BUY,198.24205,0.77,65.0,78.0,1.5,1.5,20,expired,1.1425,20,200.858002,false,false,1.3258,-0.8966
1817,EURAUD,SELL,1.75984,0.62,75.0,89.0,1.5,1.5,20,tp,1.5,8,1.73513,false,true,1.2519,0.0
1818,EURCHF,SELL,0.92878,0.36,55.0,89.0,1.5,1.5,20,sl,-1.0,13,0.933795,false,false,0.0,-0.4387
1819,EURJPY,BUY,184.13699,0.71,75.0,89.0,1.5,1.5,20,expired,1.0979,20,186.289993,false,false,1.3865,-0.7277
1820,EURUSD,BUY,1.17955,0.48,75.0,89.0,1.5,1.5,20,sl,-1.0486,6,1.170645,false,true,0.046,-1.595
1821,GBPAUD,SELL,2.016,0.53,75.0,89.0,1.5,1.5,20,tp,1.5,18,1.991959,false,false,1.193,0.0
1822,GBPCHF,SELL,1.06401,0.49,65.0,89.0,1.5,1.5,20,sl,-1.0153,7,1.07195,false,true,0.0,-0.9322
1823,GBPNZD,BUY,2.31262,0.53,55.0,78.0,1.5,1.5,20,tp,1.5,5,2.340198,false,false,1.5986,-0.0718
1824,NZDCAD,SELL,0.79945,0.59,60.0,78.0,1.5,1.5,20,tp,1.5,4,0.788837,false,false,0.9053,0.0
1825,NZDUSD,SELL,0.5843,0.72,65.0,78.0,1.5,1.5,20,tp,1.5,4,0.574834,false,false,0.7923,0.0
1826,USDCAD,SELL,1.36855,0.48,75.0,89.0,1.5,1.5,20,sl,-1.0,6,1.378404,false,false,0.0162,-0.5622
1827,USDJPY,BUY,156.17599,0.9,65.0,89.0,1.5,1.5,20,tp,1.5,13,159.338554,false,false,1.5472,-0.2058
1828,AUDCAD,BUY,0.91679,0.47,68.0,78.0,1.5,1.5,20,tp,1.5,6,0.926485,false,false,1.8009,-0.5168
1829,AUDJPY,BUY,104.656,0.89,65.0,78.0,1.5,1.5,20,tp,1.5,16,106.751736,false,false,1.5439,-0.2262
1830,AUDNZD,BUY,1.14883,0.42,75.0,89.0,1.5,1.5,20,tp,1.5,3,1.159686,false,false,1.6041,0.0
1831,CADCHF,SELL,0.57627,0.75,75.0,89.0,1.5,1.5,20,tp,1.5,20,0.566545,false,false,1.1337,-0.1897
1832,CHFJPY,BUY,198.03792,0.74,65.0,78.0,1.5,1.5,20,expired,0.6354,20,199.434769,false,false,1.4738,-0.8411
1833,EURCAD,BUY,1.61099,0.43,55.0,67.0,1.5,1.5,20,tp,1.5,20,1.626576,false,false,1.6572,-0.4706
1834,EURGBP,BUY,0.87227,0.35,45.0,78.0,1.5,1.5,20,sl,-1.0,5,0.867691,false,false,0.487,-1.3583
1835,EURJPY,BUY,183.92999,0.7,75.0,89.0,1.5,1.5,20,tp,1.5,19,186.826887,false,false,1.5151,-0.6317
1836,EURUSD,BUY,1.17854,0.48,75.0,89.0,1.5,1.5,20,sl,-1.0,5,1.170055,false,false,0.0372,-1.4774
1837,GBPCAD,SELL,1.8465,0.53,60.0,78.0,1.5,1.5,20,sl,-1.1921,6,1.864,false,true,0.0688,-0.9299
1838,GBPJPY,BUY,210.842,0.69,75.0,89.0,1.5,1.5,20,tp,1.5,11,214.115322,false,false,1.5778,-0.2676
1839,GBPNZD,BUY,2.31421,0.53,55.0,78.0,1.5,1.5,20,tp,1.5,4,2.341807,false,false,1.511,0.0
1840,NZDCAD,SELL,0.79784,0.57,60.0,78.0,1.5,1.5,20,tp,1.5,3,0.787608,false,false,0.7029,0.0
1841,NZDUSD,SELL,0.58364,0.71,65.0,78.0,1.5,1.5,20,tp,1.5,3,0.574316,false,false,0.6982,0.0
1842,USDCHF,SELL,0.78805,0.64,65.0,78.0,1.5,1.5,20,sl,-1.0,5,0.795615,false,false,0.0,-0.5353
1843,XAUUSD,BUY,4462.5,2.18,65.0,100.0,1.5,1.5,20,tp,1.5,8,4681.385625,false,false,2.1175,-0.3255
1844,AUDCAD,BUY,0.91753,0.45,75.0,89.0,1.5,1.5,20,tp,1.5,5,0.92682,false,false,1.76,-0.6588
1845,AUDJPY,BUY,105.048,0.88,65.0,89.0,1.5,1.5,20,tp,1.5,16,107.12795,false,false,1.5411,-0.4774
1846,AUDUSD,BUY,0.67141,0.64,75.0,100.0,1.5,1.5,20,tp,1.5,17,0.681078,false,false,1.9234,-0.816
1847,CADJPY,BUY,114.492,0.74,75.0,89.0,1.5,1.5,20,sl,-1.0,6,113.221139,false,false,0.0795,-1.0725
1848,CHFJPY,BUY,198.2841,0.75,65.0,78.0,1.5,1.5,20,expired,0.1142,20,198.538788,false,false,1.342,-0.9392
1849,EURCAD,BUY,1.60884,0.38,45.0,78.0,1.5,1.5,20,tp,1.5,15,1.622596,false,false,1.6335,-0.2988
1850,EURGBP,BUY,0.87216,0.36,45.0,78.0,1.5,1.5,20,sl,-1.0,4,0.86745,false,false,0.4968,-1.2973
1851,EURNZD,BUY,2.02031,0.59,55.0,78.0,1.5,1.5,20,sl,-1.0,15,2.00243,false,false,1.3143,-1.231
1852,GBPAUD,SELL,2.01002,0.51,75.0,89.0,1.5,1.5,20,tp,1.5,16,1.986955,false,false,0.8545,0.0
1853,GBPCAD,SELL,1.84463,0.46,75.0,89.0,1.5,1.5,20,sl,-1.0,4,1.857358,false,false,0.0,-0.0841
1854,GBPJPY,BUY,211.16701,0.68,75.0,89.0,1.5,1.5,20,tp,1.5,18,214.397865,false,false,1.703,-0.422
1855,GBPUSD,SELL,1.34973,0.57,65.0,78.0,1.5,1.5,20,sl,-1.4316,19,1.366251,false,true,0.7312,-1.2652
1856,NZDJPY,BUY,91.15011,0.84,75.0,100.0,1.5,1.5,20,sl,-1.0,7,90.001619,false,false,0.0,-1.0345
1857,NZDUSD,SELL,0.58261,0.73,55.0,67.0,1.5,1.5,20,tp,1.5,8,0.573041,false,false,1.1897,0.0
1858,USDCHF,SELL,0.78924,0.62,65.0,78.0,1.5,1.5,20,sl,-1.0,4,0.79658,false,false,0.0,-0.3897
1859,XAUUSD,BUY,4460.7002,2.21,65.0,100.0,1.5,1.5,20,tp,1.5,7,4682.508517,false,false,2.1018,0.0
1860,AUDCHF,BUY,0.52807,0.88,68.0,78.0,1.5,1.5,20,tp,1.5,11,0.538526,false,false,1.5293,-0.1392
1861,AUDNZD,BUY,1.15256,0.43,65.0,89.0,1.5,1.5,20,tp,1.5,4,1.163711,false,false,1.7622,0.0
1862,AUDUSD,BUY,0.66955,0.63,75.0,100.0,1.5,1.5,20,tp,1.5,16,0.679041,false,false,2.2533,-0.5373
1863,CADJPY,BUY,114.006,0.72,75.0,100.0,1.5,1.5,20,sl,-1.0,6,112.774735,false,false,0.4767,-1.0193
1864,EURAUD,SELL,1.7583,0.58,75.0,89.0,1.5,1.5,20,tp,1.5,5,1.73513,false,true,1.2388,0.0
1865,EURCHF,SELL,0.92877,0.34,55.0,78.0,1.5,1.5,20,sl,-1.0,10,0.933507,false,false,0.0,-0.4666
1866,EURGBP,BUY,0.8714,0.36,45.0,78.0,1.5,1.5,20,sl,-1.0,3,0.866694,false,false,0.6588,-1.137
1867,EURNZD,BUY,2.02692,0.59,60.0,78.0,1.5,1.5,20,sl,-1.0,13,2.008982,false,false,0.9416,-1.0826
1868,GBPAUD,SELL,2.01764,0.48,75.0,89.0,1.5,1.5,20,tp,1.5,11,1.995849,false,false,0.6037,0.0
1869,GBPCHF,SELL,1.0656,0.46,60.0,78.0,1.5,1.5,20,sl,-1.0,4,1.072953,false,false,0.0,-0.7752
1870,GBPNZD,BUY,2.32559,0.54,65.0,89.0,1.5,1.5,20,sl,-1.0,14,2.306753,false,false,1.0331,-1.3744
1871,GBPUSD,SELL,1.3511,0.58,65.0,78.0,1.5,1.5,20,sl,-1.2889,18,1.366251,false,true,0.8344,-1.1256
1872,NZDJPY,BUY,90.6,0.81,75.0,100.0,1.5,1.5,20,tp,1.5,14,92.251185,false,false,1.716,-0.5796
1873,USDCAD,SELL,1.36872,0.39,65.0,89.0,1.5,1.5,20,sl,-1.0,3,1.376727,false,false,0.0,-0.6707
1874,USDJPY,BUY,156.013,0.82,55.0,78.0,1.5,1.5,20,tp,1.5,9,158.89144,false,false,1.654,0.0
1875,XAUUSD,BUY,4500.8999,2.19,65.0,100.0,1.5,1.5,20,tp,1.5,6,4722.681743,false,false,1.8302,0.0
1876,AUDCHF,BUY,0.53017,0.84,68.0,78.0,1.5,1.5,20,tp,1.5,15,0.54019,false,false,1.7036,-0.4596
1877,AUDNZD,BUY,1.15626,0.45,65.0,89.0,1.5,1.5,20,tp,1.5,4,1.167967,false,false,1.6541,0.0
1878,CADCHF,SELL,0.57809,0.65,60.0,78.0,1.5,1.5,20,tp,1.5,17,0.56778,false,true,1.6269,0.0
1879,CHFJPY,BUY,197.51892,0.69,65.0,78.0,1.5,1.5,20,tp,1.5,16,200.831192,false,true,1.8386,-0.6505
1880,EURAUD,SELL,1.75405,0.59,75.0,89.0,1.5,1.5,20,tp,1.5,4,1.730765,false,false,0.947,0.0
1881,EURCHF,SELL,0.93006,0.32,55.0,78.0,1.5,1.5,20,sl,-1.0,9,0.934524,false,false,0.0,-0.2061
1882,EURJPY,BUY,183.72,0.64,75.0,100.0,1.5,1.5,20,tp,1.5,16,186.365568,false,false,1.7781,-0.5727
1883,EURUSD,BUY,1.17473,0.47,70.0,89.0,1.5,1.5,20,sl,-1.0,2,1.166448,false,false,0.2436,-1.0536
1884,GBPAUD,SELL,2.01082,0.48,75.0,89.0,1.5,1.5,20,tp,1.5,14,1.989103,false,false,0.9628,0.0
1885,GBPCHF,SELL,1.06622,0.44,60.0,78.0,1.5,1.5,20,sl,-1.0,3,1.073257,false,false,0.0,-0.7219
1886,GBPNZD,BUY,2.3252,0.56,65.0,78.0,1.5,1.5,20,sl,-1.0,13,2.305668,false,false,1.0163,-1.3056
1887,NZDCAD,SELL,0.79276,0.58,65.0,89.0,1.5,1.5,20,sl,-1.0,4,0.799657,false,false,0.0,-0.7293
1888,NZDUSD,SELL,0.57915,0.79,75.0,89.0,1.5,1.5,20,sl,-1.0,14,0.586013,false,false,0.6018,-0.4505
1889,USDCAD,SELL,1.36947,0.39,65.0,89.0,1.5,1.5,20,sl,-1.0,2,1.377481,false,false,0.0,-0.5767
1890,USDJPY,BUY,156.41299,0.81,75.0,89.0,1.5,1.5,20,tp,1.5,9,159.263617,false,false,1.5918,-0.1337
1891,AUDCAD,BUY,0.91598,0.44,75.0,89.0,1.5,1.5,20,tp,1.5,2,0.925048,false,false,2.0594,0.0
1892,AUDJPY,BUY,104.662,0.78,65.0,89.0,1.5,1.5,20,tp,1.5,7,106.498818,false,false,1.6324,-0.08
1893,AUDNZD,BUY,1.15979,0.46,65.0,78.0,1.5,1.5,20,expired,0.0125,20,1.15989,false,false,1.1721,-0.9859
1894,CADCHF,SELL,0.57731,0.6,60.0,78.0,1.5,1.5,20,tp,1.5,16,0.56778,false,true,1.6148,0.0
1895,CHFJPY,BUY,197.86848,0.67,65.0,78.0,1.5,1.5,20,tp,1.5,15,200.851347,false,false,1.7144,-0.8446
1896,EURCAD,BUY,1.61172,0.36,45.0,78.0,1.5,1.5,20,tp,1.5,16,1.624775,false,false,1.8947,-0.6342
1897,EURGBP,BUY,0.87205,0.37,45.0,78.0,1.5,1.5,20,sl,-1.0,1,0.86721,false,false,0.0,-1.2397
1898,EURJPY,BUY,184.16299,0.64,75.0,100.0,1.5,1.5,20,tp,1.5,15,186.814937,false,false,1.5232,-0.8218
1899,EURUSD,BUY,1.17505,0.43,70.0,89.0,1.5,1.5,20,sl,-1.0,1,1.167471,false,false,0.0,-1.1936
1900,GBPCAD,SELL,1.8476,0.48,55.0,78.0,1.5,1.5,20,sl,-1.2328,2,1.864,false,true,0.0,-0.9434
1901,GBPJPY,BUY,211.16,0.63,75.0,100.0,1.5,1.5,20,tp,1.5,7,214.153193,false,false,1.5661,-0.4099
1902,GBPNZD,BUY,2.33982,0.58,65.0,78.0,1.5,1.5,20,sl,-1.0,11,2.319464,false,false,0.2569,-1.1539
1903,NZDCAD,SELL,0.78956,0.6,65.0,78.0,1.5,1.5,20,sl,-1.0231,2,0.79683,false,true,0.0,-0.8683
1904,NZDUSD,SELL,0.57579,0.78,65.0,89.0,1.5,1.5,20,sl,-1.0,12,0.582527,false,false,0.1143,-0.4763
1905,USDCHF,SELL,0.79203,0.56,70.0,89.0,1.5,1.5,20,sl,-1.0,4,0.798683,false,false,0.0,-0.6869
1906,XAUUSD,BUY,4599.1001,2.2,68.0,100.0,1.5,1.5,20,tp,1.5,5,4826.755555,false,false,1.924,-0.3953
1907,AUDCAD,BUY,0.91874,0.45,75.0,89.0,1.5,1.5,20,tp,1.5,1,0.928042,false,false,1.5625,0.0
1908,AUDJPY,BUY,104.923,0.76,65.0,89.0,1.5,1.5,20,tp,1.5,11,106.717183,false,false,1.5801,-0.1639
1909,AUDUSD,BUY,0.66839,0.64,85.0,100.0,1.5,1.5,20,tp,1.5,13,0.678015,false,false,2.4028,-0.2977
1910,CADJPY,BUY,114.191,0.7,75.0,100.0,1.5,1.5,20,sl,-1.0,3,112.991995,false,false,0.0,-1.201
1911,CHFJPY,BUY,197.842,0.68,65.0,89.0,1.5,1.5,20,tp,1.5,14,200.868983,false,false,1.7025,-0.8191
1912,EURCAD,BUY,1.60892,0.36,45.0,67.0,1.5,1.5,20,tp,1.5,5,1.621952,false,false,1.5723,0.0
1913,EURGBP,BUY,0.87097,0.38,45.0,67.0,1.5,1.5,20,sl,-1.0736,1,0.86564,false,true,0.0,-1.3153
1914,EURNZD,BUY,2.03351,0.64,65.0,89.0,1.5,1.5,20,sl,-1.0,9,2.013988,false,false,0.0446,-1.0148
1915,GBPAUD,SELL,2.01038,0.49,75.0,89.0,1.5,1.5,20,tp,1.5,12,1.988216,false,false,0.9136,0.0
1916,GBPCAD,SELL,1.84721,0.51,55.0,78.0,1.5,1.5,20,sl,-1.1882,1,1.864,false,true,0.0,-0.9157
1917,GBPJPY,BUY,210.957,0.63,75.0,100.0,1.5,1.5,20,tp,1.5,6,213.947315,false,false,1.6694,-0.3085
1918,GBPUSD,BUY,1.3438,0.61,70.0,89.0,1.5,1.5,20,tp,1.5,15,1.366251,false,true,2.2327,-0.5889
1919,NZDJPY,BUY,90.341,0.79,55.0,78.0,1.5,1.5,20,tp,1.5,11,91.946811,false,false,2.0065,-0.354
1920,NZDUSD,SELL,0.57556,0.8,65.0,89.0,1.5,1.5,20,sl,-1.0,11,0.582467,false,false,0.0782,-0.4979
1921,USDCHF,SELL,0.7934,0.56,65.0,89.0,1.5,1.5,20,sl,-1.0,4,0.800065,false,false,0.0,-0.7968
1922,XAUUSD,BUY,4635.7002,2.15,55.0,89.0,1.5,1.5,20,tp,1.5,4,4859.952197,false,false,1.7083,-0.6461
1923,AUDCHF,BUY,0.53179,0.8,65.0,89.0,1.5,1.5,20,tp,1.5,12,0.541362,false,false,1.5294,-0.2805
1924,AUDNZD,BUY,1.16023,0.47,75.0,89.0,1.5,1.5,20,sl,-1.0,10,1.15205,false,false,1.093,-1.0184
1925,AUDUSD,BUY,0.67134,0.67,75.0,100.0,1.5,1.5,20,tp,1.5,12,0.68146,false,false,1.8479,-0.7203
1926,CADJPY,BUY,113.714,0.7,70.0,89.0,1.5,1.5,20,sl,-1.0,14,112.520003,false,false,1.4255,-1.3593
1927,EURAUD,SELL,1.74489,0.61,65.0,89.0,1.5,1.5,20,tp,1.5,12,1.720941,false,false,1.0497,0.0
1928,EURCHF,SELL,0.92792,0.31,55.0,78.0,1.5,1.5,20,sl,-1.0,3,0.932235,false,false,0.0,-0.7092
1929,EURGBP,BUY,0.86557,0.42,55.0,67.0,1.5,1.5,20,tp,1.5,11,0.87375,false,false,1.6468,-0.0862
1930,EURNZD,BUY,2.02456,0.65,55.0,78.0,1.5,1.5,20,sl,-1.0,10,2.004821,false,false,0.4975,-1.3303
1931,GBPAUD,SELL,2.01571,0.51,75.0,89.0,1.5,1.5,20,tp,1.5,11,1.99258,false,false,1.2211,0.0
1932,GBPCHF,SELL,1.07193,0.44,55.0,67.0,1.5,1.5,20,sl,-1.0,6,1.079005,false,false,0.0,-0.2078
1933,GBPNZD,BUY,2.33878,0.57,65.0,78.0,1.5,1.5,20,sl,-1.0,9,2.318783,false,false,0.3136,-1.1227
1934,GBPUSD,BUY,1.3534,0.65,75.0,100.0,1.5,1.5,20,sl,-1.0,3,1.340204,false,false,0.0,-1.0606
1935,NZDJPY,BUY,90.607,0.75,55.0,78.0,1.5,1.5,20,tp,1.5,10,92.135993,false,false,1.8463,-0.6328
1936,USDCAD,SELL,1.37725,0.41,65.0,89.0,1.5,1.5,20,sl,-1.0094,2,1.3858,false,true,0.0,-0.9386
1937,USDJPY,BUY,156.62601,0.75,75.0,89.0,1.5,1.5,20,tp,1.5,6,159.269074,false,false,1.5959,-0.1856
1938,XAUUSD,BUY,4623.7002,2.12,55.0,89.0,1.5,1.5,20,tp,1.5,3,4844.2507,false,false,1.8186,-0.5754
1939,AUDCHF,BUY,0.53575,0.81,65.0,89.0,1.5,1.5,20,tp,1.5,19,0.545514,false,false,1.8281,-0.8833
1940,AUDNZD,BUY,1.16501,0.48,75.0,89.0,1.5,1.5,20,sl,-1.0,9,1.156622,false,false,0.2992,-1.5629
1941,CADCHF,SELL,0.57588,0.61,65.0,89.0,1.5,1.5,20,tp,1.5,13,0.56778,false,true,1.3209,0.0
1942,CHFJPY,BUY,196.89082,0.65,60.0,78.0,1.5,1.5,20,tp,1.5,9,199.770348,false,false,1.6795,-0.3656
1943,EURAUD,SELL,1.7346,0.63,65.0,78.0,1.5,1.5,20,tp,1.5,12,1.710012,false,false,0.9901,-0.2751
1944,EURCHF,SELL,0.92997,0.32,50.0,78.0,1.5,1.5,20,sl,-1.0,5,0.934434,false,false,0.0,-0.2263
1945,EURJPY,BUY,183.12601,0.63,60.0,78.0,1.5,1.5,20,tp,1.5,11,185.721821,false,false,1.6602,-0.234
1946,EURUSD,BUY,1.16883,0.45,65.0,78.0,1.5,1.5,20,sl,-1.0,6,1.16094,false,false,0.1311,-1.1961
1947,GBPAUD,SELL,2.00395,0.53,65.0,89.0,1.5,1.5,20,tp,1.5,11,1.980053,false,false,1.1079,-0.1099
1948,GBPCHF,SELL,1.07414,0.42,55.0,67.0,1.5,1.5,20,tp,1.5,9,1.063989,false,false,0.4906,0.0
1949,GBPNZD,BUY,2.3348,0.54,65.0,89.0,1.5,1.5,20,sl,-1.0,9,2.315888,false,false,0.542,-1.856
1950,NZDCAD,SELL,0.7982,0.61,55.0,78.0,1.5,1.5,20,sl,-1.0,9,0.805504,false,false,0.152,-0.6435
1951,NZDUSD,SELL,0.5782,0.77,75.0,89.0,1.5,1.5,20,sl,-1.0,9,0.584878,false,false,0.4762,-0.1196
1952,USDCAD,SELL,1.38155,0.41,65.0,89.0,1.5,1.5,20,sl,-1.0,2,1.390047,false,false,0.0,-0.559
1953,USDJPY,BUY,156.67999,0.71,65.0,89.0,1.5,1.5,20,tp,1.5,4,159.182953,false,false,1.5024,-0.1276
1954,AUDCAD,BUY,0.93148,0.56,65.0,78.0,1.5,1.5,20,tp,1.5,10,0.943217,false,false,1.5094,-0.7515
1955,AUDJPY,BUY,105.352,0.72,75.0,89.0,1.5,1.5,20,tp,1.5,9,107.058702,false,false,1.611,-0.2637
1956,AUDNZD,BUY,1.16417,0.47,75.0,89.0,1.5,1.5,20,sl,-1.0,8,1.155963,false,false,0.4082,-1.495
1957,CADCHF,SELL,0.5751,0.59,65.0,89.0,1.5,1.5,20,tp,1.5,12,0.567466,false,false,1.2142,0.0
1958,CHFJPY,BUY,196.45349,0.62,60.0,78.0,1.5,1.5,20,tp,1.5,3,199.194016,false,false,1.622,-0.0654
1959,EURCAD,BUY,1.61787,0.35,65.0,89.0,1.5,1.5,20,tp,1.5,13,1.630611,false,false,1.7319,-0.7664
1960,EURGBP,BUY,0.86757,0.39,45.0,67.0,1.5,1.5,20,sl,-1.0,18,0.862495,false,false,1.3753,-1.1172
1961,EURJPY,BUY,183.02699,0.6,60.0,78.0,1.5,1.5,20,tp,1.5,3,185.497854,false,false,1.5122,-0.0874
1962,EURUSD,BUY,1.16768,0.44,55.0,67.0,1.5,1.5,20,sl,-1.0,5,1.159973,false,false,0.2834,-1.0752
1963,GBPCAD,SELL,1.86472,0.52,55.0,67.0,1.5,1.5,20,sl,-1.0,13,1.879265,false,false,0.3114,-0.4173
1964,GBPJPY,BUY,210.91,0.6,70.0,78.0,1.5,1.5,20,tp,1.5,3,213.757285,false,false,1.778,-0.0769
1965,GBPNZD,BUY,2.33082,0.52,65.0,89.0,1.5,1.5,20,sl,-1.0,8,2.31264,false,false,0.7827,-1.7117
1966,NZDCAD,SELL,0.79995,0.63,55.0,78.0,1.5,1.5,20,sl,-1.0,8,0.80751,false,false,0.3783,-0.3902
1967,NZDUSD,SELL,0.57739,0.8,75.0,89.0,1.5,1.5,20,sl,-1.0,8,0.584319,false,false,0.3421,-0.2322
1968,USDCHF,SELL,0.79765,0.57,55.0,78.0,1.5,1.5,20,tp,1.5,11,0.78742,false,false,0.9208,-0.4326
1969,XAUUSD,BUY,4765.7998,1.93,60.0,88.0,1.5,1.5,20,tp,1.5,3,4972.754656,false,false,1.6351,-0.0631
1970,AUDCAD,BUY,0.92854,0.58,65.0,78.0,1.5,1.5,20,tp,1.5,9,0.940657,false,false,1.8259,-0.3144
1971,AUDJPY,BUY,105.087,0.73,75.0,89.0,1.5,1.5,20,tp,1.5,8,106.813054,false,false,1.8232,0.0
1972,AUDUSD,BUY,0.67011,0.72,70.0,89.0,1.5,1.5,20,tp,1.5,9,0.680966,false,false,1.8926,-0.4518
1973,CADJPY,BUY,113.148,0.68,65.0,89.0,1.5,1.5,20,tp,1.5,9,114.879164,false,false,1.603,0.0
1974,CHFJPY,BUY,196.26408,0.61,60.0,78.0,1.5,1.5,20,tp,1.5,2,198.957804,false,false,1.7556,0.0
1975,EURCAD,BUY,1.61611,0.34,65.0,89.0,1.5,1.5,20,tp,1.5,12,1.628473,false,false,1.9983,-0.5763
1976,EURGBP,BUY,0.86758,0.37,45.0,67.0,1.5,1.5,20,sl,-1.0,17,0.862765,false,false,1.4475,-1.1796
1977,EURNZD,BUY,2.0265,0.63,75.0,89.0,1.5,1.5,20,sl,-1.0,7,2.00735,false,false,0.2627,-1.4726
1978,GBPAUD,SELL,2.0055,0.51,65.0,89.0,1.5,1.5,20,tp,1.5,8,1.982487,false,false,0.5619,-0.013
1979,GBPCAD,SELL,1.86273,0.49,55.0,67.0,1.5,1.5,20,sl,-1.0,11,1.876421,false,false,0.1855,-0.3623
1980,GBPJPY,BUY,210.77299,0.61,70.0,89.0,1.5,1.5,20,tp,1.5,2,213.665849,false,false,1.821,0.0
1981,GBPUSD,BUY,1.3438,0.6,70.0,89.0,1.5,1.5,20,tp,1.5,11,1.366251,false,true,2.2699,-0.5987
1982,NZDJPY,BUY,90.201,0.68,60.0,78.0,1.5,1.5,20,tp,1.5,2,91.581075,false,false,1.7173,0.0
1983,NZDUSD,SELL,0.57509,0.84,75.0,89.0,1.5,1.5,20,sl,-1.0,7,0.582336,false,false,0.0,-0.5394
1984,USDCHF,SELL,0.79901,0.57,55.0,78.0,1.5,1.5,20,tp,1.5,7,0.788763,false,false,0.0922,-0.2327
1985,XAUUSD,BUY,4837.5,1.98,55.0,78.0,1.5,1.5,20,tp,1.5,3,5053.010625,false,false,1.882,-0.451
1986,AUDCHF,BUY,0.53584,0.74,65.0,78.0,1.5,1.5,20,tp,1.5,16,0.544762,false,false,1.9856,-0.9819
1987,AUDNZD,BUY,1.16685,0.45,75.0,89.0,1.5,1.5,20,sl,-1.0,5,1.158974,false,false,0.0851,-1.1998
1988,AUDUSD,BUY,0.66858,0.74,70.0,89.0,1.5,1.5,20,tp,1.5,8,0.679712,false,false,2.0519,-0.2345
1989,CADJPY,BUY,113.652,0.63,60.0,78.0,1.5,1.5,20,tp,1.5,9,115.263017,false,false,1.6424,-0.3184
1990,EURAUD,SELL,1.73842,0.61,65.0,78.0,1.5,1.5,20,tp,1.5,9,1.71456,false,false,1.2605,0.0
1991,EURCHF,SELL,0.93166,0.29,45.0,78.0,1.5,1.5,20,tp,1.5,10,0.92255,false,true,2.127,0.0
1992,EURGBP,BUY,0.86778,0.37,55.0,78.0,1.5,1.5,20,sl,-1.0132,16,0.8629,false,true,1.4057,-1.2209
1993,EURNZD,BUY,2.02857,0.61,75.0,89.0,1.5,1.5,20,sl,-1.0,5,2.010009,false,false,0.1099,-1.1352
1994,GBPAUD,SELL,2.00315,0.5,65.0,89.0,1.5,1.5,20,tp,1.5,8,1.980615,false,false,1.1216,-0.1697
1995,GBPCHF,SELL,1.07352,0.39,45.0,67.0,1.5,1.5,20,tp,1.5,6,1.0641,false,false,0.4299,0.0
1996,GBPNZD,BUY,2.33749,0.49,75.0,100.0,1.5,1.5,20,sl,-1.0,5,2.320309,false,false,0.3399,-1.2316
1997,GBPUSD,BUY,1.33942,0.63,65.0,89.0,1.5,1.5,20,tp,1.5,9,1.358406,false,false,1.6031,-0.226
1998,NZDJPY,BUY,90.595,0.67,65.0,89.0,1.5,1.5,20,tp,1.5,6,91.96072,false,false,2.0802,0.0
1999,USDCAD,SELL,1.39139,0.43,65.0,78.0,1.5,1.5,20,tp,1.5,9,1.377928,false,false,1.2792,0.0
2000,USDJPY,BUY,158.149,0.66,65.0,89.0,1.5,1.5,20,sl,-1.8918,10,155.186996,false,true,0.8233,-3.0632
2001,AUDCAD,BUY,0.93074,0.59,65.0,78.0,1.5,1.5,20,tp,1.5,7,0.943096,false,false,1.5236,-0.5754
2002,AUDCHF,BUY,0.53483,0.76,65.0,78.0,1.5,1.5,20,tp,1.5,15,0.543976,false,false,2.1026,-0.7922
2003,AUDNZD,BUY,1.1611,0.47,70.0,89.0,1.5,1.5,20,sl,-1.0,5,1.152914,false,false,0.7843,-1.1239
2004,CADCHF,SELL,0.57455,0.6,65.0,89.0,1.5,1.5,20,tp,1.5,9,0.566794,false,false,1.0888,-0.0677
2005,CHFJPY,BUY,198.12601,0.58,75.0,89.0,1.5,1.5,20,tp,1.5,8,200.831192,false,true,1.8284,-0.7754
2006,EURAUD,SELL,1.73925,0.61,65.0,78.0,1.5,1.5,20,tp,1.5,8,1.715379,false,false,1.312,0.0
2007,EURCHF,SELL,0.93023,0.3,50.0,78.0,1.5,1.5,20,sl,-1.0,1,0.934416,false,false,0.0,-0.1362
2008,EURJPY,BUY,184.32201,0.54,75.0,89.0,1.5,1.5,20,tp,1.5,8,186.561522,false,false,1.6972,-0.8761
2009,EURUSD,BUY,1.1667,0.47,55.0,78.0,1.5,1.5,20,tp,1.5,9,1.185818,false,true,2.8924,-0.9912
2010,GBPCAD,SELL,1.86823,0.5,55.0,67.0,1.5,1.5,20,expired,0.9014,20,1.8556,false,false,0.7494,-0.1827
2011,GBPCHF,SELL,1.07359,0.38,45.0,67.0,1.5,1.5,20,tp,1.5,5,1.064411,false,false,0.4527,0.0
2012,GBPNZD,BUY,2.33231,0.5,70.0,89.0,1.5,1.5,20,sl,-1.0,5,2.314818,false,false,0.63,-1.8642
2013,NZDCAD,SELL,0.8005,0.64,55.0,67.0,1.5,1.5,20,sl,-1.0,5,0.808185,false,false,0.247,-0.3123
2014,NZDUSD,SELL,0.57732,0.84,55.0,78.0,1.5,1.5,20,sl,-1.0,5,0.584594,false,false,0.2639,-0.2308
2015,USDCAD,SELL,1.38757,0.43,65.0,78.0,1.5,1.5,20,tp,1.5,8,1.374145,false,false,0.8559,-0.0816
2016,USDJPY,BUY,157.98599,0.62,75.0,89.0,1.5,1.5,20,sl,-1.905,9,155.186996,false,true,0.9883,-3.1533
2017,AUDCAD,BUY,0.92807,0.58,65.0,78.0,1.5,1.5,20,tp,1.5,6,0.940181,false,false,1.885,-0.2068
2018,AUDJPY,BUY,106.379,0.66,75.0,89.0,1.5,1.5,20,sl,-1.0,3,105.325848,false,false,0.0,-1.0834
2019,AUDUSD,BUY,0.66836,0.68,65.0,89.0,1.5,1.5,20,tp,1.5,6,0.678586,false,false,2.2659,-0.223
2020,CADCHF,SELL,0.57676,0.6,55.0,78.0,1.5,1.5,20,tp,1.5,8,0.56778,false,true,1.5103,0.0
2021,CHFJPY,BUY,198.69206,0.59,75.0,89.0,1.5,1.5,20,sl,-1.0,2,196.933635,false,false,0.0,-1.082
2022,EURCAD,BUY,1.6166,0.33,65.0,89.0,1.5,1.5,20,tp,1.5,9,1.628603,false,false,1.997,-0.6548
2023,EURGBP,BUY,0.86711,0.35,55.0,78.0,1.5,1.5,20,tp,1.5,5,0.873938,false,false,1.6343,-0.3998
2024,EURJPY,BUY,185.32401,0.54,65.0,89.0,1.5,1.5,20,sl,-1.0,2,183.822886,false,false,0.0,-1.4143
2025,EURUSD,BUY,1.16425,0.43,55.0,67.0,1.5,1.5,20,tp,1.5,7,1.175514,false,false,1.7731,-0.7594
2026,GBPCAD,SELL,1.86423,0.48,55.0,67.0,1.5,1.5,20,sl,-1.0,9,1.877652,false,false,0.301,-0.4887
2027,GBPJPY,BUY,213.70799,0.57,75.0,100.0,1.5,1.5,20,sl,-1.0,2,211.880787,false,false,0.0,-1.2686
2028,GBPUSD,BUY,1.34268,0.58,65.0,89.0,1.5,1.5,20,tp,1.5,8,1.366251,false,true,2.446,-0.524
2029,NZDCAD,SELL,0.79676,0.62,55.0,78.0,1.5,1.5,20,sl,-1.0,4,0.80417,false,false,0.0,-0.8286
2030,NZDUSD,SELL,0.57393,0.78,65.0,89.0,1.5,1.5,20,sl,-1.0,4,0.580645,false,false,0.0,-0.7548
2031,USDCHF,SELL,0.80101,0.59,55.0,67.0,1.5,1.5,20,tp,1.5,4,0.790377,false,false,0.371,0.0
2032,XAUUSD,BUY,5082.5,1.96,65.0,89.0,1.5,1.5,20,tp,1.5,2,5306.63825,false,false,2.2265,-0.522
2033,AUDCAD,BUY,0.9276,0.6,65.0,89.0,1.5,1.5,20,tp,1.5,5,0.940123,false,false,1.8794,0.0
2034,AUDJPY,BUY,105.852,0.69,75.0,100.0,1.5,1.5,20,tp,1.5,5,107.495352,false,false,2.145,-0.5604
2035,AUDUSD,BUY,0.66828,0.66,55.0,78.0,1.5,1.5,20,tp,1.5,5,0.678204,false,false,2.347,-0.1663
2036,CADJPY,BUY,114.088,0.62,75.0,89.0,1.5,1.5,20,sl,-1.0,7,113.026982,false,false,1.2516,-1.8822
2037,EURAUD,SELL,1.74266,0.61,65.0,89.0,1.5,1.5,20,tp,1.5,5,1.718742,false,false,0.9112,0.0
2038,EURCAD,BUY,1.6167,0.33,65.0,89.0,1.5,1.5,20,tp,1.5,8,1.628704,false,false,1.9843,-0.6248
2039,EURGBP,BUY,0.86641,0.36,55.0,78.0,1.5,1.5,20,tp,1.5,4,0.873428,false,false,1.7398,-0.0876
2040,EURNZD,BUY,2.02714,0.59,60.0,78.0,1.5,1.5,20,sl,-1.0,2,2.0092,false,false,0.0,-1.0948
2041,GBPAUD,SELL,2.01106,0.53,55.0,78.0,1.5,1.5,20,tp,1.5,4,1.987078,false,false,0.8869,0.0
2042,GBPCAD,SELL,1.86619,0.49,55.0,67.0,1.5,1.5,20,sl,-1.0,8,1.879906,false,false,0.4374,-0.3354
2043,GBPJPY,BUY,212.89799,0.59,75.0,100.0,1.5,1.5,20,sl,-1.0,2,211.013843,false,false,0.0,-1.0636
2044,GBPUSD,BUY,1.34427,0.59,55.0,78.0,1.5,1.5,20,tp,1.5,7,1.366251,false,true,2.2681,-0.6332
2045,NZDJPY,BUY,90.976,0.68,75.0,89.0,1.5,1.5,20,tp,1.5,3,92.367933,false,false,1.6305,-0.2468
2046,USDCAD,SELL,1.38846,0.37,55.0,78.0,1.5,1.5,20,tp,1.5,6,1.376901,false,false,1.1095,0.0
2047,USDCHF,SELL,0.79972,0.58,55.0,67.0,1.5,1.5,20,tp,1.5,3,0.789284,false,false,0.1926,-0.1265
2048,XAUUSD,BUY,5082.6001,2.12,65.0,89.0,1.5,1.5,20,tp,1.5,1,5325.040125,false,false,2.0578,0.0
2049,AUDCHF,BUY,0.53836,0.86,65.0,78.0,1.5,1.5,20,sl,-1.0,2,0.531415,false,false,0.0,-1.2038
2050,AUDNZD,BUY,1.16671,0.48,75.0,89.0,1.5,1.5,20,sl,-1.0,1,1.15831,false,false,0.0,-1.1083
2051,AUDUSD,BUY,0.67042,0.67,75.0,89.0,1.5,1.5,20,tp,1.5,4,0.680527,false,false,1.9869,-0.3814
2052,CADJPY,BUY,114.185,0.63,75.0,89.0,1.5,1.5,20,sl,-1.0,6,113.105952,false,false,1.1408,-1.9406
2053,EURAUD,SELL,1.73219,0.63,65.0,89.0,1.5,1.5,20,tp,1.5,8,1.707636,false,false,0.9774,-0.0678
2054,EURCHF,SELL,0.93267,0.3,45.0,67.0,1.5,1.5,20,tp,1.5,2,0.926374,false,false,0.8458,0.0
2055,EURJPY,BUY,184.10899,0.58,75.0,89.0,1.5,1.5,20,tp,1.5,5,186.511612,false,false,1.715,-0.6836
2056,EURNZD,BUY,2.02107,0.61,55.0,78.0,1.5,1.5,20,sl,-1.0,2,2.002577,false,false,0.0,-1.2313
2057,GBPAUD,SELL,1.99653,0.57,75.0,100.0,1.5,1.5,20,tp,1.5,4,1.970925,false,false,0.5993,-0.1447
2058,GBPCHF,SELL,1.0749,0.4,65.0,78.0,1.5,1.5,20,tp,1.5,2,1.065226,false,false,0.6326,0.0
2059,GBPNZD,BUY,2.32945,0.52,70.0,89.0,1.5,1.5,20,sl,-1.0,2,2.31128,false,false,0.0,-1.6373
2060,GBPUSD,BUY,1.33813,0.61,55.0,67.0,1.5,1.5,20,tp,1.5,5,1.356496,false,false,1.7626,0.0
2061,NZDJPY,BUY,91.073,0.68,75.0,89.0,1.5,1.5,20,tp,1.5,2,92.466417,false,false,1.5243,-0.3509
2062,USDCAD,SELL,1.38884,0.37,55.0,78.0,1.5,1.5,20,tp,1.5,5,1.377278,false,false,1.1585,0.0
2063,USDJPY,BUY,158.59599,0.59,65.0,78.0,1.5,1.5,20,sl,-2.4288,6,155.186996,false,true,0.4353,-3.7355
2064,AUDCAD,BUY,0.9294,0.6,65.0,89.0,1.5,1.5,20,tp,1.5,3,0.941947,false,false,1.6606,0.0
2065,AUDCHF,BUY,0.53408,0.87,60.0,78.0,1.5,1.5,20,tp,1.5,11,0.544535,false,false,1.947,-0.5854
2066,AUDNZD,BUY,1.16031,0.51,70.0,89.0,1.5,1.5,20,tp,1.5,17,1.173625,false,false,1.8825,-0.9475
2067,CADCHF,SELL,0.57453,0.65,65.0,89.0,1.5,1.5,20,tp,1.5,5,0.566127,false,false,1.0015,0.0
2068,CHFJPY,BUY,197.21837,0.64,55.0,78.0,1.5,1.5,20,tp,1.5,1,200.058315,false,false,1.5299,0.0
2069,EURAUD,SELL,1.73803,0.61,75.0,100.0,1.5,1.5,20,tp,1.5,4,1.714176,false,false,1.2362,0.0
2070,EURCHF,SELL,0.92844,0.32,65.0,89.0,1.5,1.5,20,tp,1.5,5,0.921755,false,false,1.2117,0.0
2071,EURJPY,BUY,183.123,0.59,55.0,78.0,1.5,1.5,20,tp,1.5,3,185.553958,false,false,1.7746,0.0
2072,EURUSD,BUY,1.16249,0.45,55.0,67.0,1.5,1.5,20,tp,1.5,1,1.17426,false,false,1.5563,0.0
2073,GBPCAD,BUY,1.86281,0.49,60.0,78.0,1.5,1.5,20,sl,-1.0,13,1.849118,false,false,1.2935,-1.0174
2074,GBPCHF,SELL,1.07044,0.41,78.0,89.0,1.5,1.5,20,tp,1.5,2,1.060565,false,false,0.5028,0.0
2075,GBPNZD,BUY,2.32553,0.52,70.0,89.0,1.5,1.5,20,sl,-1.0,1,2.307391,false,false,0.0,-1.424
2076,NZDCAD,SELL,0.8009,0.63,55.0,78.0,1.5,1.5,20,sl,-1.0,1,0.808469,false,false,0.0,-0.2643
2077,NZDUSD,SELL,0.57634,0.76,60.0,78.0,1.5,1.5,20,sl,-1.0,1,0.58291,false,false,0.0,-0.4046
2078,USDCAD,SELL,1.38994,0.37,45.0,67.0,1.5,1.5,20,tp,1.5,4,1.378369,false,false,1.3002,0.0
2079,USDJPY,BUY,157.535,0.62,60.0,78.0,1.5,1.5,20,sl,-1.6027,5,155.186996,false,true,1.1412,-2.8545
2080,AUDCAD,BUY,0.93085,0.61,65.0,78.0,1.5,1.5,20,tp,1.5,3,0.943626,false,false,1.6861,-0.0061
2081,AUDJPY,BUY,106.127,0.77,75.0,100.0,1.5,1.5,20,tp,1.5,2,107.96565,false,false,1.6928,0.0
2082,AUDUSD,BUY,0.67099,0.69,75.0,89.0,1.5,1.5,20,tp,1.5,2,0.681407,false,false,1.8456,0.0
2083,CADCHF,SELL,0.57502,0.67,75.0,89.0,1.5,1.5,20,tp,1.5,4,0.566352,false,false,1.0556,0.0
2084,CHFJPY,BUY,198.22301,0.71,75.0,89.0,1.5,1.5,20,tp,1.5,11,201.389623,false,false,1.8247,-0.4274
2085,EURCAD,BUY,1.61465,0.34,50.0,78.0,1.5,1.5,20,tp,1.5,4,1.627002,false,false,1.6467,-0.0304
2086,EURGBP,BUY,0.86736,0.37,68.0,89.0,1.5,1.5,20,sl,-1.0,10,0.862546,false,false,1.4936,-1.1342
2087,EURJPY,BUY,184.103,0.65,75.0,89.0,1.5,1.5,20,tp,1.5,3,186.795506,false,false,1.5337,0.0
2088,EURUSD,BUY,1.16391,0.51,55.0,67.0,1.5,1.5,20,tp,1.5,3,1.177266,false,false,1.5336,0.0
2089,GBPCAD,BUY,1.86162,0.49,70.0,89.0,1.5,1.5,20,sl,-1.0612,16,1.8471,false,true,1.3813,-1.105
2090,GBPJPY,BUY,212.237,0.69,75.0,100.0,1.5,1.5,20,sl,-1.0,4,210.040347,false,false,1.1827,-1.1823
2091,GBPUSD,BUY,1.34183,0.62,55.0,78.0,1.5,1.5,20,tp,1.5,4,1.366251,false,true,2.3578,-0.1267
2092,NZDCAD,SELL,0.8036,0.67,55.0,67.0,1.5,1.5,20,sl,-1.0,2,0.811676,false,false,0.0,-0.4705
2093,NZDUSD,SELL,0.57935,0.82,55.0,78.0,1.5,1.5,20,sl,-1.0,1,0.586476,false,false,0.0,-0.4058
2094,USDCHF,SELL,0.79789,0.68,68.0,78.0,1.5,1.5,20,tp,1.5,4,0.77809,false,true,2.283,0.0
2095,XAUUSD,BUY,4745.1001,4.35,45.0,89.0,1.5,1.5,20,sl,-1.0,1,4435.482318,false,false,0.5184,-1.0397
2096,AUDCAD,BUY,0.93101,0.61,75.0,89.0,1.5,1.5,20,tp,1.5,2,0.943788,false,false,1.667,0.0
2097,AUDJPY,BUY,106.46,0.81,75.0,100.0,1.5,1.5,20,tp,1.5,2,108.400233,false,false,1.9552,0.0
2098,AUDUSD,BUY,0.67317,0.72,65.0,89.0,1.5,1.5,20,tp,1.5,2,0.684075,false,false,2.0534,0.0
2099,CADJPY,BUY,114.329,0.68,75.0,89.0,1.5,1.5,20,sl,-1.0,3,113.162844,false,false,0.9321,-1.9191
2100,EURAUD,SELL,1.74205,0.66,70.0,89.0,1.5,1.5,20,tp,1.5,1,1.716181,false,false,0.8071,0.0
2101,EURCAD,BUY,1.62219,0.35,55.0,89.0,1.5,1.5,20,sl,-1.0,7,1.613674,false,false,1.4372,-1.7131
2102,EURGBP,BUY,0.8725,0.4,85.0,100.0,1.5,1.5,20,sl,-1.0,2,0.867265,false,false,0.1318,-1.2913
2103,EURNZD,BUY,2.01246,0.64,55.0,78.0,1.5,1.5,20,sl,-1.0,1,1.99314,false,false,0.0,-1.2712
2104,GBPAUD,SELL,1.99642,0.59,75.0,100.0,1.5,1.5,20,tp,1.5,1,1.969918,false,false,0.5728,0.0
2105,GBPCAD,BUY,1.8587,0.49,70.0,89.0,1.5,1.5,20,tp,1.5,4,1.879192,false,false,1.5972,-0.5065
2106,GBPJPY,BUY,212.564,0.69,75.0,100.0,1.5,1.5,20,sl,-1.0,3,210.363963,false,false,1.0323,-1.3291
2107,GBPUSD,BUY,1.34409,0.59,75.0,89.0,1.5,1.5,20,tp,1.5,3,1.366251,false,true,2.2835,-0.2549
2108,NZDJPY,BUY,92.148,0.79,65.0,89.0,1.5,1.5,20,tp,1.5,2,93.785931,false,false,1.707,0.0
2109,USDCAD,SELL,1.3833,0.42,68.0,78.0,1.5,1.5,20,tp,1.5,3,1.37018,false,true,1.3896,0.0
2110,USDCHF,SELL,0.7895,0.72,75.0,89.0,1.5,1.5,20,tp,1.5,3,0.77671,false,false,1.1951,-0.0235
2111,XAUUSD,BUY,4652.6001,4.96,40.0,84.0,1.5,1.5,20,tp,1.5,14,5171.830271,false,false,1.7469,0.0
2112,AUDCHF,BUY,0.53787,1.04,65.0,89.0,1.5,1.5,20,tp,1.5,15,0.550456,false,false,1.5168,-0.5566
2113,AUDNZD,BUY,1.15699,0.52,65.0,89.0,1.5,1.5,20,tp,1.5,12,1.170527,false,false,1.6599,-0.5197
2114,AUDUSD,BUY,0.67548,0.79,65.0,89.0,1.5,1.5,20,tp,1.5,1,0.687487,false,false,1.5765,0.0
2115,CADJPY,BUY,114.466,0.69,75.0,89.0,1.5,1.5,20,sl,-1.045,2,113.227997,false,true,0.8019,-2.0047
2116,EURAUD,SELL,1.72798,0.73,75.0,89.0,1.5,1.5,20,tp,1.5,5,1.699598,false,false,0.9666,0.0
2117,EURCHF,SELL,0.92954,0.34,65.0,89.0,1.5,1.5,20,tp,1.5,2,0.922429,false,false,1.3711,0.0
2118,EURJPY,BUY,184.96001,0.69,75.0,89.0,1.5,1.5,20,sl,-1.0,2,183.045674,false,false,0.9904,-1.6455
2119,EURNZD,BUY,1.99931,0.68,55.0,67.0,1.5,1.5,20,sl,-1.2048,5,1.97474,false,true,0.0,-1.6653
2120,GBPAUD,SELL,1.98647,0.65,75.0,100.0,1.5,1.5,20,tp,1.5,5,1.957418,false,false,0.7265,0.0
2121,GBPCHF,SELL,1.0685,0.54,85.0,100.0,1.5,1.5,20,tp,1.5,3,1.055518,false,false,0.5973,0.0
2122,GBPNZD,BUY,2.29841,0.63,65.0,78.0,1.5,1.5,20,sl,-1.0,5,2.27669,false,false,0.0,-1.2445
2123,GBPUSD,BUY,1.34194,0.6,55.0,78.0,1.5,1.5,20,tp,1.5,2,1.366251,false,true,2.4271,0.0
2124,NZDJPY,BUY,92.488,0.86,65.0,78.0,1.5,1.5,20,tp,1.5,9,94.277643,false,false,1.7467,-0.7937
2125,USDCAD,SELL,1.38432,0.42,68.0,78.0,1.5,1.5,20,tp,1.5,2,1.37018,false,true,1.5055,0.0
2126,USDJPY,BUY,158.45599,0.61,75.0,100.0,1.5,1.5,20,sl,-2.2547,2,155.186996,false,true,0.518,-3.5196
2127,AUDCAD,BUY,0.94284,0.68,75.0,89.0,1.5,1.5,20,tp,1.5,4,0.957265,false,false,1.6689,0.0
2128,AUDCHF,BUY,0.5397,1.03,65.0,89.0,1.5,1.5,20,expired,0.8803,20,0.54704,false,false,1.3069,-0.7795
2129,AUDNZD,BUY,1.15609,0.54,65.0,89.0,1.5,1.5,20,tp,1.5,11,1.170136,false,false,1.6958,-0.4047
2130,CADCHF,SELL,0.57234,0.71,75.0,100.0,1.5,1.5,20,tp,1.5,1,0.563197,false,false,0.5611,0.0
2131,CHFJPY,BUY,200.858,0.81,65.0,89.0,1.5,1.5,20,sl,-1.0,1,198.417575,false,false,0.0,-1.4495
2132,EURAUD,SELL,1.71831,0.74,75.0,89.0,1.5,1.5,20,tp,1.5,4,1.6897,false,false,0.4519,0.0
2133,EURCHF,SELL,0.92743,0.34,65.0,89.0,1.5,1.5,20,tp,1.5,1,0.920335,false,false,0.9281,0.0
2134,EURJPY,BUY,186.28999,0.71,65.0,89.0,1.5,1.5,20,sl,-1.1487,1,184.011002,false,true,0.0,-2.2581
2135,EURUSD,BUY,1.17546,0.55,65.0,89.0,1.5,1.5,20,tp,1.5,1,1.190006,false,false,1.5499,0.0
2136,GBPCAD,BUY,1.86087,0.48,70.0,89.0,1.5,1.5,20,sl,-1.0277,13,1.8471,false,true,1.4666,-1.0725
2137,GBPCHF,SELL,1.065,0.53,85.0,100.0,1.5,1.5,20,tp,1.5,9,1.0523,false,false,0.7901,0.0
2138,GBPNZD,BUY,2.28162,0.66,65.0,78.0,1.5,1.5,20,sl,-1.1214,11,2.25629,false,true,0.6295,-1.2161
2139,NZDCAD,SELL,0.81536,0.7,55.0,67.0,1.5,1.5,20,sl,-1.0,7,0.823921,false,false,0.0,-0.6705
2140,NZDUSD,SELL,0.59167,0.91,55.0,67.0,1.5,1.5,20,sl,-1.0,2,0.599746,false,false,0.0,-0.4914
2141,USDCAD,SELL,1.37841,0.43,75.0,89.0,1.5,1.5,20,tp,1.5,2,1.365074,false,false,0.8121,0.0
2142,USDJPY,BUY,158.50101,0.65,75.0,100.0,1.5,1.5,20,sl,-2.1445,1,155.186996,false,true,0.0,-3.3312
2143,AUDCAD,BUY,0.94731,0.65,75.0,89.0,1.5,1.5,20,tp,1.5,6,0.961164,false,false,1.6197,-0.3226
2144,AUDJPY,BUY,107.273,1.09,75.0,100.0,1.5,1.5,20,tp,1.5,7,109.90387,false,false,1.6517,-0.585
2145,AUDUSD,BUY,0.6914,0.9,65.0,78.0,1.5,1.5,20,tp,1.5,3,0.705401,false,false,1.9285,-0.1252
2146,CADCHF,SELL,0.56773,0.78,75.0,100.0,1.5,1.5,20,expired,0.3658,20,0.5653,false,false,0.3673,0.0
2147,CHFJPY,BUY,199.43477,0.9,65.0,89.0,1.5,1.5,20,tp,1.5,11,203.531006,false,true,1.5556,-0.6459
2148,EURCAD,BUY,1.62457,0.37,55.0,89.0,1.5,1.5,20,sl,-1.0,3,1.615554,false,false,1.0936,-1.1379
2149,EURGBP,BUY,0.86788,0.39,50.0,78.0,1.5,1.5,20,sl,-1.0,6,0.862803,false,false,0.3723,-1.1778
2150,EURJPY,BUY,183.995,0.86,55.0,78.0,1.5,1.5,20,sl,-1.0,13,181.621465,false,false,0.8346,-1.3343
2151,EURUSD,BUY,1.18585,0.6,65.0,89.0,1.5,1.5,20,tp,1.5,2,1.20227,false,true,1.5466,-0.0623
2152,GBPCAD,BUY,1.87168,0.46,75.0,100.0,1.5,1.5,20,sl,-1.0,4,1.858765,false,false,0.6845,-1.2257
2153,GBPJPY,BUY,211.981,0.86,65.0,89.0,1.5,1.5,20,sl,-1.0,12,209.246445,false,false,1.1007,-1.1845
2154,GBPUSD,BUY,1.36625,0.67,65.0,89.0,1.5,1.5,20,sl,-1.0,8,1.352519,false,false,1.342,-1.0292
2155,NZDCAD,SELL,0.81643,0.68,55.0,67.0,1.5,1.5,20,sl,-1.0,6,0.824758,false,false,0.0,-0.5608
2156,NZDUSD,SELL,0.59604,0.93,55.0,67.0,1.5,1.5,20,sl,-1.0,2,0.604355,false,false,0.0,-0.5954
2157,USDCHF,SELL,0.77787,0.89,65.0,89.0,1.5,1.5,20,expired,0.5941,20,0.7717,false,false,0.9842,0.0
2158,XAUUSD,BUY,4889.5,5.75,45.0,89.0,1.5,1.5,20,expired,0.6383,20,5158.700195,false,false,1.2914,-0.5205
2159,AUDCAD,BUY,0.94809,0.6,75.0,89.0,1.5,1.5,20,tp,1.5,5,0.960889,false,false,1.6618,-0.4407
2160,AUDJPY,BUY,106.711,1.12,75.0,100.0,1.5,1.5,20,tp,1.5,5,109.400117,false,false,1.5669,-0.092
2161,AUDUSD,BUY,0.69147,0.92,75.0,89.0,1.5,1.5,20,tp,1.5,2,0.705783,false,false,1.879,0.0
2162,CADJPY,BUY,112.53,0.91,55.0,78.0,1.5,1.5,20,tp,1.5,7,114.834052,false,false,1.5455,-0.2851
2163,EURAUD,SELL,1.71736,0.66,75.0,100.0,1.5,1.5,20,tp,1.5,2,1.691857,false,false,0.4511,0.0
2164,EURCAD,BUY,1.62832,0.38,55.0,89.0,1.5,1.5,20,sl,-1.0,1,1.619039,false,false,0.6583,-1.1162
2165,EURGBP,BUY,0.8682,0.39,50.0,78.0,1.5,1.5,20,sl,-1.0435,5,0.8629,false,true,0.2796,-1.2404
2166,EURNZD,BUY,1.98891,0.64,55.0,67.0,1.5,1.5,20,sl,-1.0,2,1.969816,false,false,0.3441,-1.2339
2167,GBPAUD,SELL,1.97788,0.62,75.0,100.0,1.5,1.5,20,tp,1.5,5,1.950289,false,false,0.691,0.0
2168,GBPCAD,BUY,1.87531,0.47,75.0,100.0,1.5,1.5,20,sl,-1.0,3,1.862089,false,false,0.351,-1.4719
2169,GBPJPY,BUY,211.082,0.89,65.0,89.0,1.5,1.5,20,sl,-1.0,12,208.264055,false,false,1.3872,-1.2403
2170,GBPUSD,BUY,1.36775,0.7,65.0,89.0,1.5,1.5,20,sl,-1.0,7,1.353389,false,false,1.1787,-1.0884
2171,NZDJPY,BUY,92.131,1.12,75.0,100.0,1.5,1.5,20,tp,1.5,6,94.452701,false,false,1.5771,-0.2339
2172,USDCAD,SELL,1.3712,0.51,65.0,89.0,1.5,1.5,20,tp,1.5,1,1.355465,false,false,0.9352,0.0
2173,USDCHF,SELL,0.77724,0.96,65.0,89.0,1.5,1.5,20,expired,0.2689,20,0.77423,false,false,0.8568,0.0
2174,XAUUSD,BUY,4979.7998,5.99,45.0,89.0,1.5,1.5,20,expired,0.2769,20,5103.700195,false,false,1.0153,-0.2807
2175,AUDCHF,BUY,0.53385,1.03,55.0,78.0,1.5,1.5,20,tp,1.5,4,0.546222,false,false,1.6731,0.0
2176,AUDNZD,BUY,1.1596,0.49,85.0,100.0,1.5,1.5,20,tp,1.5,10,1.172385,false,false,2.0439,-0.8565
2177,AUDUSD,BUY,0.69958,0.97,75.0,89.0,1.5,1.5,20,expired,0.6405,20,0.7061,false,false,1.4884,-0.9618
2178,CADJPY,BUY,112.154,0.95,55.0,78.0,1.5,1.5,20,tp,1.5,5,114.551292,false,false,1.6738,0.0
2179,EURAUD,SELL,1.71768,0.67,75.0,100.0,1.5,1.5,20,tp,1.5,1,1.691786,false,false,0.4628,0.0
2180,EURCHF,SELL,0.9171,0.44,65.0,78.0,1.5,1.5,20,expired,1.0045,20,0.91102,false,false,0.76,0.0
2181,EURJPY,BUY,183.207,0.92,55.0,78.0,1.5,1.5,20,expired,0.1297,20,183.535004,false,false,1.0952,-0.9418
2182,EURNZD,BUY,1.99342,0.65,65.0,78.0,1.5,1.5,20,sl,-1.0,1,1.973984,false,false,0.0,-1.4442
2183,GBPAUD,SELL,1.97587,0.62,75.0,100.0,1.5,1.5,20,tp,1.5,4,1.948307,false,false,0.5823,0.0
2184,GBPCHF,SELL,1.05493,0.59,65.0,78.0,1.5,1.5,20,sl,-1.0,3,1.064266,false,false,0.0,-0.166
2185,GBPNZD,BUY,2.29323,0.69,65.0,78.0,1.5,1.5,20,sl,-1.0,2,2.269495,false,false,0.0,-1.2804
2186,GBPUSD,BUY,1.38244,0.73,65.0,78.0,1.5,1.5,20,sl,-1.0,3,1.367302,false,false,0.1478,-1.3007
2187,NZDJPY,BUY,91.88,1.15,70.0,89.0,1.5,1.5,20,tp,1.5,5,94.257395,false,false,1.6985,0.0
2188,USDCAD,SELL,1.35915,0.57,65.0,78.0,1.5,1.5,20,sl,-1.0335,7,1.37116,false,true,0.2375,-0.5309
2189,USDJPY,BUY,152.453,1.03,65.0,78.0,1.5,1.5,20,tp,1.5,4,155.986098,false,false,1.5356,0.0
2190,AUDCAD,BUY,0.95283,0.67,75.0,89.0,1.5,1.5,20,tp,1.5,9,0.967194,false,false,1.5974,-0.8876
2191,AUDCHF,BUY,0.53902,1.12,65.0,89.0,1.5,1.5,20,expired,1.1887,20,0.549784,false,false,1.4032,-0.5654
2192,AUDNZD,BUY,1.16063,0.52,85.0,100.0,1.5,1.5,20,tp,1.5,9,1.174209,false,false,1.8105,-0.9201
2193,CADCHF,SELL,0.56553,0.91,75.0,100.0,1.5,1.5,20,expired,0.1321,20,0.56451,false,false,0.0311,-0.2422
2194,CHFJPY,BUY,199.883,0.97,65.0,89.0,1.5,1.5,20,expired,0.8118,20,202.244003,false,false,1.286,-0.7628
2195,EURAUD,SELL,1.7009,0.76,75.0,89.0,1.5,1.5,20,tp,1.5,9,1.671815,false,false,1.0335,0.0
2196,EURCHF,SELL,0.91711,0.45,75.0,89.0,1.5,1.5,20,expired,0.7883,20,0.91223,false,false,0.7447,0.0
2197,EURJPY,BUY,183.36,0.94,55.0,78.0,1.5,1.5,20,expired,0.4564,20,184.539993,false,false,1.0118,-0.9801
2198,EURUSD,BUY,1.19778,0.75,65.0,78.0,1.5,1.5,20,sl,-1.0,2,1.184305,false,false,0.0,-1.3879
2199,GBPCAD,BUY,1.87118,0.53,65.0,89.0,1.5,1.5,20,sl,-1.0,1,1.856304,false,false,0.0,-1.0305
2200,GBPCHF,SELL,1.05851,0.61,65.0,89.0,1.5,1.5,20,tp,1.5,8,1.043982,false,false,0.8941,-0.2468
2201,GBPNZD,BUY,2.27929,0.71,65.0,78.0,1.5,1.5,20,sl,-1.0,7,2.255016,false,false,0.0597,-1.0357
2202,NZDCAD,SELL,0.82094,0.67,65.0,78.0,1.5,1.5,20,expired,0.0727,20,0.82034,false,false,0.3139,-0.0194
2203,NZDUSD,BUY,0.60653,1.02,75.0,89.0,1.5,1.5,20,sl,-1.0,5,0.59725,false,false,0.1627,-1.0269
2204,USDCAD,SELL,1.35379,0.6,75.0,89.0,1.5,1.5,20,sl,-1.0,2,1.365974,false,false,0.0,-0.6229
2205,USDJPY,BUY,153.09599,1.01,65.0,78.0,1.5,1.5,20,tp,1.5,4,156.575096,false,false,1.6164,-0.0047
2206,AUDCAD,BUY,0.9508,0.7,75.0,89.0,1.5,1.5,20,tp,1.5,8,0.965775,false,false,1.7356,-0.622
2207,AUDJPY,BUY,107.931,1.21,75.0,100.0,1.5,1.5,20,tp,1.5,18,110.869421,false,false,1.7132,-0.5421
2208,AUDUSD,BUY,0.70473,1.07,75.0,89.0,1.5,1.5,20,sl,-1.0,1,0.693419,false,false,0.0,-1.2123
2209,CADCHF,SELL,0.56647,0.91,75.0,100.0,1.5,1.5,20,expired,0.1474,20,0.56533,false,false,0.1526,-0.1203
2210,CHFJPY,BUY,200.32899,0.93,65.0,89.0,1.5,1.5,20,expired,0.4258,20,201.518997,false,false,1.1787,-0.9534
2211,EURCAD,BUY,1.61426,0.53,55.0,78.0,1.5,1.5,20,expired,-0.0265,20,1.61392,false,false,0.4504,-0.4878
2212,EURGBP,BUY,0.86666,0.4,55.0,78.0,1.5,1.5,20,sl,-1.0,3,0.86146,false,false,0.1269,-1.0327
2213,EURJPY,BUY,183.26601,0.91,55.0,78.0,1.5,1.5,20,expired,0.2722,20,183.947006,false,false,1.0833,-0.9754
2214,EURUSD,BUY,1.19657,0.77,75.0,89.0,1.5,1.5,20,sl,-1.0,1,1.18275,false,false,0.0,-1.2656
2215,GBPCAD,BUY,1.86248,0.56,55.0,78.0,1.5,1.5,20,sl,-1.0,8,1.846835,false,false,0.7389,-1.0214
2216,GBPJPY,BUY,211.42999,0.9,55.0,78.0,1.5,1.5,20,sl,-1.0,9,208.575685,false,false,1.2476,-1.3464
2217,GBPUSD,BUY,1.38064,0.75,75.0,89.0,1.5,1.5,20,sl,-1.0,1,1.365108,false,false,0.0,-1.1518
2218,NZDCAD,SELL,0.81953,0.69,65.0,78.0,1.5,1.5,20,expired,0.222,20,0.817647,false,false,0.1391,-0.1851
2219,NZDUSD,BUY,0.60757,1.02,75.0,89.0,1.5,1.5,20,sl,-1.0,4,0.598274,false,false,0.0,-1.137
2220,USDCHF,SELL,0.76441,1.11,75.0,89.0,1.5,1.5,20,sl,-1.0,1,0.777137,false,false,0.0,-0.5626
2221,XAUUSD,BUY,5098.5,5.64,50.0,100.0,1.5,1.5,20,expired,0.0633,20,5125.799805,false,false,0.7781,-0.5664
2222,AUDCAD,BUY,0.94705,0.73,75.0,89.0,1.5,1.5,20,tp,1.5,7,0.962605,false,false,2.0325,-0.0511
2223,AUDJPY,BUY,107.793,1.25,75.0,100.0,1.5,1.5,20,tp,1.5,17,110.824678,false,false,1.7287,-0.043
2224,AUDUSD,BUY,0.69463,1.18,75.0,89.0,1.5,1.5,20,tp,1.5,7,0.713072,false,false,1.5421,-0.3937
2225,CADJPY,BUY,113.81,1.0,75.0,89.0,1.5,1.5,20,sl,-1.0,7,112.10285,false,false,0.8142,-1.038
2226,EURAUD,SELL,1.70577,0.83,75.0,100.0,1.5,1.5,20,tp,1.5,7,1.673915,false,false,1.173,0.0
2227,EURCAD,BUY,1.61562,0.55,55.0,78.0,1.5,1.5,20,sl,-1.0,20,1.602291,false,false,0.3316,-1.2514
2228,EURGBP,BUY,0.8662,0.41,55.0,78.0,1.5,1.5,20,tp,1.5,11,0.874191,false,false,1.6125,-0.9217
2229,EURNZD,BUY,1.97002,0.75,65.0,78.0,1.5,1.5,20,expired,0.1688,20,1.97376,false,false,0.6854,-0.9259
2230,GBPAUD,SELL,1.96909,0.75,75.0,89.0,1.5,1.5,20,tp,1.5,5,1.93436,false,true,1.3457,0.0
2231,GBPCAD,BUY,1.8649,0.56,55.0,78.0,1.5,1.5,20,sl,-1.0,3,1.849235,false,false,0.5835,-1.0226
2232,GBPJPY,BUY,212.282,0.86,75.0,89.0,1.5,1.5,20,sl,-1.0,7,209.543562,false,false,0.9892,-1.2927
2233,GBPUSD,BUY,1.36791,0.8,75.0,100.0,1.5,1.5,20,sl,-1.0,4,1.351495,false,false,0.3299,-1.031
2234,NZDJPY,BUY,93.323,1.19,75.0,100.0,1.5,1.5,20,expired,-0.015,20,93.297997,false,false,0.8999,-0.8032
2235,USDCAD,SELL,1.36358,0.69,75.0,100.0,1.5,1.5,20,expired,-0.231,20,1.36684,false,false,0.4294,-0.384
2236,USDCHF,SELL,0.77356,1.21,75.0,100.0,1.5,1.5,20,expired,0.287,20,0.76953,false,false,0.4209,-0.1026
2237,XAUUSD,BUY,4948.3999,6.0,60.0,100.0,1.5,1.5,20,expired,0.2544,20,5061.700195,false,false,1.0906,-0.2115
2238,AUDCHF,BUY,0.54176,1.25,65.0,89.0,1.5,1.5,20,expired,1.1341,20,0.55328,false,false,1.326,-0.5139
2239,AUDNZD,BUY,1.15716,0.56,55.0,67.0,1.5,1.5,20,tp,1.5,4,1.17174,false,false,1.5236,0.0
2240,AUDUSD,BUY,0.69555,1.25,75.0,89.0,1.5,1.5,20,expired,1.1525,20,0.71058,false,false,1.4707,-0.4417
2241,CADJPY,BUY,113.674,0.98,75.0,89.0,1.5,1.5,20,sl,-1.0,7,112.002992,false,false,0.9132,-1.1293
2242,EURAUD,SELL,1.6962,0.93,75.0,89.0,1.5,1.5,20,tp,1.5,16,1.660707,false,false,1.1825,0.0
2243,EURCHF,SELL,0.91907,0.48,75.0,100.0,1.5,1.5,20,tp,1.5,18,0.909144,false,false,0.9928,0.0
2244,EURJPY,BUY,183.394,0.86,55.0,78.0,1.5,1.5,20,sl,-1.0,7,181.028217,false,false,1.0914,-1.0846
2245,EURNZD,BUY,1.96282,0.79,65.0,78.0,1.5,1.5,20,expired,0.1423,20,1.96613,false,false,0.9626,-0.3547
2246,GBPAUD,SELL,1.9654,0.81,75.0,89.0,1.5,1.5,20,tp,1.5,4,1.929581,false,false,1.0938,0.0
2247,GBPCHF,SELL,1.06501,0.66,60.0,78.0,1.5,1.5,20,tp,1.5,4,1.049195,false,false,0.8394,0.0
2248,GBPNZD,BUY,2.27457,0.77,65.0,78.0,1.5,1.5,20,sl,-1.0,7,2.248299,false,false,0.1728,-1.1084
2249,GBPUSD,BUY,1.36732,0.81,75.0,100.0,1.5,1.5,20,sl,-1.0,10,1.350707,false,false,0.3614,-1.0545
2250,NZDJPY,BUY,93.412,1.21,75.0,100.0,1.5,1.5,20,expired,0.0667,20,93.525002,false,false,0.8316,-0.8417
2251,USDCAD,SELL,1.36737,0.69,75.0,100.0,1.5,1.5,20,expired,0.0191,20,1.3671,false,false,0.696,-0.1152
2252,USDJPY,BUY,155.44299,1.04,78.0,89.0,1.5,1.5,20,sl,-1.0,6,153.018079,false,false,0.7774,-1.08
2253,AUDCAD,BUY,0.95773,0.82,75.0,89.0,1.5,1.5,20,expired,0.4151,20,0.96262,false,false,1.4699,-0.9516
2254,AUDCHF,BUY,0.54473,1.22,65.0,89.0,1.5,1.5,20,expired,0.5738,20,0.55045,false,false,1.0532,-0.8216
2255,AUDNZD,BUY,1.16216,0.59,75.0,89.0,1.5,1.5,20,tp,1.5,6,1.17788,false,true,1.6859,-0.0642
2256,CADCHF,SELL,0.56869,0.9,70.0,89.0,1.5,1.5,20,expired,-0.3999,20,0.57176,false,false,0.4429,-0.1316
2257,CHFJPY,BUY,200.81047,0.96,65.0,89.0,1.5,1.5,20,sl,-1.0,6,197.918799,false,false,0.9726,-1.0879
2258,EURAUD,SELL,1.68246,0.94,75.0,89.0,1.5,1.5,20,tp,1.5,19,1.64661,false,true,0.8658,-0.0733
2259,EURCHF,SELL,0.91656,0.49,75.0,89.0,1.5,1.5,20,tp,1.5,17,0.906455,false,false,0.6027,0.0
2260,EURJPY,BUY,184.08,0.87,75.0,89.0,1.5,1.5,20,sl,-1.0,6,181.677756,false,false,0.7893,-1.3537
2261,EURUSD,BUY,1.18161,0.87,70.0,89.0,1.5,1.5,20,sl,-1.0,19,1.16619,false,false,0.7288,-1.8422
2262,GBPCAD,BUY,1.86792,0.56,55.0,78.0,1.5,1.5,20,sl,-1.0,1,1.852229,false,false,0.0,-1.2135
2263,GBPCHF,SELL,1.06242,0.66,60.0,78.0,1.5,1.5,20,tp,1.5,3,1.046643,false,false,0.5952,0.0
2264,GBPNZD,BUY,2.26683,0.77,65.0,78.0,1.5,1.5,20,sl,-1.0,17,2.240648,false,false,0.469,-1.0248
2265,NZDCAD,SELL,0.82378,0.7,55.0,72.5,1.5,1.5,20,tp,1.5,19,0.810805,false,false,1.1943,0.0
2266,NZDUSD,BUY,0.60422,1.11,75.0,89.0,1.5,1.5,20,sl,-1.0267,2,0.593891,false,true,0.0,-1.1212
2267,USDCAD,SELL,1.36394,0.7,75.0,100.0,1.5,1.5,20,expired,-0.2423,20,1.36741,false,false,0.4483,-0.3533
2268,USDJPY,BUY,155.799,1.06,78.0,89.0,1.5,1.5,20,sl,-1.0,5,153.321796,false,false,0.6172,-1.2009
2269,AUDCAD,BUY,0.95585,0.86,75.0,89.0,1.5,1.5,20,tp,1.5,15,0.974346,false,false,1.5568,-0.7567
2270,AUDJPY,BUY,109.749,1.38,75.0,100.0,1.5,1.5,20,expired,0.5819,20,111.070999,false,false,1.023,-0.8993
2271,AUDUSD,BUY,0.69944,1.33,75.0,89.0,1.5,1.5,20,expired,0.5848,20,0.7076,false,false,1.0957,-0.6916
2272,CADCHF,SELL,0.56853,0.89,70.0,89.0,1.5,1.5,20,expired,-0.3228,20,0.57098,false,false,0.4269,-0.1937
2273,CHFJPY,BUY,201.84962,0.97,65.0,89.0,1.5,1.5,20,sl,-1.0,4,198.912708,false,false,0.6038,-1.1708
2274,EURCAD,BUY,1.61314,0.55,55.0,78.0,1.5,1.5,20,sl,-1.0,17,1.599832,false,false,0.5185,-1.067
2275,EURGBP,SELL,0.8649,0.5,65.0,89.0,1.5,1.5,20,sl,-1.0,2,0.871387,false,false,0.0,-0.4085
2276,EURJPY,BUY,185.183,0.87,75.0,89.0,1.5,1.5,20,sl,-1.0,4,182.766362,false,false,0.3281,-1.4437
2277,EURUSD,BUY,1.18016,0.86,70.0,89.0,1.5,1.5,20,sl,-1.0,18,1.164936,false,false,0.8334,-1.7707
2278,GBPCAD,BUY,1.86493,0.6,60.0,78.0,1.5,1.5,20,sl,-1.0623,4,1.8471,false,true,0.0,-1.098
2279,GBPJPY,BUY,214.09,0.9,65.0,89.0,1.5,1.5,20,sl,-1.0,3,211.199785,false,false,0.0,-1.2286
2280,GBPUSD,BUY,1.36446,0.87,70.0,89.0,1.5,1.5,20,sl,-1.0,10,1.346654,false,false,0.3836,-1.1757
2281,NZDCAD,BUY,0.81952,0.74,75.0,89.0,1.5,1.5,20,sl,-1.0,18,0.810423,false,false,0.6211,-1.8864
2282,NZDUSD,BUY,0.59982,1.17,70.0,78.0,1.5,1.5,20,sl,-1.0,18,0.589293,false,false,0.744,-1.5191
2283,USDCHF,SELL,0.77731,1.21,70.0,89.0,1.5,1.5,20,expired,-0.1304,20,0.77915,false,false,0.6847,-0.1127
2284,XAUUSD,BUY,5009.5,5.79,50.0,89.0,1.5,1.5,20,expired,-0.2604,20,4896.200195,false,false,0.9759,-0.4602
2285,AUDCAD,BUY,0.9479,0.92,70.0,89.0,1.5,1.5,20,tp,1.5,3,0.967522,false,false,1.5463,0.0
2286,AUDJPY,BUY,108.426,1.47,75.0,100.0,1.5,1.5,20,tp,1.5,17,112.01219,false,false,1.5254,-0.3012
2287,AUDUSD,BUY,0.69164,1.43,70.0,89.0,1.5,1.5,20,tp,1.5,4,0.713894,false,false,1.5564,0.0
2288,CADJPY,BUY,114.336,1.01,65.0,89.0,1.5,1.5,20,sl,-1.0,3,112.60381,false,false,0.4988,-1.3266
2289,EURAUD,SELL,1.70276,1.01,70.0,89.0,1.5,1.5,20,tp,1.5,3,1.664065,false,false,0.8489,0.0
2290,EURCAD,BUY,1.6144,0.55,55.0,78.0,1.5,1.5,20,sl,-1.0,16,1.601081,false,false,0.4235,-1.1608
2291,EURGBP,SELL,0.871,0.53,55.0,78.0,1.5,1.5,20,sl,-1.0,15,0.877924,false,false,0.1444,-0.5156
2292,EURNZD,BUY,1.98304,0.85,78.0,89.0,1.5,1.5,20,sl,-1.0,3,1.957756,false,false,0.0,-1.0382
2293,GBPAUD,SELL,1.95487,0.86,75.0,89.0,1.5,1.5,20,tp,1.5,3,1.917043,false,false,1.0964,0.0
2294,GBPCAD,BUY,1.85383,0.63,55.0,78.0,1.5,1.5,20,sl,-1.0,15,1.836311,false,false,0.3459,-1.1844
2295,GBPJPY,BUY,211.99699,0.94,55.0,78.0,1.5,1.5,20,sl,-1.0,3,209.007832,false,false,0.6657,-1.0889
2296,GBPUSD,BUY,1.35208,0.92,70.0,89.0,1.5,1.5,20,sl,-1.0,16,1.333421,false,false,1.0296,-1.0932
2297,NZDJPY,BUY,93.092,1.35,75.0,100.0,1.5,1.5,20,expired,-0.1077,20,92.889,false,false,0.9177,-0.5872
2298,USDCAD,SELL,1.37122,0.74,70.0,89.0,1.5,1.5,20,expired,0.2779,20,1.36699,false,false,0.9001,0.0
2299,USDCHF,SELL,0.7777,1.17,70.0,89.0,1.5,1.5,20,expired,-0.2169,20,0.78066,false,false,0.7363,-0.0879
2300,XAUUSD,BUY,4997.3999,5.2,30.0,63.0,1.5,1.5,20,sl,-1.0,20,4607.602708,false,false,1.1203,-1.2632
2301,AUDCHF,BUY,0.54568,1.28,65.0,89.0,1.5,1.5,20,expired,-0.1508,20,0.5441,false,false,0.9114,-0.5426
2302,AUDNZD,BUY,1.16591,0.55,65.0,89.0,1.5,1.5,20,tp,1.5,7,1.180338,false,false,1.5251,0.0
2303,AUDUSD,BUY,0.70337,1.52,65.0,89.0,1.5,1.5,20,expired,-0.4209,20,0.69662,false,false,0.7084,-0.55
2304,CADJPY,BUY,115.114,0.98,65.0,89.0,1.5,1.5,20,sl,-1.0,2,113.421824,false,false,0.0508,-1.8178
2305,EURAUD,SELL,1.68111,1.07,75.0,89.0,1.5,1.5,20,expired,1.007,20,1.65394,false,false,0.9584,0.0
2306,EURCHF,SELL,0.9174,0.49,75.0,100.0,1.5,1.5,20,tp,1.5,14,0.907286,false,false,0.7267,0.0
2307,EURJPY,BUY,185.95,0.83,65.0,89.0,1.5,1.5,20,sl,-1.0,1,183.634922,false,false,0.0112,-1.0794
2308,EURNZD,SELL,1.96029,0.87,75.0,100.0,1.5,1.5,20,expired,-0.3616,20,1.96954,false,false,0.0,-0.505
2309,GBPAUD,SELL,1.9346,0.93,75.0,89.0,1.5,1.5,20,tp,1.5,14,1.894118,false,false,1.2821,0.0
2310,GBPCHF,SELL,1.05567,0.76,65.0,89.0,1.5,1.5,20,tp,1.5,14,1.037618,false,false,1.0146,0.0
2311,GBPNZD,SELL,2.2559,0.79,75.0,89.0,1.5,1.5,20,expired,-0.6573,20,2.27347,false,false,0.0,-0.1197
2312,GBPUSD,BUY,1.3609,0.96,70.0,89.0,1.5,1.5,20,sl,-1.0281,15,1.340752,false,true,0.5302,-1.4909
2313,NZDJPY,BUY,94.834,1.33,75.0,100.0,1.5,1.5,20,sl,-1.0,2,92.942062,false,false,0.0,-1.4298
2314,USDCAD,SELL,1.36589,0.77,70.0,89.0,1.5,1.5,20,expired,0.36,20,1.36021,false,false,0.5306,-0.1971
2315,USDJPY,BUY,157.244,1.08,75.0,89.0,1.5,1.5,20,sl,-1.0,1,154.696647,false,false,0.0,-1.2444
2316,AUDCAD,BUY,0.96061,0.98,75.0,89.0,1.5,1.5,20,sl,-1.0,19,0.946489,false,false,1.0223,-1.0343
2317,AUDCHF,BUY,0.54336,1.27,65.0,89.0,1.5,1.5,20,expired,0.6256,20,0.549836,false,false,1.1467,-0.1797
2318,AUDNZD,BUY,1.17024,0.55,65.0,78.0,1.5,1.5,20,tp,1.5,8,1.184722,false,false,1.6055,-0.2734
2319,CADCHF,SELL,0.56557,0.85,75.0,100.0,1.5,1.5,20,sl,-1.0,15,0.572781,false,false,0.0388,-0.545
2320,CHFJPY,BUY,203.49866,0.94,65.0,89.0,1.5,1.5,20,sl,-1.0,1,200.629329,false,false,0.0,-1.7731
2321,EURAUD,SELL,1.68035,1.03,75.0,89.0,1.5,1.5,20,tp,1.5,20,1.641408,false,false,1.3378,0.0
2322,EURCHF,SELL,0.91318,0.52,75.0,100.0,1.5,1.5,20,tp,1.5,18,0.902496,false,false,0.9098,0.0
2323,EURJPY,BUY,185.855,0.88,75.0,89.0,1.5,1.5,20,sl,-1.0,1,183.401714,false,false,0.0,-1.6961
2324,EURUSD,BUY,1.19041,0.88,75.0,100.0,1.5,1.5,20,sl,-1.0,7,1.174697,false,false,0.1479,-1.0251
2325,GBPCAD,BUY,1.8556,0.63,55.0,78.0,1.5,1.5,20,sl,-1.0,13,1.838065,false,false,0.2156,-1.2843
2326,GBPCHF,SELL,1.04955,0.77,65.0,89.0,1.5,1.5,20,tp,1.5,14,1.031367,false,false,0.5024,0.0
2327,GBPNZD,SELL,2.2605,0.74,75.0,89.0,1.5,1.5,20,expired,-0.1514,20,2.2643,false,false,0.1773,0.0
2328,NZDCAD,BUY,0.82064,0.77,75.0,100.0,1.5,1.5,20,sl,-1.0,14,0.811162,false,false,0.4779,-1.035
2329,NZDUSD,BUY,0.60528,1.19,75.0,89.0,1.5,1.5,20,sl,-1.0,8,0.594476,false,false,0.2195,-1.0469
2330,USDCAD,SELL,1.35622,0.8,75.0,100.0,1.5,1.5,20,sl,-1.0,15,1.372495,false,false,0.0,-0.7853
2331,USDJPY,BUY,156.132,1.21,75.0,89.0,1.5,1.5,20,sl,-1.0,1,153.298204,false,false,0.0,-1.1673
2332,AUDCAD,BUY,0.95864,0.97,75.0,89.0,1.5,1.5,20,expired,0.5955,20,0.966946,false,false,1.1937,-0.9059
2333,AUDJPY,BUY,109.282,1.59,65.0,100.0,1.5,1.5,20,tp,1.5,20,113.191564,false,false,1.7902,-0.6047
2334,AUDUSD,BUY,0.70748,1.46,75.0,89.0,1.5,1.5,20,expired,0.2982,20,0.7121,false,false,0.7085,-0.8345
2335,CADCHF,SELL,0.56704,0.83,75.0,100.0,1.5,1.5,20,sl,-1.0,14,0.5741,false,false,0.2479,-0.3485
2336,CHFJPY,BUY,200.96231,1.07,60.0,78.0,1.5,1.5,20,sl,-1.0,1,197.736865,false,false,0.0,-1.0224
2337,EURCAD,BUY,1.61109,0.52,55.0,78.0,1.5,1.5,20,sl,-1.0,14,1.598523,false,false,0.5172,-2.1844
2338,EURGBP,SELL,0.87194,0.5,55.0,78.0,1.5,1.5,20,sl,-1.0,12,0.87848,false,false,0.2967,-0.4022
2339,EURJPY,BUY,183.65601,1.0,55.0,78.0,1.5,1.5,20,sl,-1.0,1,180.90117,false,false,0.0,-1.0266
2340,EURUSD,BUY,1.18896,0.89,75.0,100.0,1.5,1.5,20,sl,-1.0,13,1.173087,false,false,0.0063,-1.3657
2341,GBPCAD,BUY,1.84758,0.64,55.0,78.0,1.5,1.5,20,sl,-1.0,13,1.829843,false,false,0.6653,-1.4456
2342,GBPJPY,BUY,210.61,1.14,55.0,78.0,1.5,1.5,20,expired,0.4301,20,212.158997,false,false,0.6767,-0.9346
2343,GBPUSD,BUY,1.36346,0.98,70.0,89.0,1.5,1.5,20,sl,-1.133,13,1.340752,false,true,0.1831,-1.5855
2344,NZDCAD,BUY,0.81855,0.73,70.0,89.0,1.5,1.5,20,sl,-1.0,14,0.809587,false,false,0.7386,-1.8063
2345,NZDUSD,BUY,0.60417,1.15,75.0,100.0,1.5,1.5,20,sl,-1.0,13,0.593748,false,false,0.3341,-1.1849
2346,USDCHF,SELL,0.76857,1.25,75.0,89.0,1.5,1.5,20,sl,-1.0,14,0.782981,false,false,0.0,-0.6905
2347,XAUUSD,BUY,5176.2998,3.43,40.0,84.0,1.5,1.5,20,sl,-1.0,16,4909.979175,false,false,0.968,-1.378
2348,AUDCAD,BUY,0.96701,0.97,75.0,89.0,1.5,1.5,20,sl,-1.0,16,0.95294,false,false,0.5711,-1.005
2349,AUDJPY,BUY,109.201,1.56,65.0,89.0,1.5,1.5,20,tp,1.5,19,113.033955,false,false,1.8577,-0.5851
2350,AUDUSD,BUY,0.71253,1.4,75.0,100.0,1.5,1.5,20,sl,-1.0,13,0.697567,false,false,0.0799,-1.2016
2351,CADJPY,BUY,112.902,1.25,55.0,67.0,1.5,1.5,20,tp,1.5,17,116.428001,false,true,2.028,-0.471
2352,EURAUD,SELL,1.66666,1.0,75.0,89.0,1.5,1.5,20,tp,1.5,18,1.62916,false,false,0.8416,-0.2736
2353,EURCAD,BUY,1.61207,0.53,55.0,78.0,1.5,1.5,20,sl,-1.0,12,1.599254,false,false,0.3979,-1.0245
2354,EURGBP,SELL,0.87166,0.48,45.0,72.5,1.5,1.5,20,sl,-1.0,11,0.877936,false,false,0.2645,-0.4637
2355,EURNZD,SELL,1.96327,0.81,75.0,100.0,1.5,1.5,20,expired,0.2285,20,1.95782,false,false,0.1006,-0.4167
2356,GBPAUD,SELL,1.91188,0.87,75.0,89.0,1.5,1.5,20,tp,1.5,19,1.874455,false,false,1.0934,-0.4709
2357,GBPCAD,BUY,1.84916,0.64,55.0,78.0,1.5,1.5,20,sl,-1.0,12,1.831408,false,false,0.5757,-1.5334
2358,GBPJPY,BUY,208.798,1.17,55.0,67.0,1.5,1.5,20,expired,1.1115,20,212.871002,false,false,1.1595,-0.4241
2359,GBPUSD,BUY,1.3624,0.92,70.0,89.0,1.5,1.5,20,sl,-1.0,5,1.343599,false,false,0.2048,-1.0039
2360,NZDJPY,BUY,92.701,1.47,65.0,89.0,1.5,1.5,20,expired,0.5196,20,93.763,false,false,0.7206,-0.3503
2361,USDCAD,SELL,1.35754,0.82,75.0,100.0,1.5,1.5,20,sl,-1.0,13,1.374238,false,false,0.0,-0.6863
2362,USDCHF,SELL,0.77114,1.22,75.0,100.0,1.5,1.5,20,sl,-1.0,13,0.785252,false,false,0.0581,-0.523
2363,XAUUSD,BUY,5226.2002,3.2,40.0,84.0,1.5,1.5,20,sl,-1.0,13,4975.34259,false,false,0.8288,-1.0209
2364,AUDCHF,BUY,0.54534,1.3,65.0,89.0,1.5,1.5,20,expired,0.9695,20,0.55565,false,false,1.3297,-0.2953
2365,AUDNZD,BUY,1.17479,0.59,65.0,89.0,1.5,1.5,20,tp,1.5,11,1.190385,false,false,1.7486,-0.6915
2366,AUDUSD,BUY,0.70871,1.38,75.0,100.0,1.5,1.5,20,expired,-0.0804,20,0.70753,false,false,0.6645,-0.9652
2367,CADJPY,BUY,112.266,1.13,55.0,78.0,1.5,1.5,20,tp,1.5,11,115.120363,false,false,1.576,-0.1897
2368,EURAUD,SELL,1.6745,1.04,75.0,100.0,1.5,1.5,20,tp,1.5,17,1.635317,false,false,1.1056,0.0
2369,EURCHF,SELL,0.91326,0.52,75.0,100.0,1.5,1.5,20,tp,1.5,15,0.902575,false,false,0.9209,0.0
2370,EURJPY,BUY,181.37199,0.91,55.0,67.0,1.5,1.5,20,expired,0.8309,20,183.429001,false,false,1.3657,-0.2205
2371,EURNZD,SELL,1.96729,0.8,70.0,89.0,1.5,1.5,20,expired,-0.0415,20,1.96827,false,false,0.2719,-0.2508
2372,GBPAUD,SELL,1.92128,0.92,75.0,89.0,1.5,1.5,20,tp,1.5,12,1.88151,false,false,0.8026,-0.0886
2373,GBPCHF,SELL,1.0476,0.77,75.0,100.0,1.5,1.5,20,expired,-0.0744,20,1.0485,false,false,0.3851,0.0
2374,GBPNZD,SELL,2.25732,0.64,75.0,89.0,1.5,1.5,20,sl,-1.0877,20,2.28089,false,true,0.0291,-0.7171
2375,GBPUSD,BUY,1.36203,0.84,65.0,89.0,1.5,1.5,20,sl,-1.0,4,1.344868,false,false,0.2459,-1.0782
2376,NZDJPY,BUY,92.173,1.36,65.0,89.0,1.5,1.5,20,expired,0.5281,20,93.166,false,false,1.0642,-0.1
2377,USDCAD,SELL,1.36107,0.79,75.0,100.0,1.5,1.5,20,expired,-0.1358,20,1.36326,false,false,0.0595,-0.4917
2378,USDJPY,BUY,152.821,1.18,55.0,78.0,1.5,1.5,20,tp,1.5,11,156.878398,false,false,1.82,-0.0444
2379,AUDCAD,BUY,0.96269,0.97,75.0,100.0,1.5,1.5,20,sl,-1.0551,15,0.947911,false,true,0.8821,-1.1912
2380,AUDCHF,BUY,0.54324,1.28,60.0,78.0,1.5,1.5,20,tp,1.5,17,0.558885,false,false,1.557,-0.0997
2381,AUDNZD,BUY,1.17176,0.59,75.0,100.0,1.5,1.5,20,tp,1.5,7,1.187315,false,false,1.6731,-0.4012
2382,CADCHF,SELL,0.56399,0.74,75.0,100.0,1.5,1.5,20,sl,-1.0,11,0.57025,false,false,0.0,-0.8802
2383,CHFJPY,BUY,198.78143,1.0,55.0,78.0,1.5,1.5,20,tp,1.5,9,203.254012,false,false,1.5409,-0.083
2384,EURAUD,SELL,1.67839,1.04,75.0,100.0,1.5,1.5,20,tp,1.5,16,1.639116,false,false,1.2516,0.0
2385,EURCHF,SELL,0.91162,0.48,75.0,100.0,1.5,1.5,20,tp,1.5,15,0.90022,false,true,1.3666,-0.0777
2386,EURJPY,BUY,181.30499,0.89,55.0,67.0,1.5,1.5,20,expired,0.4764,20,182.457993,false,false,1.4246,-0.1979
2387,EURUSD,BUY,1.18675,0.71,75.0,89.0,1.5,1.5,20,sl,-1.0,10,1.174111,false,false,0.0,-1.5402
2388,GBPCAD,BUY,1.85824,0.59,68.0,78.0,1.5,1.5,20,sl,-1.0,3,1.841795,false,false,0.0,-1.1268
2389,GBPCHF,SELL,1.0483,0.73,75.0,100.0,1.5,1.5,20,tp,1.5,10,1.031082,false,false,0.4216,0.0
2390,GBPNZD,SELL,2.26179,0.63,75.0,100.0,1.5,1.5,20,sl,-1.0,19,2.283164,false,false,0.2386,-0.5179
2391,NZDCAD,BUY,0.82136,0.68,85.0,100.0,1.5,1.5,20,sl,-1.0,10,0.812982,false,false,0.4548,-1.2569
2392,NZDUSD,BUY,0.60338,0.98,75.0,100.0,1.5,1.5,20,sl,-1.0,4,0.59451,false,false,0.1918,-1.0611
2393,USDCAD,SELL,1.36179,0.73,75.0,100.0,1.5,1.5,20,expired,-0.629,20,1.37117,false,false,0.1127,-0.4835
2394,USDJPY,BUY,152.77901,1.11,55.0,78.0,1.5,1.5,20,tp,1.5,7,156.594666,false,false,1.5839,-0.0307
2395,AUDCAD,BUY,0.96439,0.94,75.0,100.0,1.5,1.5,20,sl,-1.2119,14,0.947911,false,true,0.7836,-1.352
2396,AUDJPY,BUY,108.639,1.5,60.0,78.0,1.5,1.5,20,tp,1.5,15,112.305566,false,false,1.6761,-0.1076
2397,AUDUSD,BUY,0.7073,1.27,75.0,100.0,1.5,1.5,20,expired,-0.0335,20,0.706849,false,false,0.8281,-0.9463
2398,CADCHF,SELL,0.56438,0.68,85.0,100.0,1.5,1.5,20,sl,-1.0,10,0.570137,false,false,0.0,-0.8894
2399,CHFJPY,BUY,199.53087,0.98,55.0,78.0,1.5,1.5,20,tp,1.5,9,203.930526,false,false,1.5121,-0.2749
2400,EURCAD,BUY,1.61569,0.43,68.0,78.0,1.5,1.5,20,sl,-1.0,9,1.605269,false,false,0.1391,-1.6073
2401,EURGBP,BUY,0.86952,0.49,75.0,89.0,1.5,1.5,20,sl,-1.0,16,0.863129,false,false,1.4333,-1.0828
2402,EURJPY,BUY,182.02299,0.89,55.0,78.0,1.5,1.5,20,expired,0.3815,20,182.949997,false,false,1.1235,-0.2535
2403,EURUSD,BUY,1.18499,0.66,68.0,78.0,1.5,1.5,20,sl,-1.0,9,1.173259,false,false,0.0346,-1.5093
2404,GBPCAD,BUY,1.85814,0.58,68.0,78.0,1.5,1.5,20,sl,-1.0,2,1.841974,false,false,0.0,-1.1401
2405,GBPJPY,BUY,209.32001,1.06,55.0,78.0,1.5,1.5,20,expired,0.7518,20,211.822006,false,false,1.1198,-0.5108
2406,GBPUSD,BUY,1.36277,0.79,55.0,67.0,1.5,1.5,20,sl,-1.0,2,1.346621,false,false,0.0,-1.1917
2407,NZDCAD,BUY,0.82235,0.68,85.0,100.0,1.5,1.5,20,sl,-1.0,3,0.813962,false,false,0.3195,-1.0551
2408,NZDUSD,BUY,0.6032,0.95,85.0,100.0,1.5,1.5,20,sl,-1.0,3,0.594604,false,false,0.2189,-1.0739
2409,USDCHF,SELL,0.7696,0.94,85.0,100.0,1.5,1.5,20,sl,-1.0,9,0.780451,false,false,0.0,-0.3308
2410,XAUUSD,BUY,5311.6001,2.69,40.0,84.0,1.5,1.5,20,sl,-1.0,1,5097.277036,false,false,0.3854,-1.4306
2411,AUDCAD,BUY,0.96592,0.87,75.0,100.0,1.5,1.5,20,sl,-1.0,12,0.953315,false,false,0.724,-1.0353
2412,AUDJPY,BUY,108.46,1.42,55.0,78.0,1.5,1.5,20,tp,1.5,9,111.925297,false,false,1.5639,0.0
2413,AUDUSD,BUY,0.70832,1.18,85.0,100.0,1.5,1.5,20,sl,-1.0,9,0.695783,false,false,0.4311,-1.0983
2414,CADJPY,BUY,112.292,1.02,55.0,78.0,1.5,1.5,20,tp,1.5,8,114.869101,false,false,1.7304,0.0
2415,EURAUD,SELL,1.67302,0.92,75.0,100.0,1.5,1.5,20,tp,1.5,14,1.638388,false,false,1.1868,0.0
2416,EURCAD,BUY,1.6162,0.36,65.0,89.0,1.5,1.5,20,sl,-1.0289,8,1.60722,false,true,0.0928,-1.9777
2417,EURGBP,BUY,0.87368,0.48,65.0,89.0,1.5,1.5,20,sl,-1.0,12,0.86739,false,false,0.7948,-1.2575
2418,EURNZD,SELL,1.95916,0.75,75.0,100.0,1.5,1.5,20,expired,-0.4632,20,1.96937,false,false,0.0,-0.6375
2419,GBPAUD,SELL,1.91476,0.9,75.0,89.0,1.5,1.5,20,tp,1.5,15,1.875986,false,false,1.1668,0.0
2420,GBPCAD,BUY,1.84974,0.56,55.0,67.0,1.5,1.5,20,sl,-1.0,7,1.834202,false,false,0.3186,-1.0722
2421,GBPJPY,BUY,207.728,1.06,55.0,67.0,1.5,1.5,20,tp,1.5,15,212.682313,false,false,1.6104,0.0
2422,GBPUSD,BUY,1.35645,0.79,55.0,67.0,1.5,1.5,20,sl,-1.0,8,1.340376,false,false,0.0594,-1.5409
2423,NZDJPY,BUY,92.62,1.25,55.0,78.0,1.5,1.5,20,expired,0.2632,20,93.077003,false,false,0.8948,-0.3536
2424,USDCAD,SELL,1.36377,0.64,55.0,78.0,1.5,1.5,20,expired,-0.3957,20,1.36895,false,false,0.2796,-0.3995
2425,USDCHF,SELL,0.7702,0.89,85.0,100.0,1.5,1.5,20,sl,-1.0,8,0.780482,false,false,0.0,-0.2908
2426,XAUUSD,BUY,5123.7002,3.2,30.0,63.0,1.5,1.5,20,sl,-1.0,11,4877.76259,false,false,0.5083,-1.2784
2427,AUDCHF,BUY,0.54402,1.15,60.0,78.0,1.5,1.5,20,tp,1.5,14,0.558097,false,false,1.6474,-0.1513
2428,AUDNZD,BUY,1.18028,0.64,75.0,89.0,1.5,1.5,20,tp,1.5,8,1.197276,false,false,1.5559,-0.0159
2429,AUDUSD,BUY,0.70438,1.16,65.0,89.0,1.5,1.5,20,expired,-0.1167,20,0.70295,false,false,1.1486,-0.802
2430,CADJPY,BUY,112.939,1.0,55.0,78.0,1.5,1.5,20,tp,1.5,10,115.480127,false,false,1.6304,-0.1192
2431,EURAUD,SELL,1.67353,0.9,75.0,100.0,1.5,1.5,20,tp,1.5,13,1.639641,false,false,1.2354,0.0
2432,EURCHF,SELL,0.91055,0.45,75.0,100.0,1.5,1.5,20,tp,1.5,12,0.90022,false,true,1.2853,-0.2571
2433,EURJPY,BUY,182.353,0.9,55.0,78.0,1.5,1.5,20,expired,0.3319,20,183.169998,false,false,0.9749,-0.1962
2434,EURNZD,SELL,1.97526,0.76,65.0,89.0,1.5,1.5,20,expired,-0.1101,20,1.97774,false,false,0.639,0.0
2435,GBPAUD,SELL,1.91573,0.88,75.0,100.0,1.5,1.5,20,tp,1.5,14,1.877799,false,false,1.231,0.0
2436,GBPCHF,SELL,1.04235,0.71,75.0,100.0,1.5,1.5,20,sl,-1.0,20,1.053451,false,false,0.0,-0.6261
2437,GBPNZD,SELL,2.26123,0.66,70.0,89.0,1.5,1.5,20,sl,-1.0,16,2.283616,false,false,0.2028,-0.5195
2438,GBPUSD,BUY,1.34958,0.81,55.0,67.0,1.5,1.5,20,sl,-1.0,7,1.333183,false,false,0.4772,-1.0915
2439,NZDJPY,BUY,92.296,1.23,55.0,78.0,1.5,1.5,20,expired,0.1738,20,92.592003,false,false,1.1029,-0.1703
2440,USDCAD,SELL,1.36961,0.64,55.0,67.0,1.5,1.5,20,expired,-0.2533,20,1.37294,false,false,0.7225,-0.0806
2441,USDJPY,BUY,154.69299,1.1,65.0,89.0,1.5,1.5,20,tp,1.5,12,158.521642,false,false,1.6459,-0.2735
2442,AUDCAD,BUY,0.96562,0.84,75.0,100.0,1.5,1.5,20,sl,-1.0,10,0.953453,false,false,0.7747,-1.0479
2443,AUDCHF,BUY,0.54704,1.09,65.0,89.0,1.5,1.5,20,tp,1.5,19,0.560456,false,false,1.5662,-0.4964
2444,AUDNZD,BUY,1.18173,0.63,75.0,89.0,1.5,1.5,20,tp,1.5,12,1.198481,false,false,1.6691,-0.146
2445,CADCHF,SELL,0.56646,0.57,65.0,89.0,1.5,1.5,20,sl,-1.0,7,0.571303,false,false,0.1239,-0.6277
2446,CHFJPY,BUY,200.09314,0.98,55.0,78.0,1.5,1.5,20,expired,0.0275,20,200.174072,false,false,1.3167,-0.2445
2447,EURAUD,SELL,1.66783,0.88,75.0,100.0,1.5,1.5,20,tp,1.5,12,1.634807,false,false,1.0088,0.0
2448,EURCHF,SELL,0.91249,0.42,75.0,100.0,1.5,1.5,20,tp,1.5,6,0.903867,false,false,0.0,0.0
2449,EURJPY,BUY,182.60899,0.89,55.0,78.0,1.5,1.5,20,expired,0.0878,20,182.822998,false,false,0.8795,-0.3031
2450,EURUSD,BUY,1.17691,0.56,55.0,67.0,1.5,1.5,20,sl,-1.0,7,1.167024,false,false,0.6611,-2.398
2451,GBPCAD,BUY,1.84212,0.54,55.0,67.0,1.5,1.5,20,sl,-1.0,6,1.827199,false,false,0.8424,-1.3524
2452,GBPCHF,SELL,1.04362,0.67,75.0,100.0,1.5,1.5,20,sl,-1.0,19,1.054108,false,false,0.0648,-0.5415
2453,GBPNZD,SELL,2.25439,0.68,75.0,100.0,1.5,1.5,20,sl,-1.0,14,2.277385,false,false,0.0,-0.3657
2454,NZDCAD,BUY,0.81697,0.75,65.0,89.0,1.5,1.5,20,sl,-1.0,7,0.807779,false,false,0.4668,-1.5896
2455,NZDUSD,BUY,0.5971,0.98,65.0,89.0,1.5,1.5,20,sl,-1.0,7,0.588323,false,false,0.4807,-1.5119
2456,USDCAD,SELL,1.36868,0.55,55.0,78.0,1.5,1.5,20,expired,-0.4339,20,1.37358,false,false,0.759,-0.1762
2457,USDJPY,BUY,155.16,1.02,75.0,89.0,1.5,1.5,20,tp,1.5,11,158.720922,false,false,1.5729,-0.4907
2458,AUDCAD,BUY,0.97053,0.76,75.0,100.0,1.5,1.5,20,sl,-1.0,6,0.959466,false,false,0.4082,-1.4127
2459,AUDJPY,BUY,109.751,1.32,65.0,89.0,1.5,1.5,20,tp,1.5,12,113.010605,false,false,1.9314,-0.2632
2460,AUDUSD,BUY,0.71114,1.04,75.0,100.0,1.5,1.5,20,sl,-1.0,6,0.700046,false,false,0.233,-1.4954
2461,CADCHF,SELL,0.5653,0.58,75.0,100.0,1.5,1.5,20,sl,-1.0,6,0.570218,false,false,0.0,-0.854
2462,CHFJPY,BUY,199.98138,0.95,75.0,89.0,1.5,1.5,20,expired,0.7393,20,202.088089,false,false,1.3982,-0.1427
2463,EURCAD,BUY,1.61514,0.33,65.0,89.0,1.5,1.5,20,sl,-1.0,5,1.607145,false,false,0.2339,-2.0263
2464,EURGBP,BUY,0.87446,0.46,75.0,89.0,1.5,1.5,20,sl,-1.0,9,0.868426,false,false,0.6994,-1.4402
2465,EURJPY,BUY,182.657,0.89,75.0,89.0,1.5,1.5,20,expired,0.5803,20,184.072006,false,false,0.8596,-0.3227
2466,EURUSD,BUY,1.18347,0.55,55.0,78.0,1.5,1.5,20,sl,-1.0,5,1.173706,false,false,0.0,-1.6578
2467,GBPCAD,SELL,1.84695,0.54,50.0,86.2,1.5,1.5,20,tp,1.5,5,1.82451,false,false,0.762,-0.0902
2468,GBPJPY,BUY,208.867,1.07,55.0,67.0,1.5,1.5,20,expired,1.0121,20,212.259995,false,false,1.3197,-0.0537
2469,GBPUSD,BUY,1.35333,0.76,55.0,78.0,1.5,1.5,20,sl,-1.0,5,1.337902,false,false,0.2641,-1.4032
2470,NZDCAD,BUY,0.81927,0.72,65.0,89.0,1.5,1.5,20,sl,-1.0,6,0.810422,false,false,0.2249,-1.9111
2471,NZDUSD,BUY,0.6004,0.97,55.0,78.0,1.5,1.5,20,sl,-1.0,6,0.591664,false,false,0.1052,-1.8969
2472,USDCHF,SELL,0.7717,0.76,60.0,78.0,1.5,1.5,20,sl,-1.0,5,0.780497,false,false,0.0,-0.1478
2473,XAUUSD,BUY,5158.7002,3.02,35.0,68.0,1.5,1.5,20,sl,-1.0,8,4925.011081,false,false,0.3851,-1.4952
2474,AUDCAD,BUY,0.9667,0.75,75.0,100.0,1.5,1.5,20,sl,-1.0,5,0.955825,false,false,0.7674,-1.085
2475,AUDJPY,BUY,109.16,1.27,75.0,89.0,1.5,1.5,20,tp,1.5,10,112.279247,false,false,1.7196,0.0
2476,AUDUSD,BUY,0.70607,1.04,65.0,89.0,1.5,1.5,20,sl,-1.0,5,0.695055,false,false,0.695,-1.0459
2477,CADJPY,BUY,112.914,0.99,75.0,89.0,1.5,1.5,20,tp,1.5,7,115.429159,false,false,1.6621,0.0
2478,EURAUD,SELL,1.67024,0.76,75.0,100.0,1.5,1.5,20,tp,1.5,10,1.641679,false,false,1.293,0.0
2479,EURCAD,BUY,1.61483,0.32,55.0,89.0,1.5,1.5,20,sl,-1.0,4,1.607079,false,false,0.2812,-2.05
2480,EURGBP,BUY,0.87378,0.47,75.0,89.0,1.5,1.5,20,sl,-1.0,8,0.86762,false,false,0.7954,-1.3003
2481,EURNZD,SELL,1.97865,0.68,55.0,67.0,1.5,1.5,20,expired,-0.2096,20,1.98288,false,false,0.881,-0.1709
2482,GBPAUD,SELL,1.91128,0.79,75.0,100.0,1.5,1.5,20,tp,1.5,11,1.877307,false,false,1.178,0.0
2483,GBPCAD,SELL,1.8479,0.54,65.0,89.0,1.5,1.5,20,tp,1.5,4,1.825448,false,false,0.8251,-0.0267
2484,GBPJPY,BUY,208.69099,1.06,55.0,67.0,1.5,1.5,20,expired,1.219,20,212.735992,false,false,1.3863,0.0
2485,GBPUSD,BUY,1.34969,0.75,55.0,67.0,1.5,1.5,20,sl,-1.0,4,1.334506,false,false,0.5081,-1.186
2486,NZDJPY,BUY,92.149,1.17,55.0,67.0,1.5,1.5,20,expired,0.3661,20,92.740997,false,false,1.2522,-0.1218
2487,USDCAD,SELL,1.36938,0.56,55.0,78.0,1.5,1.5,20,expired,-0.3208,20,1.37307,false,false,0.8059,-0.2869
2488,USDCHF,SELL,0.77423,0.76,55.0,78.0,1.5,1.5,20,sl,-1.0,5,0.783056,false,false,0.0453,-0.4861
2489,XAUUSD,BUY,5103.7002,3.01,35.0,68.0,1.5,1.5,20,sl,-1.0,7,4873.268136,false,false,0.6293,-1.2776
2490,AUDCHF,BUY,0.54607,0.98,75.0,89.0,1.5,1.5,20,tp,1.5,10,0.558111,false,false,1.6706,-0.4323
2491,AUDNZD,BUY,1.18333,0.58,75.0,89.0,1.5,1.5,20,tp,1.5,9,1.198772,false,false,1.6552,0.0
2492,AUDUSD,BUY,0.7061,1.02,70.0,89.0,1.5,1.5,20,sl,-1.0,4,0.695297,false,false,0.7058,-1.0691
2493,CADJPY,BUY,113.76,1.04,75.0,89.0,1.5,1.5,20,tp,1.5,8,116.428001,false,true,1.9356,-0.0034
2494,EURAUD,SELL,1.66776,0.75,75.0,100.0,1.5,1.5,20,tp,1.5,9,1.639617,false,false,1.18,0.0
2495,EURCHF,SELL,0.91102,0.4,75.0,100.0,1.5,1.5,20,tp,1.5,7,0.902821,false,false,0.7903,-0.1592
2496,EURJPY,BUY,183.535,0.92,75.0,89.0,1.5,1.5,20,expired,0.3182,20,184.341003,false,false,0.4556,-0.6574
2497,EURNZD,SELL,1.97368,0.65,55.0,78.0,1.5,1.5,20,sl,-1.0,18,1.992923,false,false,0.6657,-0.079
2498,GBPAUD,SELL,1.91168,0.78,75.0,100.0,1.5,1.5,20,tp,1.5,10,1.87813,false,false,1.2107,0.0
2499,GBPCHF,SELL,1.0442,0.59,75.0,89.0,1.5,1.5,20,tp,1.5,3,1.030338,false,false,0.0801,-0.0541
2500,GBPNZD,SELL,2.26236,0.62,70.0,89.0,1.5,1.5,20,sl,-1.0,12,2.2834,false,false,0.2695,-0.4991
2501,NZDCAD,BUY,0.81712,0.69,55.0,78.0,1.5,1.5,20,sl,-1.0,4,0.808663,false,false,0.4895,-1.7453
2502,NZDJPY,BUY,92.972,1.22,75.0,89.0,1.5,1.5,20,expired,-0.2004,20,92.630997,false,false,0.7065,-0.5995
2503,USDCAD,SELL,1.37003,0.55,55.0,78.0,1.5,1.5,20,tp,1.5,8,1.353076,false,false,0.8405,0.0
2504,USDJPY,BUY,155.88,1.09,75.0,89.0,1.5,1.5,20,tp,1.5,16,159.815994,false,true,1.5444,-0.133
2505,AUDCAD,BUY,0.97357,0.71,75.0,89.0,1.5,1.5,20,sl,-1.0,2,0.963201,false,false,0.0762,-1.0291
2506,AUDCHF,BUY,0.54978,0.94,65.0,89.0,1.5,1.5,20,expired,-0.04,20,0.54947,false,false,1.4536,-0.9262
2507,AUDNZD,BUY,1.18654,0.58,75.0,89.0,1.5,1.5,20,tp,1.5,9,1.202024,false,false,2.3317,-0.2005
2508,CADCHF,SELL,0.56451,0.58,75.0,100.0,1.5,1.5,20,sl,-1.0,2,0.569421,false,false,0.0,0.0
2509,CHFJPY,BUY,202.244,0.96,75.0,89.0,1.5,1.5,20,expired,-0.3204,20,201.311005,false,false,0.5913,-0.9165
2510,EURCAD,BUY,1.61554,0.31,65.0,89.0,1.5,1.5,20,sl,-1.1075,2,1.60722,false,true,0.0173,-2.2097
2511,EURCHF,SELL,0.91223,0.41,75.0,100.0,1.5,1.5,20,tp,1.5,2,0.903815,false,false,0.0,0.0
2512,EURJPY,BUY,184.53999,0.91,75.0,89.0,1.5,1.5,20,sl,-1.0,12,182.021019,false,false,0.0592,-1.06
2513,EURUSD,BUY,1.18152,0.56,55.0,78.0,1.5,1.5,20,sl,-1.0,2,1.171595,false,false,0.0883,-1.4345
2514,GBPCAD,SELL,1.85385,0.48,65.0,89.0,1.5,1.5,20,tp,1.5,1,1.833828,false,false,0.5949,0.0
2515,GBPCHF,SELL,1.04678,0.56,70.0,89.0,1.5,1.5,20,tp,1.5,1,1.033591,false,false,0.3776,0.0
2516,GBPNZD,SELL,2.2589,0.6,70.0,89.0,1.5,1.5,20,sl,-1.0816,11,2.28089,false,true,0.1087,-0.6867
2517,NZDCAD,BUY,0.82034,0.65,65.0,89.0,1.5,1.5,20,sl,-1.0,2,0.812342,false,false,0.0,-1.189
2518,NZDUSD,BUY,0.60009,0.87,60.0,78.0,1.5,1.5,20,sl,-1.0,2,0.592259,false,false,0.0472,-1.0559
2519,USDCHF,SELL,0.77214,0.77,60.0,78.0,1.5,1.5,20,sl,-1.0,2,0.781058,false,false,0.0,0.0
2520,USDJPY,BUY,156.2,1.08,75.0,89.0,1.5,1.5,20,expired,1.2583,20,159.384003,false,false,1.429,-0.2604
2521,AUDCAD,BUY,0.97109,0.64,75.0,100.0,1.5,1.5,20,sl,-1.0,2,0.961768,false,false,0.1952,-1.7367
2522,AUDJPY,BUY,110.68,1.16,75.0,89.0,1.5,1.5,20,tp,1.5,8,113.568748,false,false,1.6969,-0.5753
2523,AUDUSD,BUY,0.71018,0.84,75.0,100.0,1.5,1.5,20,sl,-1.0,2,0.701232,false,false,0.2314,-1.7467
2524,CADCHF,SELL,0.56533,0.57,70.0,89.0,1.5,1.5,20,sl,-1.0,2,0.570164,false,false,0.0,-0.8627
2525,CHFJPY,BUY,201.519,0.97,75.0,89.0,1.5,1.5,20,expired,-0.1957,20,200.945099,false,false,0.8346,-0.6631
2526,EURCAD,BUY,1.61392,0.31,45.0,78.0,1.5,1.5,20,sl,-1.0,1,1.606415,false,false,0.0,-1.9961
2527,EURGBP,BUY,0.87477,0.38,65.0,100.0,1.5,1.5,20,sl,-1.0609,3,0.86948,false,true,0.7842,-1.2394
2528,EURNZD,SELL,1.97351,0.55,55.0,78.0,1.5,1.5,20,sl,-1.0,16,1.989791,false,false,0.7763,-0.1038
2529,EURUSD,BUY,1.1803,0.49,55.0,78.0,1.5,1.5,20,sl,-1.0,1,1.171625,false,false,0.0,-1.5004
2530,GBPCAD,SELL,1.84491,0.53,75.0,100.0,1.5,1.5,20,tp,1.5,1,1.822909,false,false,0.6382,0.0
2531,GBPJPY,BUY,210.265,1.04,68.0,78.0,1.5,1.5,20,expired,0.8222,20,212.962006,false,false,0.9244,-0.3323
2532,GBPUSD,BUY,1.34915,0.63,55.0,78.0,1.5,1.5,20,sl,-1.0,1,1.336401,false,false,0.0,-1.3701
2533,NZDCAD,BUY,0.81765,0.61,55.0,78.0,1.5,1.5,20,sl,-1.0,2,0.810169,false,false,0.0,-2.0437
2534,NZDUSD,BUY,0.59802,0.78,55.0,78.0,1.5,1.5,20,sl,-1.0,2,0.591023,false,false,0.217,-2.0282
2535,USDCHF,SELL,0.77323,0.72,55.0,78.0,1.5,1.5,20,sl,-1.0,2,0.781581,false,false,0.0,-0.6335
2536,XAUUSD,BUY,5125.7998,3.0,30.0,63.0,1.5,1.5,20,sl,-1.0,4,4895.138809,false,false,0.0286,-1.3721
2537,AUDCHF,BUY,0.54311,0.97,55.0,78.0,1.5,1.5,20,tp,1.5,1,0.554963,false,false,1.5336,0.0
2538,AUDJPY,BUY,110.546,1.13,75.0,89.0,1.5,1.5,20,tp,1.5,7,113.356632,false,false,1.8156,-0.5198
2539,AUDUSD,BUY,0.70581,0.86,55.0,78.0,1.5,1.5,20,sl,-1.0,1,0.696705,false,false,0.7073,-1.2367
2540,CADJPY,BUY,114.586,0.99,75.0,89.0,1.5,1.5,20,tp,1.5,5,117.138403,false,false,1.5333,0.0
2541,EURAUD,SELL,1.66598,0.67,75.0,100.0,1.5,1.5,20,tp,1.5,6,1.640865,false,false,1.216,0.0
2542,EURCAD,BUY,1.60718,0.35,45.0,67.0,1.5,1.5,20,sl,-1.0,1,1.598742,false,false,0.0,-2.7899
2543,EURGBP,BUY,0.87707,0.4,75.0,100.0,1.5,1.5,20,sl,-1.0,1,0.871808,false,false,0.0,-1.3549
2544,EURNZD,SELL,1.97376,0.54,55.0,78.0,1.5,1.5,20,sl,-1.0,15,1.989747,false,false,0.8063,-0.0901
2545,GBPAUD,SELL,1.89935,0.74,75.0,100.0,1.5,1.5,20,sl,-1.0,16,1.920433,false,false,0.6996,-0.7689
2546,GBPCHF,SELL,1.03161,0.62,75.0,89.0,1.5,1.5,20,sl,-1.2998,1,1.04408,false,true,0.0,-1.0507
2547,GBPJPY,BUY,209.98199,0.99,68.0,78.0,1.5,1.5,20,expired,0.6783,20,212.097,false,false,1.0631,-0.2588
2548,GBPUSD,BUY,1.34066,0.68,55.0,67.0,1.5,1.5,20,sl,-1.0,1,1.326985,false,false,0.1357,-1.1096
2549,NZDJPY,BUY,93.298,0.98,75.0,89.0,1.5,1.5,20,sl,-1.0,19,91.926519,false,false,0.6387,-1.1127
2550,USDCAD,SELL,1.36684,0.45,68.0,78.0,1.5,1.5,20,tp,1.5,5,1.353001,false,false,0.6839,0.0
2551,USDCHF,SELL,0.76953,0.73,75.0,89.0,1.5,1.5,20,sl,-1.0966,1,0.77877,false,true,0.0,-1.0669
2552,XAUUSD,BUY,5061.7002,2.96,30.0,63.0,1.5,1.5,20,sl,-1.0,3,4836.960711,false,false,0.0,-1.1231
2553,AUDCHF,BUY,0.55328,1.02,65.0,89.0,1.5,1.5,20,sl,-1.0,3,0.544815,false,false,0.0,-1.0372
2554,AUDNZD,BUY,1.19448,0.61,75.0,89.0,1.5,1.5,20,tp,1.5,8,1.210874,false,false,1.5975,-0.7576
2555,CADCHF,SELL,0.56953,0.7,55.0,78.0,1.5,1.5,20,sl,-1.0,4,0.57551,false,false,0.0,-0.4632
2556,CADJPY,BUY,115.017,0.85,65.0,89.0,1.5,1.5,20,expired,-0.1957,20,114.730003,false,false,1.4852,-0.8047
2557,EURAUD,SELL,1.64587,0.7,75.0,89.0,1.5,1.5,20,tp,1.5,6,1.619948,false,false,0.8865,-0.1238
2558,EURCHF,SELL,0.91074,0.46,85.0,100.0,1.5,1.5,20,tp,1.5,4,0.90022,false,true,1.2874,0.0
2559,EURJPY,BUY,183.923,0.76,75.0,89.0,1.5,1.5,20,expired,-0.3815,20,183.123001,false,false,0.3133,-0.9791
2560,EURNZD,SELL,1.96613,0.54,75.0,89.0,1.5,1.5,20,sl,-1.0,14,1.982056,false,false,0.3303,-0.5695
2561,GBPAUD,SELL,1.887,0.8,75.0,89.0,1.5,1.5,20,sl,-1.0,3,1.909644,false,false,0.0,-0.4443
2562,GBPCHF,SELL,1.04413,0.65,65.0,89.0,1.5,1.5,20,sl,-1.0,12,1.05431,false,false,0.1169,-0.5078
2563,GBPNZD,SELL,2.25426,0.64,85.0,100.0,1.5,1.5,20,sl,-1.0,3,2.275901,false,false,0.0,-0.2236
2564,NZDCAD,BUY,0.81306,0.68,55.0,78.0,1.5,1.5,20,sl,-1.0,1,0.804767,false,false,0.0,-1.2528
2565,NZDJPY,BUY,93.525,0.92,75.0,89.0,1.5,1.5,20,sl,-1.0,12,92.234355,false,false,0.5029,-1.0832
2566,USDCAD,SELL,1.3671,0.44,68.0,78.0,1.5,1.5,20,tp,1.5,4,1.353566,false,false,0.7281,0.0
2567,USDJPY,BUY,157.257,0.88,65.0,89.0,1.5,1.5,20,expired,1.2448,20,159.841003,false,false,1.4327,-0.3772
2568,AUDCAD,BUY,0.96262,0.76,65.0,89.0,1.5,1.5,20,sl,-1.3404,3,0.947911,false,true,0.3144,-1.5141
2569,AUDCHF,BUY,0.55045,1.02,75.0,89.0,1.5,1.5,20,expired,0.1769,20,0.55194,false,false,1.2584,-0.7896
2570,AUDNZD,BUY,1.19551,0.61,75.0,89.0,1.5,1.5,20,tp,1.5,7,1.211918,false,false,1.502,-0.8511
2571,CADCHF,SELL,0.57176,0.68,55.0,78.0,1.5,1.5,20,sl,-1.0,11,0.577592,false,false,0.0,-0.6241
2572,CHFJPY,BUY,201.75919,0.82,65.0,89.0,1.5,1.5,20,sl,-1.0,18,199.277552,false,false,0.8719,-1.0626
2573,EURCAD,SELL,1.58766,0.46,65.0,78.0,1.5,1.5,20,tp,1.5,3,1.56771,false,true,1.2451,0.0
2574,EURCHF,SELL,0.90789,0.47,75.0,100.0,1.5,1.5,20,tp,1.5,3,0.898289,false,false,0.8187,0.0
2575,EURJPY,BUY,183.20399,0.71,60.0,78.0,1.5,1.5,20,expired,0.1389,20,183.475006,false,false,0.7052,-0.6837
2576,EURUSD,BUY,1.16122,0.65,55.0,67.0,1.5,1.5,20,sl,-1.0,7,1.149898,false,false,0.4562,-1.5665
2577,GBPCAD,SELL,1.82567,0.6,75.0,100.0,1.5,1.5,20,sl,-1.1022,12,1.84378,false,true,0.3268,-0.0511
2578,GBPCHF,SELL,1.04395,0.66,70.0,89.0,1.5,1.5,20,sl,-1.0,11,1.054285,false,false,0.0977,-0.5176
2579,GBPNZD,SELL,2.2661,0.66,65.0,89.0,1.5,1.5,20,sl,-1.0,7,2.288534,false,false,0.099,-0.3013
2580,NZDCAD,BUY,0.80498,0.72,55.0,67.0,1.5,1.5,20,sl,-1.0594,3,0.79577,false,true,0.6545,-1.1157
2581,NZDUSD,BUY,0.58891,1.0,55.0,67.0,1.5,1.5,20,sl,-1.0243,8,0.579861,false,true,0.824,-1.046
2582,USDCHF,SELL,0.78192,0.8,55.0,67.0,1.5,1.5,20,sl,-1.0,8,0.791303,false,false,0.3943,-0.5201
2583,USDJPY,BUY,157.77299,0.82,65.0,78.0,1.5,1.5,20,expired,0.4153,20,158.578995,false,false,1.2666,-0.6694
2584,AUDCAD,BUY,0.96536,0.77,65.0,89.0,1.5,1.5,20,sl,-1.0,1,0.95421,false,false,0.0,-1.1202
2585,AUDJPY,BUY,111.071,1.11,65.0,89.0,1.5,1.5,20,tp,1.5,4,113.844998,false,false,1.5557,-0.4904
2586,AUDUSD,BUY,0.7076,1.04,55.0,78.0,1.5,1.5,20,sl,-1.0,2,0.696561,false,false,0.0,-1.0789
2587,CADCHF,SELL,0.57098,0.67,55.0,67.0,1.5,1.5,20,sl,-1.0,6,0.576718,false,false,0.0,-0.474
2588,CHFJPY,BUY,201.45586,0.82,65.0,89.0,1.5,1.5,20,sl,-1.0,18,198.977953,false,false,0.9957,-1.5074
2589,EURCAD,SELL,1.58738,0.47,65.0,78.0,1.5,1.5,20,tp,1.5,2,1.56771,false,true,1.1938,0.0
2590,EURGBP,BUY,0.87022,0.44,65.0,89.0,1.5,1.5,20,sl,-1.0,3,0.864477,false,false,0.0,-1.0482
2591,EURNZD,SELL,1.95941,0.58,65.0,89.0,1.5,1.5,20,sl,-1.0,6,1.976457,false,false,0.0,-0.3514
2592,EURUSD,BUY,1.16356,0.69,55.0,67.0,1.5,1.5,20,sl,-1.0,2,1.151517,false,false,0.0,-1.0584
2593,GBPCAD,SELL,1.82401,0.6,75.0,89.0,1.5,1.5,20,sl,-1.2043,11,1.84378,false,true,0.226,-0.1523
2594,GBPJPY,BUY,209.854,0.85,60.0,78.0,1.5,1.5,20,expired,0.4436,20,211.041,false,false,1.2868,-0.0789
2595,GBPUSD,BUY,1.33695,0.76,65.0,78.0,1.5,1.5,20,sl,-1.0,17,1.321709,false,false,0.7345,-1.2701
2596,NZDCAD,BUY,0.80987,0.74,55.0,67.0,1.5,1.5,20,sl,-1.0,1,0.80088,false,false,0.0,-1.1669
2597,NZDUSD,BUY,0.59376,1.04,55.0,67.0,1.5,1.5,20,sl,-1.0,6,0.584497,false,false,0.2623,-1.45
2598,USDCHF,SELL,0.77915,0.81,55.0,67.0,1.5,1.5,20,sl,-1.0,6,0.788617,false,false,0.0982,-0.5651
2599,XAUUSD,BUY,4896.2002,3.11,30.0,52.0,1.5,1.5,20,sl,-1.0,1,4667.792461,false,false,0.0,-1.7127
2600,AUDCHF,BUY,0.54739,1.05,60.0,78.0,1.5,1.5,20,tp,1.5,9,0.560322,false,false,1.5842,-0.4164
2601,AUDJPY,BUY,110.447,1.12,60.0,78.0,1.5,1.5,20,tp,1.5,3,113.230264,false,false,1.8868,-0.0965
2602,AUDUSD,BUY,0.70113,1.12,55.0,78.0,1.5,1.5,20,sl,-1.0442,15,0.68883,false,true,1.4711,-1.1767
2603,CADJPY,BUY,115.227,0.76,65.0,78.0,1.5,1.5,20,sl,-1.0,17,113.913412,false,false,1.4982,-1.0582
2604,EURAUD,SELL,1.65548,0.69,75.0,100.0,1.5,1.5,20,tp,1.5,2,1.629779,false,false,0.5755,0.0
2605,EURCAD,SELL,1.58672,0.51,65.0,78.0,1.5,1.5,20,tp,1.5,1,1.56771,false,true,1.0463,0.0
2606,EURGBP,BUY,0.86899,0.46,55.0,78.0,1.5,1.5,20,sl,-1.0,3,0.862994,false,false,0.0,-1.0657
2607,EURNZD,SELL,1.96813,0.6,75.0,89.0,1.5,1.5,20,sl,-1.0,11,1.985843,false,false,0.4099,-0.3991
2608,GBPAUD,SELL,1.90479,0.82,70.0,89.0,1.5,1.5,20,tp,1.5,3,1.869647,false,false,0.8618,0.0
2609,GBPCHF,SELL,1.04269,0.67,75.0,100.0,1.5,1.5,20,sl,-1.0,9,1.053169,false,false,0.0,-0.6308
2610,GBPJPY,BUY,210.41499,0.84,65.0,89.0,1.5,1.5,20,expired,0.2059,20,210.960999,false,false,1.087,-0.2912
2611,GBPUSD,BUY,1.33574,0.79,65.0,78.0,1.5,1.5,20,sl,-1.0,16,1.319911,false,false,0.7837,-1.1465
2612,NZDJPY,BUY,92.889,0.9,60.0,78.0,1.5,1.5,20,sl,-1.0,16,91.634998,false,false,1.0247,-1.5359
2613,USDCAD,SELL,1.36699,0.46,75.0,89.0,1.5,1.5,20,tp,1.5,1,1.352842,false,false,0.6849,0.0
2614,USDCHF,SELL,0.78066,0.84,55.0,67.0,1.5,1.5,20,sl,-1.0,6,0.790496,false,false,0.2481,-0.6242
2615,XAUUSD,BUY,4605.7002,3.73,30.0,52.0,1.5,1.5,20,sl,-1.0,2,4348.011274,false,false,0.5142,-1.9624
2616,AUDCHF,BUY,0.5441,1.07,55.0,78.0,1.5,1.5,20,tp,1.5,2,0.557199,false,false,1.7612,0.0
2617,AUDNZD,BUY,1.19075,0.63,75.0,89.0,1.5,1.5,20,tp,1.5,2,1.207629,false,false,1.7649,0.0
2618,CADCHF,SELL,0.57426,0.71,55.0,67.0,1.5,1.5,20,expired,-0.0229,20,0.5744,false,false,0.1913,-0.1864
2619,CADJPY,BUY,116.456,0.83,65.0,78.0,1.5,1.5,20,sl,-1.0428,9,114.944,false,true,0.4435,-1.1146
2620,EURAUD,SELL,1.65394,0.72,75.0,100.0,1.5,1.5,20,tp,1.5,2,1.627146,false,false,1.3094,0.0
2621,EURCHF,SELL,0.90012,0.52,75.0,100.0,1.5,1.5,20,sl,-1.0,7,0.907141,false,false,0.0,-0.7606
2622,EURJPY,BUY,182.547,0.7,55.0,78.0,1.5,1.5,20,expired,0.7064,20,183.901001,false,false,1.0607,-0.3532
2623,EURNZD,SELL,1.96954,0.62,75.0,89.0,1.5,1.5,20,sl,-1.0,10,1.987857,false,false,0.4733,-0.309
2624,GBPAUD,SELL,1.90916,0.81,70.0,89.0,1.5,1.5,20,tp,1.5,2,1.874366,false,false,1.0588,0.0
2625,GBPCHF,SELL,1.03896,0.67,75.0,100.0,1.5,1.5,20,sl,-1.0,4,1.049402,false,false,0.0,-0.521
2626,GBPNZD,SELL,2.27347,0.75,65.0,89.0,1.5,1.5,20,sl,-1.0,10,2.299047,false,false,0.2299,-0.4223
2627,NZDCAD,BUY,0.79556,0.88,55.0,67.0,1.5,1.5,20,expired,-0.2914,20,0.7925,false,false,1.2684,-0.3104
2628,NZDJPY,BUY,92.664,0.95,55.0,78.0,1.5,1.5,20,sl,-1.0,15,91.343538,false,false,1.1435,-1.2882
2629,USDCAD,SELL,1.36021,0.5,65.0,89.0,1.5,1.5,20,sl,-1.0,4,1.370412,false,false,0.0098,-0.1657
2630,USDJPY,BUY,158.427,0.85,65.0,78.0,1.5,1.5,20,expired,0.6698,20,159.779999,false,false,0.8931,-0.5693
2631,AUDCAD,BUY,0.96021,1.05,55.0,78.0,1.5,1.5,20,expired,0.1309,20,0.96219,false,false,1.0496,-0.6427
2632,AUDCHF,BUY,0.54984,1.17,75.0,89.0,1.5,1.5,20,expired,0.2254,20,0.552015,false,false,1.1615,-0.3979
2633,AUDNZD,BUY,1.19254,0.62,75.0,89.0,1.5,1.5,20,tp,1.5,1,1.209176,false,false,1.6293,0.0
2634,CADCHF,SELL,0.57243,0.73,55.0,67.0,1.5,1.5,20,sl,-1.0,7,0.578698,false,false,0.0,-0.4738
2635,CHFJPY,BUY,202.89044,0.84,65.0,89.0,1.5,1.5,20,sl,-1.0,7,200.33402,false,false,0.4039,-1.297
2636,EURCAD,SELL,1.57834,0.67,75.0,89.0,1.5,1.5,20,sl,-1.0,10,1.594202,false,false,0.4186,-0.7653
2637,EURCHF,SELL,0.90363,0.54,75.0,100.0,1.5,1.5,20,sl,-1.0,7,0.910949,false,false,0.0,-0.4522
2638,EURJPY,BUY,183.35001,0.7,60.0,78.0,1.5,1.5,20,expired,0.4914,20,184.296005,false,false,0.9298,-0.7688
2639,EURUSD,BUY,1.16172,0.81,55.0,67.0,1.5,1.5,20,sl,-1.0,3,1.147605,false,false,0.19,-1.2919
2640,GBPCAD,SELL,1.82382,0.7,75.0,100.0,1.5,1.5,20,sl,-1.0423,8,1.84378,false,true,0.1666,-0.1405
2641,GBPCHF,SELL,1.0439,0.68,65.0,89.0,1.5,1.5,20,sl,-1.0,7,1.054548,false,false,0.0,-0.5071
2642,GBPNZD,SELL,2.2643,0.73,65.0,89.0,1.5,1.5,20,sl,-1.0,3,2.289094,false,false,0.0,-0.3452
2643,NZDCAD,BUY,0.80514,0.91,55.0,67.0,1.5,1.5,20,sl,-1.0,3,0.79415,false,false,0.1049,-1.1319
2644,NZDUSD,BUY,0.59271,1.19,55.0,67.0,1.5,1.5,20,sl,-1.0,3,0.58213,false,false,0.2041,-1.1702
2645,USDCHF,SELL,0.77788,0.87,55.0,78.0,1.5,1.5,20,sl,-1.0,3,0.788031,false,false,0.0,-0.6521
2646,USDJPY,BUY,157.84801,0.84,65.0,78.0,1.5,1.5,20,expired,0.9226,20,159.682999,false,false,1.1982,-0.0558
2647,AUDCAD,BUY,0.96695,1.12,75.0,89.0,1.5,1.5,20,sl,-1.0,8,0.950705,false,false,0.5623,-1.0132
2648,AUDJPY,BUY,112.557,1.3,75.0,89.0,1.5,1.5,20,sl,-1.0,8,110.362139,false,false,0.5326,-1.0365
2649,AUDUSD,BUY,0.7121,1.36,65.0,89.0,1.5,1.5,20,sl,-1.0,8,0.697573,false,false,0.276,-1.4422
2650,CADCHF,SELL,0.57311,0.72,55.0,67.0,1.5,1.5,20,expired,0.3506,20,0.57094,false,false,0.2617,-0.37
2651,CHFJPY,BUY,203.05418,0.8,65.0,89.0,1.5,1.5,20,sl,-1.0,6,200.61753,false,false,0.246,-1.4279
2652,EURCAD,SELL,1.57695,0.67,75.0,89.0,1.5,1.5,20,sl,-1.0,8,1.592798,false,false,0.3313,-0.3199
2653,EURGBP,BUY,0.86519,0.44,55.0,67.0,1.5,1.5,20,tp,1.5,14,0.873755,false,false,1.5761,-0.7163
2654,EURNZD,SELL,1.95974,0.58,65.0,89.0,1.5,1.5,20,sl,-1.0,5,1.97679,false,false,0.0,-0.3613
2655,EURUSD,BUY,1.16113,0.79,65.0,78.0,1.5,1.5,20,sl,-1.0,2,1.147371,false,false,0.0,-1.2824
2656,GBPCAD,SELL,1.8222,0.69,75.0,100.0,1.5,1.5,20,sl,-1.1442,7,1.84378,false,true,0.0832,-0.2285
2657,GBPJPY,BUY,212.159,0.8,65.0,89.0,1.5,1.5,20,expired,0.2105,20,212.695007,false,false,0.447,-0.9883
2658,GBPUSD,BUY,1.3419,0.78,85.0,100.0,1.5,1.5,20,sl,-1.0,2,1.3262,false,false,0.0,-1.1806
2659,NZDCAD,BUY,0.80453,0.86,55.0,67.0,1.5,1.5,20,sl,-1.0,2,0.794152,false,false,0.0,-1.1399
2660,NZDUSD,BUY,0.59244,1.12,55.0,78.0,1.5,1.5,20,sl,-1.0,2,0.582487,false,false,0.0,-1.2168
2661,USDCHF,SELL,0.77858,0.85,55.0,78.0,1.5,1.5,20,sl,-1.0,2,0.788507,false,false,0.0,-0.5964
2662,XAUUSD,BUY,4402.0,4.25,30.0,52.0,1.5,1.5,20,tp,1.5,7,4822.94125,false,false,1.5105,-0.1917
2663,AUDCHF,BUY,0.55723,1.21,65.0,89.0,1.5,1.5,20,sl,-1.0,10,0.547116,false,false,0.3775,-1.0016
2664,AUDJPY,BUY,113.403,1.3,75.0,89.0,1.5,1.5,20,sl,-1.0,5,111.191642,false,false,0.0,-1.0089
2665,AUDUSD,BUY,0.71292,1.38,65.0,89.0,1.5,1.5,20,sl,-1.0,7,0.698163,false,false,0.0,-1.4752
2666,CADJPY,BUY,116.949,0.8,75.0,89.0,1.5,1.5,20,sl,-1.0,5,115.545612,false,false,0.0164,-1.2
2667,EURAUD,SELL,1.61898,0.94,75.0,89.0,1.5,1.5,20,sl,-1.3151,7,1.649,false,true,0.0,-1.2007
2668,EURCAD,SELL,1.56973,0.69,75.0,89.0,1.5,1.5,20,sl,-1.2458,6,1.58997,false,true,0.0,-0.7565
2669,EURGBP,BUY,0.8626,0.45,45.0,58.8,1.5,1.5,20,tp,1.5,13,0.871334,false,false,1.9905,-0.2576
2670,EURNZD,SELL,1.95782,0.59,65.0,89.0,1.5,1.5,20,sl,-1.0,1,1.975147,false,false,0.0,-0.4375
2671,GBPAUD,SELL,1.87698,0.96,75.0,100.0,1.5,1.5,20,sl,-1.0,7,1.904009,false,false,0.0,-0.8979
2672,GBPCHF,SELL,1.04605,0.68,65.0,89.0,1.5,1.5,20,sl,-1.0,5,1.05672,false,false,0.0,-0.3046
2673,GBPJPY,BUY,212.871,0.79,65.0,78.0,1.5,1.5,20,sl,-1.0,12,210.348479,false,false,0.1689,-1.0402
2674,GBPUSD,BUY,1.33819,0.78,65.0,89.0,1.5,1.5,20,sl,-1.0,12,1.322533,false,false,0.6033,-1.3156
2675,NZDJPY,BUY,93.763,0.99,65.0,89.0,1.5,1.5,20,sl,-1.0,5,92.370619,false,false,0.0,-1.175
2676,USDCAD,SELL,1.36017,0.51,65.0,89.0,1.5,1.5,20,sl,-1.0,1,1.370575,false,false,0.0,-0.1663
2677,USDCHF,SELL,0.78174,0.86,55.0,78.0,1.5,1.5,20,sl,-1.0,2,0.791824,false,false,0.0,-0.5018
2678,XAUUSD,BUY,4552.2998,4.19,40.0,73.0,1.5,1.5,20,expired,0.6001,20,4724.0,false,false,1.2771,-0.7134
2679,AUDCHF,BUY,0.55565,1.22,65.0,89.0,1.5,1.5,20,expired,0.3757,20,0.55947,false,false,0.5309,-0.949
2680,AUDNZD,BUY,1.2087,0.67,75.0,89.0,1.5,1.5,20,sl,-1.0,7,1.196553,false,false,0.5063,-1.2925
2681,CADCHF,SELL,0.57601,0.72,65.0,78.0,1.5,1.5,20,expired,0.6333,20,0.57207,false,false,0.7266,0.0
2682,CADJPY,BUY,116.769,0.82,75.0,89.0,1.5,1.5,20,sl,-1.0,4,115.332741,false,false,0.0,-1.0472
2683,EURAUD,SELL,1.62825,0.96,75.0,100.0,1.5,1.5,20,sl,-1.0,6,1.651697,false,false,0.0,-0.7737
2684,EURCHF,SELL,0.90478,0.54,75.0,100.0,1.5,1.5,20,sl,-1.0,4,0.912109,false,false,0.0,-0.2947
2685,EURJPY,BUY,183.429,0.67,65.0,89.0,1.5,1.5,20,tp,1.5,19,186.194192,false,false,1.5053,-0.8457
2686,EURNZD,SELL,1.96827,0.63,55.0,78.0,1.5,1.5,20,sl,-1.0,6,1.98687,false,false,0.0,-0.3726
2687,GBPAUD,SELL,1.88697,0.98,75.0,100.0,1.5,1.5,20,sl,-1.0,6,1.914708,false,false,0.0,-0.5148
2688,GBPCHF,SELL,1.0485,0.69,65.0,89.0,1.5,1.5,20,sl,-1.0,5,1.059352,false,false,0.0,-0.0894
2689,GBPNZD,SELL,2.2811,0.71,65.0,78.0,1.5,1.5,20,sl,-1.0,8,2.305394,false,false,0.0,-0.6668
2690,NZDCAD,BUY,0.79782,0.93,65.0,78.0,1.5,1.5,20,expired,0.9542,20,0.80844,false,false,1.1429,-0.496
2691,NZDJPY,BUY,93.166,1.04,55.0,78.0,1.5,1.5,20,sl,-1.0,11,91.71261,false,false,0.0908,-1.5158
2692,USDCAD,SELL,1.36326,0.55,75.0,89.0,1.5,1.5,20,sl,-1.0,4,1.374507,false,false,0.0,-0.6588
2693,USDJPY,BUY,159.20599,0.77,65.0,78.0,1.5,1.5,20,expired,-0.0511,20,159.112,false,false,0.5574,-0.7989
2694,AUDCAD,BUY,0.96053,1.17,55.0,78.0,1.5,1.5,20,expired,0.7777,20,0.97364,false,false,1.1652,-0.5956
2695,AUDCHF,BUY,0.55336,1.23,65.0,89.0,1.5,1.5,20,expired,0.2889,20,0.55631,false,false,0.753,-0.7209
2696,AUDNZD,BUY,1.20839,0.67,75.0,89.0,1.5,1.5,20,sl,-1.0,6,1.196246,false,false,0.5319,-1.2673
2697,CADCHF,SELL,0.57605,0.72,65.0,78.0,1.5,1.5,20,expired,0.7667,20,0.57128,false,false,0.733,0.0
2698,CHFJPY,BUY,201.97133,0.81,70.0,89.0,1.5,1.5,20,sl,-1.0,10,199.517378,false,false,0.2831,-1.1611
2699,EURCAD,SELL,1.56783,0.73,75.0,89.0,1.5,1.5,20,sl,-1.2896,4,1.58997,false,true,0.0,-0.8266
2700,EURCHF,SELL,0.90323,0.54,75.0,100.0,1.5,1.5,20,sl,-1.0,3,0.910546,false,false,0.0,-0.5071
2701,EURJPY,BUY,182.45799,0.67,55.0,78.0,1.5,1.5,20,tp,1.5,17,185.462006,false,true,1.6382,-0.2116
2702,EURUSD,BUY,1.14351,0.88,65.0,78.0,1.5,1.5,20,tp,1.5,17,1.169044,false,true,1.9095,0.0
2703,GBPCAD,SELL,1.81624,0.69,75.0,100.0,1.5,1.5,20,sl,-1.0,3,1.835038,false,false,0.0,-0.4011
2704,GBPCHF,SELL,1.04635,0.69,65.0,89.0,1.5,1.5,20,sl,-1.0,3,1.05718,false,false,0.0,-0.2724
2705,GBPNZD,SELL,2.28489,0.71,55.0,67.0,1.5,1.5,20,sl,-1.0,8,2.309224,false,false,0.0,-0.6251
2706,NZDCAD,BUY,0.79471,0.95,65.0,78.0,1.5,1.5,20,expired,0.9016,20,0.80492,false,false,1.3978,-0.2128
2707,NZDUSD,BUY,0.57973,1.23,55.0,67.0,1.5,1.5,20,sl,-1.0247,15,0.56877,false,true,0.8862,-1.0247
2708,USDCHF,SELL,0.78992,0.89,55.0,67.0,1.5,1.5,20,sl,-1.0,10,0.800465,false,false,0.0626,-0.7472
2709,USDJPY,BUY,159.56799,0.72,65.0,78.0,1.5,1.5,20,sl,-1.0,4,157.844656,false,false,0.1439,-1.0625
2710,AUDCAD,BUY,0.96726,1.22,75.0,89.0,1.5,1.5,20,expired,0.6361,20,0.97852,false,false,0.8412,-0.9474
2711,AUDJPY,BUY,112.448,1.3,75.0,100.0,1.5,1.5,20,sl,-1.0,7,110.255264,false,false,0.3457,-1.0211
2712,AUDUSD,BUY,0.70685,1.51,65.0,89.0,1.5,1.5,20,sl,-1.0,7,0.69084,false,false,0.3398,-1.0375
2713,CADCHF,SELL,0.57574,0.75,65.0,78.0,1.5,1.5,20,expired,1.1904,20,0.56803,false,false,1.1332,0.0
2714,CHFJPY,BUY,201.86794,0.73,65.0,89.0,1.5,1.5,20,sl,-1.0,2,199.657486,false,false,0.361,-1.0374
2715,EURCAD,SELL,1.57368,0.78,75.0,89.0,1.5,1.5,20,sl,-1.0,4,1.592092,false,false,0.0,-0.453
2716,EURGBP,SELL,0.86363,0.44,65.0,89.0,1.5,1.5,20,sl,-1.0,9,0.86933,false,false,0.0,-0.6088
2717,EURNZD,SELL,1.96439,0.65,65.0,89.0,1.5,1.5,20,sl,-1.0,4,1.983543,false,false,0.0,-0.5644
2718,EURUSD,BUY,1.14995,0.92,65.0,78.0,1.5,1.5,20,tp,1.5,18,1.173754,false,false,1.5232,-0.3505
2719,GBPCAD,SELL,1.82203,0.72,70.0,89.0,1.5,1.5,20,sl,-1.1053,3,1.84378,false,true,0.0,-0.2277
2720,GBPJPY,BUY,211.82201,0.72,65.0,89.0,1.5,1.5,20,tp,1.5,20,215.253527,false,false,1.7306,-0.9525
2721,GBPUSD,BUY,1.33143,0.88,65.0,78.0,1.5,1.5,20,tp,1.5,20,1.357792,false,false,1.563,-0.8712
2722,NZDCAD,BUY,0.80093,0.98,65.0,78.0,1.5,1.5,20,expired,0.7167,20,0.809368,false,false,1.0607,-0.733
2723,NZDUSD,BUY,0.58537,1.26,65.0,78.0,1.5,1.5,20,sl,-1.1335,9,0.57283,false,true,0.347,-1.3811
2724,USDCHF,SELL,0.78805,0.9,55.0,67.0,1.5,1.5,20,sl,-1.1082,9,0.79984,false,true,0.0,-0.9165
2725,XAUUSD,BUY,4526.0,4.38,40.0,73.0,1.5,1.5,20,expired,0.2771,20,4608.399902,false,false,1.3173,-0.0585
2726,AUDCHF,BUY,0.5579,1.22,65.0,89.0,1.5,1.5,20,sl,-1.0,4,0.54769,false,false,0.3083,-1.048
2727,AUDJPY,BUY,112.948,1.26,75.0,100.0,1.5,1.5,20,sl,-1.0,3,110.813283,false,false,0.0,-1.2489
2728,AUDUSD,BUY,0.71091,1.5,75.0,89.0,1.5,1.5,20,sl,-1.0,3,0.694915,false,false,0.0,-1.2354
2729,CADJPY,BUY,116.066,0.75,70.0,89.0,1.5,1.5,20,sl,-1.0,8,114.760258,false,false,0.3255,-1.2805
2730,EURAUD,SELL,1.62301,0.96,75.0,100.0,1.5,1.5,20,sl,-1.112,3,1.649,false,true,0.0,-1.0004
2731,EURCAD,SELL,1.57966,0.8,70.0,78.0,1.5,1.5,20,sl,-1.0,5,1.598616,false,false,0.0,-0.776
2732,EURGBP,SELL,0.86376,0.44,65.0,89.0,1.5,1.5,20,sl,-1.0,8,0.869461,false,false,0.0,-0.5859
2733,EURNZD,SELL,1.96937,0.65,55.0,78.0,1.5,1.5,20,sl,-1.0,3,1.988571,false,false,0.0,-0.3036
2734,GBPAUD,SELL,1.87881,0.98,75.0,100.0,1.5,1.5,20,sl,-1.0,3,1.906429,false,false,0.0,-0.8125
2735,GBPCHF,SELL,1.04828,0.67,65.0,89.0,1.5,1.5,20,sl,-1.0,1,1.058815,false,false,0.0,-0.0968
2736,GBPJPY,BUY,212.237,0.7,75.0,89.0,1.5,1.5,20,sl,-1.0,9,210.008511,false,false,0.4757,-1.164
2737,GBPUSD,BUY,1.33595,0.87,78.0,89.0,1.5,1.5,20,sl,-1.0,8,1.318516,false,false,0.6703,-1.053
2738,NZDJPY,BUY,93.077,0.94,55.0,78.0,1.5,1.5,20,sl,-1.002,8,91.762001,false,true,0.1577,-1.6108
2739,USDCAD,SELL,1.36895,0.56,55.0,78.0,1.5,1.5,20,sl,-1.0,5,1.380449,false,false,0.0,-0.527
2740,USDCHF,SELL,0.78477,0.91,55.0,67.0,1.5,1.5,20,sl,-1.0,1,0.795482,false,false,0.0,-0.5237
2741,XAUUSD,BUY,4647.6001,4.41,53.0,89.0,1.5,1.5,20,expired,-0.2801,20,4561.5,false,false,0.8785,-0.4079
2742,AUDCHF,BUY,0.55709,1.22,65.0,89.0,1.5,1.5,20,sl,-1.0,6,0.546895,false,false,0.2916,-1.0584
2743,AUDNZD,BUY,1.21289,0.71,75.0,89.0,1.5,1.5,20,sl,-1.0,2,1.199973,false,false,0.0,-1.2363
2744,CADCHF,SELL,0.57724,0.79,65.0,78.0,1.5,1.5,20,tp,1.5,18,0.56698,false,false,1.2923,0.0
2745,CADJPY,BUY,116.398,0.78,75.0,89.0,1.5,1.5,20,sl,-1.0677,1,114.944,false,true,0.0,-1.144
2746,EURAUD,SELL,1.63073,1.0,75.0,100.0,1.5,1.5,20,sl,-1.0,2,1.655191,false,false,0.0,-0.6402
2747,EURCHF,SELL,0.90863,0.54,65.0,89.0,1.5,1.5,20,sl,-1.0,3,0.91599,false,false,0.0,-0.4171
2748,EURJPY,BUY,183.17,0.62,75.0,89.0,1.5,1.5,20,tp,1.5,15,185.725221,false,false,1.7811,-0.3417
2749,EURNZD,SELL,1.97774,0.66,55.0,78.0,1.5,1.5,20,sl,-1.0,5,1.99732,false,false,0.0,-0.6517
2750,GBPAUD,SELL,1.88689,0.99,75.0,100.0,1.5,1.5,20,sl,-1.0,2,1.91491,false,false,0.0,-0.5125
2751,GBPCHF,SELL,1.05137,0.65,65.0,89.0,1.5,1.5,20,sl,-1.0,6,1.061621,false,false,0.0,-0.5882
2752,GBPNZD,SELL,2.28861,0.72,55.0,67.0,1.5,1.5,20,sl,-1.0349,6,2.31419,false,true,0.053,-0.6441
2753,NZDCAD,BUY,0.7955,1.04,65.0,78.0,1.5,1.5,20,expired,1.2651,20,0.8112,false,false,1.4545,-0.2579
2754,NZDJPY,BUY,92.592,0.97,55.0,78.0,1.5,1.5,20,sl,-1.0,7,91.244786,false,false,0.5137,-1.2092
2755,USDCAD,SELL,1.37294,0.55,55.0,78.0,1.5,1.5,20,sl,-1.0,5,1.384267,false,false,0.0,-0.7292
2756,USDJPY,BUY,159.795,0.72,65.0,78.0,1.5,1.5,20,sl,-1.0894,1,157.914993,false,true,0.0,-1.1925
2757,AUDCAD,BUY,0.97243,1.28,75.0,89.0,1.5,1.5,20,sl,-1.0,1,0.953759,false,false,0.0,-1.1751
2758,AUDCHF,BUY,0.55857,1.16,65.0,89.0,1.5,1.5,20,sl,-1.0,1,0.548851,false,false,0.0,-1.067
2759,AUDNZD,BUY,1.20673,0.72,75.0,89.0,1.5,1.5,20,sl,-1.0,2,1.193697,false,false,0.0,-1.0535
2760,CADCHF,SELL,0.57419,0.75,78.0,89.0,1.5,1.5,20,expired,0.4009,20,0.5716,false,false,0.8963,0.0
2761,CHFJPY,BUY,200.17407,0.73,55.0,67.0,1.5,1.5,20,sl,-1.0,7,197.982164,false,false,0.9951,-1.1194
2762,EURCAD,SELL,1.59005,0.82,70.0,89.0,1.5,1.5,20,sl,-1.0,8,1.609608,false,false,0.0,-0.8508
2763,EURCHF,SELL,0.9132,0.5,65.0,78.0,1.5,1.5,20,sl,-1.0,7,0.920049,false,false,0.0,-0.4818
2764,EURJPY,BUY,182.823,0.63,55.0,67.0,1.5,1.5,20,tp,1.5,13,185.462006,false,true,1.5275,-0.1123
2765,EURUSD,SELL,1.15776,0.95,70.0,89.0,1.5,1.5,20,sl,-1.1266,17,1.176346,false,true,0.3286,-1.0872
2766,GBPCAD,SELL,1.84405,0.71,65.0,89.0,1.5,1.5,20,sl,-1.0,13,1.863689,false,false,0.0448,-0.443
2767,GBPCHF,SELL,1.05898,0.61,65.0,78.0,1.5,1.5,20,expired,-0.0227,20,1.0592,false,false,0.2023,-0.0227
2768,GBPNZD,SELL,2.28779,0.71,55.0,67.0,1.5,1.5,20,sl,-1.0835,5,2.31419,false,true,0.0,-0.687
2769,NZDCAD,BUY,0.80575,1.08,85.0,100.0,1.5,1.5,20,sl,-1.0,1,0.792697,false,false,0.0153,-1.0304
2770,NZDUSD,BUY,0.58683,1.32,85.0,100.0,1.5,1.5,20,sl,-1.0,5,0.575211,false,false,0.154,-1.0113
2771,USDCHF,SELL,0.7887,0.89,55.0,67.0,1.5,1.5,20,sl,-1.058,6,0.79984,false,true,0.0,-0.8643
2772,USDJPY,BUY,157.924,0.74,60.0,78.0,1.5,1.5,20,expired,0.7251,20,159.195007,false,false,1.3161,-0.178
2773,AUDCAD,BUY,0.96055,1.33,55.0,78.0,1.5,1.5,20,expired,0.8866,20,0.97754,false,false,1.3688,-0.5046
2774,AUDJPY,BUY,111.581,1.25,65.0,89.0,1.5,1.5,20,sl,-1.0,5,109.488856,false,false,0.0,-1.2122
2775,AUDUSD,BUY,0.70078,1.57,45.0,78.0,1.5,1.5,20,sl,-1.0,5,0.684277,false,false,0.0236,-1.0519
2776,CADCHF,SELL,0.57459,0.67,78.0,89.0,1.5,1.5,20,expired,0.5005,20,0.5717,false,false,1.0719,0.0
2777,CHFJPY,BUY,202.08809,0.69,55.0,78.0,1.5,1.5,20,sl,-1.0,5,199.996478,false,false,0.0,-1.418
2778,EURCAD,SELL,1.58483,0.78,70.0,89.0,1.5,1.5,20,sl,-1.0,6,1.603373,false,false,0.0,-0.5593
2779,EURGBP,SELL,0.8671,0.4,60.0,78.0,1.5,1.5,20,sl,-1.0,6,0.872303,false,false,0.2672,-0.0961
2780,EURNZD,SELL,1.98245,0.71,55.0,78.0,1.5,1.5,20,sl,-1.0,4,2.003563,false,false,0.0,-0.5944
2781,EURUSD,SELL,1.15602,0.9,70.0,89.0,1.5,1.5,20,sl,-1.0,12,1.171626,false,false,0.2359,-0.6833
2782,GBPCAD,SELL,1.82757,0.74,65.0,89.0,1.5,1.5,20,sl,-1.0,2,1.847856,false,false,0.0,-0.6896
2783,GBPJPY,BUY,212.25999,0.63,65.0,89.0,1.5,1.5,20,sl,-1.0,5,210.254133,false,false,0.517,-1.0036
2784,GBPUSD,SELL,1.33316,0.91,70.0,100.0,1.5,1.5,20,sl,-1.0,16,1.351358,false,false,0.4757,-0.949
2785,NZDCAD,BUY,0.79924,1.11,55.0,86.2,1.5,1.5,20,expired,0.3276,20,0.8036,false,false,1.0753,-0.5215
2786,NZDUSD,BUY,0.58312,1.34,65.0,89.0,1.5,1.5,20,sl,-1.0,5,0.571399,false,false,0.245,-1.1117
2787,USDCHF,SELL,0.78782,0.81,55.0,67.0,1.5,1.5,20,sl,-1.0,4,0.797392,false,false,0.0,-0.677
2788,XAUUSD,BUY,4684.7002,4.64,53.0,89.0,1.5,1.5,20,expired,-0.4643,20,4533.299805,false,false,0.7146,-0.5355
2789,AUDCHF,BUY,0.5511,1.13,55.0,78.0,1.5,1.5,20,expired,0.7858,20,0.55844,false,false,1.1872,-0.546
2790,AUDJPY,BUY,111.01,1.22,65.0,89.0,1.5,1.5,20,sl,-1.0,5,108.978517,false,false,0.064,-1.0618
2791,AUDUSD,BUY,0.70061,1.52,45.0,78.0,1.5,1.5,20,sl,-1.0,4,0.684636,false,false,0.0,-1.0761
2792,CADJPY,BUY,115.405,0.86,55.0,78.0,1.5,1.5,20,sl,-1.0,5,113.916275,false,false,0.0591,-1.0533
2793,EURAUD,SELL,1.65669,1.0,65.0,89.0,1.5,1.5,20,sl,-1.0,5,1.68154,false,false,0.0,-0.5268
2794,EURCAD,SELL,1.59372,0.76,65.0,89.0,1.5,1.5,20,sl,-1.0,6,1.611888,false,false,0.0,-0.7139
2795,EURGBP,SELL,0.86459,0.4,60.0,78.0,1.5,1.5,20,sl,-1.0,4,0.869778,false,false,0.0,-0.4839
2796,EURNZD,SELL,1.98288,0.69,55.0,78.0,1.5,1.5,20,sl,-1.0,3,2.003403,false,false,0.0,-0.5906
2797,GBPAUD,SELL,1.91599,0.96,65.0,89.0,1.5,1.5,20,expired,1.0892,20,1.88594,false,false,0.9855,-0.3991
2798,GBPCHF,SELL,1.05598,0.6,55.0,67.0,1.5,1.5,20,expired,0.2862,20,1.05326,false,false,0.1105,-0.3388
2799,GBPJPY,BUY,212.73599,0.61,65.0,89.0,1.5,1.5,20,sl,-1.0,4,210.789456,false,false,0.2882,-1.2787
2800,GBPUSD,BUY,1.34243,0.91,85.0,100.0,1.5,1.5,20,sl,-1.0175,4,1.323784,false,true,0.0647,-1.3555
2801,NZDJPY,BUY,92.741,0.9,55.0,78.0,1.5,1.5,20,sl,-1.0,4,91.488996,false,false,0.0,-1.4201
2802,USDCAD,SELL,1.37307,0.54,55.0,78.0,1.5,1.5,20,sl,-1.0,2,1.384192,false,false,0.0,-0.731
2803,USDCHF,SELL,0.7864,0.82,55.0,78.0,1.5,1.5,20,sl,-1.0,3,0.796073,false,false,0.0,-0.8167
2804,XAUUSD,BUY,4684.7002,4.7,53.0,89.0,1.5,1.5,20,expired,-0.3518,20,4568.5,false,false,0.7055,-0.5287
2805,AUDCHF,BUY,0.55134,1.1,55.0,78.0,1.5,1.5,20,expired,0.7934,20,0.558558,false,false,1.1927,-0.587
2806,AUDNZD,BUY,1.19846,0.68,70.0,89.0,1.5,1.5,20,tp,1.5,9,1.216796,false,false,1.5608,-0.4409
2807,CADCHF,SELL,0.57272,0.69,85.0,100.0,1.5,1.5,20,expired,0.2176,20,0.57143,false,false,0.7288,-0.0978
2808,CADJPY,BUY,115.35,0.83,55.0,78.0,1.5,1.5,20,sl,-1.0,4,113.913892,false,false,0.0996,-1.0535
2809,EURAUD,SELL,1.65986,0.99,65.0,89.0,1.5,1.5,20,expired,0.7627,20,1.64106,false,false,0.755,-0.4235
2810,EURCHF,SELL,0.91521,0.49,65.0,78.0,1.5,1.5,20,sl,-1.0,4,0.921937,false,false,0.0,-0.1918
2811,EURJPY,BUY,184.341,0.54,65.0,89.0,1.5,1.5,20,sl,-1.0,3,182.847838,false,false,0.1038,-1.1466
2812,EURNZD,SELL,1.98945,0.68,55.0,67.0,1.5,1.5,20,sl,-1.0,3,2.009742,false,false,0.0,-0.6756
2813,GBPAUD,SELL,1.91725,0.93,65.0,78.0,1.5,1.5,20,expired,1.1078,20,1.88762,false,false,1.0682,-0.3645
2814,GBPCHF,SELL,1.05707,0.59,55.0,67.0,1.5,1.5,20,expired,0.2982,20,1.05428,false,false,0.2288,-0.2277
2815,GBPNZD,SELL,2.29803,0.67,55.0,67.0,1.5,1.5,20,sl,-1.0,9,2.321125,false,false,0.0,-0.7785
2816,NZDCAD,SELL,0.80289,1.04,70.0,89.0,1.5,1.5,20,expired,-0.1916,20,0.80529,false,false,0.5585,-0.6555
2817,NZDJPY,BUY,92.631,0.89,55.0,78.0,1.5,1.5,20,sl,-1.0,3,91.394376,false,false,0.0,-1.3488
2818,USDCAD,SELL,1.37572,0.52,55.0,67.0,1.5,1.5,20,sl,-1.0,2,1.386451,false,false,0.0,-0.8089
2819,USDJPY,BUY,158.718,0.72,60.0,78.0,1.5,1.5,20,expired,0.3821,20,159.373001,false,false,0.8827,-0.6452
2820,AUDCAD,BUY,0.95882,1.22,55.0,78.0,1.5,1.5,20,tp,1.5,15,0.98514,false,false,1.5935,-0.4525
2821,AUDCHF,BUY,0.54947,1.07,55.0,78.0,1.5,1.5,20,expired,1.3788,20,0.56163,false,false,1.4423,-0.3935
2822,AUDNZD,BUY,1.19572,0.68,70.0,89.0,1.5,1.5,20,tp,1.5,8,1.214015,false,false,1.7891,-0.2173
2823,CADCHF,SELL,0.57294,0.68,85.0,100.0,1.5,1.5,20,expired,-0.1899,20,0.57405,false,false,0.7769,-0.0616
2824,CHFJPY,BUY,201.311,0.67,55.0,78.0,1.5,1.5,20,sl,-1.0,2,199.287824,false,false,0.0,-1.0819
2825,EURCAD,SELL,1.5966,0.74,65.0,89.0,1.5,1.5,20,sl,-1.0,4,1.614322,false,false,0.0,-0.5693
2826,EURCHF,SELL,0.91512,0.47,65.0,78.0,1.5,1.5,20,sl,-1.0,3,0.921572,false,false,0.0,-0.2139
2827,EURJPY,BUY,184.271,0.53,65.0,89.0,1.5,1.5,20,sl,-1.0,2,182.806046,false,false,0.1536,-1.1209
2828,EURUSD,SELL,1.15615,0.85,65.0,89.0,1.5,1.5,20,sl,-1.0,9,1.170891,false,false,0.2585,-0.7146
2829,GBPCAD,SELL,1.84598,0.77,65.0,89.0,1.5,1.5,20,sl,-1.0,9,1.867301,false,false,0.114,-0.3175
2830,GBPCHF,SELL,1.05761,0.58,55.0,67.0,1.5,1.5,20,expired,-0.1891,20,1.05935,false,false,0.2913,-0.1728
2831,GBPNZD,SELL,2.30142,0.63,55.0,67.0,1.5,1.5,20,sl,-1.0,8,2.323168,false,false,0.0,-0.6709
2832,NZDCAD,SELL,0.80191,0.99,65.0,89.0,1.5,1.5,20,expired,-0.4232,20,0.80695,false,false,0.5051,-0.7717
2833,NZDUSD,BUY,0.58064,1.24,65.0,89.0,1.5,1.5,20,sl,-1.0,6,0.56984,false,false,0.0,-1.0361
2834,USDCHF,SELL,0.79155,0.83,65.0,78.0,1.5,1.5,20,sl,-1.0,3,0.801405,false,false,0.0,-0.6342
2835,USDJPY,BUY,159.384,0.72,65.0,89.0,1.5,1.5,20,sl,-1.0,16,157.662653,false,false,0.4921,-1.0294
2836,AUDCAD,BUY,0.95384,1.18,55.0,78.0,1.5,1.5,20,tp,1.5,8,0.97969,false,true,1.5597,-0.1753
2837,AUDJPY,BUY,109.983,1.19,65.0,89.0,1.5,1.5,20,tp,1.5,12,113.013,false,true,1.7405,-0.5756
2838,AUDUSD,BUY,0.68874,1.47,55.0,78.0,1.5,1.5,20,tp,1.5,12,0.71152,false,false,1.7166,-0.3503
2839,CADCHF,SELL,0.5733,0.65,85.0,100.0,1.5,1.5,20,expired,-0.1055,20,0.57389,false,false,0.8766,0.0
2840,CHFJPY,BUY,200.9451,0.63,55.0,67.0,1.5,1.5,20,sl,-1.0,2,199.046169,false,false,0.0,-1.6981
2841,EURCAD,SELL,1.59764,0.65,65.0,78.0,1.5,1.5,20,sl,-1.0,3,1.613217,false,false,0.0,-0.581
2842,EURGBP,SELL,0.86493,0.36,45.0,78.0,1.5,1.5,20,sl,-1.0,1,0.869601,false,false,0.0,-0.4646
2843,EURNZD,SELL,2.0013,0.65,55.0,67.0,1.5,1.5,20,sl,-1.0,4,2.020813,false,false,0.0,-0.6304
2844,EURUSD,SELL,1.15351,0.83,85.0,100.0,1.5,1.5,20,sl,-1.0816,8,1.169044,false,true,0.0815,-0.9173
2845,GBPCAD,SELL,1.8467,0.71,65.0,78.0,1.5,1.5,20,sl,-1.0,8,1.866367,false,false,0.1602,-0.3076
2846,GBPJPY,BUY,212.96201,0.53,65.0,89.0,1.5,1.5,20,sl,-1.0,1,211.268962,false,false,0.0,-1.6036
2847,GBPUSD,SELL,1.33356,0.89,85.0,100.0,1.5,1.5,20,sl,-1.0,12,1.351363,false,false,0.5087,-0.9476
2848,NZDCAD,SELL,0.79788,0.94,85.0,100.0,1.5,1.5,20,sl,-1.0,8,0.80913,false,false,0.1764,-0.2862
2849,NZDUSD,BUY,0.57618,1.23,65.0,89.0,1.5,1.5,20,tp,1.5,14,0.592126,false,false,1.5135,-0.6971
2850,USDCHF,SELL,0.79468,0.84,65.0,78.0,1.5,1.5,20,tp,1.5,12,0.779661,false,false,1.0906,-0.3116
2851,XAUUSD,BUY,4787.3999,3.88,50.0,100.0,1.5,1.5,20,expired,-0.2035,20,4730.700195,false,false,0.4677,-0.9952
2852,AUDCHF,BUY,0.54782,0.95,55.0,78.0,1.5,1.5,20,tp,1.5,7,0.55953,false,false,1.5328,-0.2331
2853,AUDJPY,BUY,109.767,1.1,55.0,67.0,1.5,1.5,20,tp,1.5,8,112.483733,false,false,1.5543,-0.5047
2854,AUDUSD,BUY,0.68509,1.34,55.0,67.0,1.5,1.5,20,tp,1.5,7,0.70787,false,true,1.687,-0.114
2855,CADJPY,BUY,115.258,0.7,55.0,78.0,1.5,1.5,20,sl,-1.0,1,114.047791,false,false,0.0,-1.1742
2856,EURAUD,SELL,1.67736,0.91,65.0,78.0,1.5,1.5,20,tp,1.5,13,1.643016,false,false,1.3352,0.0
2857,EURCAD,SELL,1.59733,0.61,65.0,78.0,1.5,1.5,20,sl,-1.0,2,1.611946,false,false,0.0,-0.6404
2858,EURGBP,SELL,0.86803,0.38,45.0,78.0,1.5,1.5,20,sl,-1.0,1,0.872978,false,false,0.0,0.0
2859,EURNZD,SELL,2.00634,0.63,55.0,67.0,1.5,1.5,20,sl,-1.0,6,2.0253,false,false,0.0,-0.6677
2860,GBPAUD,SELL,1.93216,0.86,65.0,78.0,1.5,1.5,20,tp,1.5,7,1.89333,false,true,0.8626,0.0
2861,GBPCHF,SELL,1.05865,0.57,55.0,67.0,1.5,1.5,20,expired,-0.4408,20,1.06264,false,false,0.411,-0.3259
2862,GBPJPY,BUY,212.097,0.56,55.0,78.0,1.5,1.5,20,sl,-1.0,1,210.315385,false,false,0.0,-1.3774
2863,GBPUSD,SELL,1.32384,0.89,75.0,100.0,1.5,1.5,20,sl,-1.0,7,1.341513,false,false,0.0,-0.8067
2864,NZDJPY,BUY,91.757,0.83,55.0,67.0,1.5,1.5,20,tp,1.5,11,93.470562,false,false,1.889,-0.9383
2865,USDCAD,SELL,1.38995,0.51,55.0,67.0,1.5,1.5,20,tp,1.5,11,1.374,false,false,1.0411,-0.1514
2866,USDCHF,SELL,0.7998,0.83,65.0,78.0,1.5,1.5,20,tp,1.5,11,0.78344,false,true,1.6108,0.0
2867,XAUUSD,BUY,4767.3999,3.42,50.0,100.0,1.5,1.5,20,sl,-1.0,12,4522.832285,false,false,0.6146,-1.0026
2868,AUDCHF,BUY,0.54756,0.89,55.0,67.0,1.5,1.5,20,tp,1.5,6,0.55931,false,true,1.6725,0.0
2869,AUDNZD,BUY,1.19734,0.58,65.0,89.0,1.5,1.5,20,tp,1.5,5,1.212965,false,false,1.9392,0.0
2870,CADCHF,SELL,0.57421,0.65,65.0,89.0,1.5,1.5,20,expired,-0.3965,20,0.57643,false,false,1.0378,-0.3197
2871,CADJPY,BUY,114.73,0.75,55.0,67.0,1.5,1.5,20,tp,1.5,15,116.666069,false,false,1.6363,-0.6779
2872,EURAUD,SELL,1.67352,0.84,65.0,78.0,1.5,1.5,20,tp,1.5,12,1.64189,false,false,1.2676,0.0
2873,EURCHF,SELL,0.91639,0.49,55.0,67.0,1.5,1.5,20,sl,-1.0111,1,0.9232,false,true,0.0,-0.2658
2874,EURJPY,BUY,183.123,0.56,55.0,78.0,1.5,1.5,20,tp,1.5,6,185.462006,false,true,1.5206,0.0
2875,EURNZD,SELL,2.00385,0.66,55.0,67.0,1.5,1.5,20,sl,-1.0,3,2.023688,false,false,0.0,-0.6679
2876,GBPAUD,SELL,1.92416,0.79,65.0,78.0,1.5,1.5,20,tp,1.5,12,1.889958,false,false,1.3679,0.0
2877,GBPCHF,SELL,1.05346,0.6,75.0,89.0,1.5,1.5,20,sl,-1.0,19,1.062941,false,false,0.0,-0.8585
2878,GBPNZD,SELL,2.3032,0.61,65.0,78.0,1.5,1.5,20,sl,-1.0,5,2.324274,false,false,0.0,-0.6078
2879,NZDCAD,SELL,0.79614,0.88,75.0,100.0,1.5,1.5,20,sl,-1.0,6,0.806649,false,false,0.0233,-0.472
2880,NZDJPY,BUY,91.364,0.87,65.0,78.0,1.5,1.5,20,tp,1.5,7,93.15245,false,false,1.5634,-0.4679
2881,USDCAD,SELL,1.39283,0.52,55.0,67.0,1.5,1.5,20,tp,1.5,10,1.376534,false,false,1.284,0.0
2882,USDJPY,BUY,159.841,0.69,65.0,89.0,1.5,1.5,20,sl,-1.0,6,158.186646,false,false,0.1052,-1.1775
2883,AUDCAD,BUY,0.96213,1.02,75.0,89.0,1.5,1.5,20,tp,1.5,10,0.984211,false,false,1.5081,-0.4844
2884,AUDCHF,BUY,0.55194,0.88,75.0,89.0,1.5,1.5,20,tp,1.5,18,0.562868,false,false,1.6947,-0.5268
2885,AUDNZD,BUY,1.20235,0.57,85.0,100.0,1.5,1.5,20,tp,1.5,5,1.21777,false,false,1.6858,-0.034
2886,CADCHF,SELL,0.57375,0.67,85.0,100.0,1.5,1.5,20,expired,-0.5047,20,0.57666,false,false,0.9278,-0.3902
2887,CHFJPY,BUY,198.71501,0.76,55.0,67.0,1.5,1.5,20,tp,1.5,7,202.113037,false,false,1.6936,0.0
2888,EURCAD,SELL,1.60868,0.68,55.0,67.0,1.5,1.5,20,expired,0.3596,20,1.60278,false,false,0.3925,-0.7265
2889,EURCHF,SELL,0.9232,0.53,55.0,67.0,1.5,1.5,20,expired,-0.1744,20,0.92448,false,false,0.6908,0.0
2890,EURJPY,BUY,183.47501,0.58,55.0,78.0,1.5,1.5,20,tp,1.5,6,185.869359,false,false,1.7096,0.0
2891,EURUSD,SELL,1.15742,0.85,65.0,89.0,1.5,1.5,20,sl,-1.0,5,1.172177,false,false,0.1729,-0.6278
2892,GBPCAD,SELL,1.84064,0.75,55.0,67.0,1.5,1.5,20,sl,-1.0,5,1.861347,false,false,0.0,-0.5848
2893,GBPCHF,SELL,1.05626,0.61,55.0,67.0,1.5,1.5,20,sl,-1.0,19,1.065925,false,false,0.1376,-0.6663
2894,GBPNZD,SELL,2.30086,0.6,65.0,78.0,1.5,1.5,20,sl,-1.0,4,2.321568,false,false,0.0,-0.7316
2895,NZDCAD,SELL,0.79984,0.87,85.0,100.0,1.5,1.5,20,sl,-1.0,5,0.810278,false,false,0.378,-0.1207
2896,NZDUSD,BUY,0.57561,1.16,65.0,78.0,1.5,1.5,20,tp,1.5,9,0.590633,false,false,1.6445,-0.6829
2897,USDCHF,SELL,0.79763,0.88,65.0,78.0,1.5,1.5,20,tp,1.5,9,0.781837,false,false,1.3173,-0.0066
2898,USDJPY,BUY,158.57899,0.72,55.0,78.0,1.5,1.5,20,expired,0.5681,20,159.552002,false,false,0.9979,-0.5646
2899,AUDCAD,BUY,0.9602,1.0,75.0,89.0,1.5,1.5,20,tp,1.5,8,0.981805,false,false,1.524,0.0
2900,AUDJPY,BUY,109.846,0.92,55.0,67.0,1.5,1.5,20,tp,1.5,4,112.283997,false,true,1.6637,0.0
2901,AUDUSD,BUY,0.6924,1.24,55.0,67.0,1.5,1.5,20,tp,1.5,8,0.711718,false,false,1.7401,-0.2811
2902,CADCHF,SELL,0.57207,0.67,65.0,89.0,1.5,1.5,20,sl,-1.0,18,0.577819,false,false,0.6383,-0.6836
2903,CHFJPY,BUY,199.82561,0.75,55.0,67.0,1.5,1.5,20,tp,1.5,8,203.251999,false,true,1.8031,-0.3177
2904,EURCAD,SELL,1.6081,0.65,55.0,67.0,1.5,1.5,20,sl,-1.0039,9,1.62384,false,true,0.0,-0.7972
2905,EURGBP,SELL,0.87125,0.42,55.0,67.0,1.5,1.5,20,expired,0.9128,20,0.86624,false,false,0.869,-0.0802
2906,EURNZD,SELL,2.01572,0.63,55.0,67.0,1.5,1.5,20,tp,1.5,14,1.987147,false,false,1.3261,-0.1722
2907,EURUSD,SELL,1.15906,0.83,65.0,89.0,1.5,1.5,20,sl,-1.0,6,1.17349,false,false,0.2905,-0.6067
2908,GBPCAD,SELL,1.84552,0.74,55.0,67.0,1.5,1.5,20,sl,-1.0,4,1.866005,false,false,0.0962,-0.3529
2909,GBPJPY,BUY,211.041,0.62,55.0,67.0,1.5,1.5,20,tp,1.5,6,213.985022,false,false,1.7379,-0.2232
2910,GBPUSD,SELL,1.33026,0.94,85.0,100.0,1.5,1.5,20,sl,-1.1157,8,1.351187,false,true,0.3069,-1.0753
2911,NZDCAD,SELL,0.79763,0.85,85.0,100.0,1.5,1.5,20,sl,-1.0,4,0.8078,false,false,0.1706,-0.3412
2912,NZDUSD,BUY,0.57501,1.11,65.0,78.0,1.5,1.5,20,tp,1.5,8,0.589371,false,false,1.783,-0.6518
2913,USDCHF,SELL,0.79395,0.88,65.0,89.0,1.5,1.5,20,tp,1.5,11,0.77823,false,false,1.0372,-0.3578
2914,XAUUSD,BUY,4808.2998,2.92,40.0,73.0,1.5,1.5,20,sl,-1.0,8,4597.696269,false,false,0.5195,-1.1429
2915,AUDCHF,BUY,0.55183,0.86,75.0,89.0,1.5,1.5,20,tp,1.5,16,0.562508,false,false,1.7499,-0.0745
2916,AUDJPY,BUY,110.203,0.89,55.0,67.0,1.5,1.5,20,tp,1.5,4,112.409815,false,false,1.617,-0.1237
2917,AUDUSD,BUY,0.69115,1.19,55.0,78.0,1.5,1.5,20,tp,1.5,7,0.709656,false,false,1.9178,-0.1921
2918,CADJPY,BUY,114.587,0.74,55.0,67.0,1.5,1.5,20,tp,1.5,10,116.494874,false,false,1.5606,-0.4379
2919,EURAUD,SELL,1.66986,0.76,65.0,78.0,1.5,1.5,20,tp,1.5,9,1.641305,false,false,1.2119,0.0
2920,EURCAD,SELL,1.60593,0.64,55.0,67.0,1.5,1.5,20,sl,-1.0,3,1.621347,false,false,0.0,-0.5753
2921,EURGBP,SELL,0.87232,0.41,55.0,67.0,1.5,1.5,20,tp,1.5,19,0.864273,false,false,1.0886,0.0
2922,EURNZD,SELL,2.018,0.61,65.0,78.0,1.5,1.5,20,tp,1.5,12,1.990303,false,false,1.2202,-0.0542
2923,GBPAUD,SELL,1.91394,0.78,68.0,78.0,1.5,1.5,20,tp,1.5,17,1.88035,false,false,1.2763,0.0
2924,GBPCHF,SELL,1.05637,0.57,55.0,67.0,1.5,1.5,20,sl,-1.0,17,1.065402,false,false,0.1594,-0.7008
2925,GBPJPY,BUY,210.961,0.58,55.0,78.0,1.5,1.5,20,tp,1.5,4,213.714041,false,false,1.5267,-0.1929
2926,GBPUSD,SELL,1.32303,0.94,85.0,100.0,1.5,1.5,20,sl,-1.0,3,1.341685,false,false,0.0,-0.8077
2927,NZDJPY,BUY,91.16,0.78,65.0,78.0,1.5,1.5,20,tp,1.5,4,92.759858,false,false,1.9389,-0.3294
2928,USDCAD,SELL,1.3917,0.47,65.0,78.0,1.5,1.5,20,tp,1.5,7,1.376983,false,false,1.3066,0.0
2929,USDCHF,SELL,0.79863,0.87,65.0,78.0,1.5,1.5,20,tp,1.5,7,0.782997,false,false,1.4268,0.0
2930,XAUUSD,BUY,4879.6001,2.8,40.0,73.0,1.5,1.5,20,sl,-1.0,5,4674.656896,false,false,0.0,-1.012
2931,AUDCHF,BUY,0.55153,0.81,68.0,78.0,1.5,1.5,20,tp,1.5,8,0.561582,false,false,1.5797,-0.0045
2932,AUDNZD,BUY,1.2098,0.54,85.0,100.0,1.5,1.5,20,expired,1.1258,20,1.220832,false,false,1.3787,-0.5817
2933,CADCHF,SELL,0.5744,0.63,55.0,78.0,1.5,1.5,20,tp,1.5,6,0.566258,false,false,1.1054,0.0
2934,CADJPY,BUY,114.553,0.73,55.0,67.0,1.5,1.5,20,tp,1.5,9,116.434533,false,false,1.6096,-0.4169
2935,EURAUD,SELL,1.67149,0.74,55.0,67.0,1.5,1.5,20,tp,1.5,8,1.64366,false,false,1.3313,0.0
2936,EURCHF,SELL,0.92205,0.51,65.0,78.0,1.5,1.5,20,expired,0.862,20,0.91597,false,false,0.6139,-0.1347
2937,EURJPY,BUY,183.901,0.5,60.0,78.0,1.5,1.5,20,tp,1.5,3,185.969886,false,false,1.6697,0.0
2938,EURNZD,SELL,2.02402,0.6,65.0,78.0,1.5,1.5,20,tp,1.5,3,1.996696,false,false,1.1347,0.0
2939,GBPAUD,SELL,1.9147,0.74,68.0,78.0,1.5,1.5,20,tp,1.5,9,1.88282,false,false,1.1862,0.0
2940,GBPCHF,SELL,1.05628,0.56,75.0,89.0,1.5,1.5,20,sl,-1.0,16,1.065153,false,false,0.1522,-0.7236
2941,GBPNZD,SELL,2.31874,0.55,65.0,78.0,1.5,1.5,20,tp,1.5,11,2.290046,false,false,1.4752,0.0
2942,NZDCAD,SELL,0.7925,0.81,75.0,100.0,1.5,1.5,20,sl,-1.2244,2,0.80429,false,true,0.0,-0.8931
2943,NZDJPY,BUY,90.825,0.76,65.0,78.0,1.5,1.5,20,tp,1.5,2,92.378107,false,false,1.6428,0.0
2944,USDCAD,SELL,1.39457,0.47,65.0,78.0,1.5,1.5,20,tp,1.5,6,1.37867,false,true,1.5959,0.0
2945,USDJPY,BUY,159.78,0.73,75.0,89.0,1.5,1.5,20,sl,-1.0,2,158.030409,false,false,0.1343,-1.0785
2946,AUDCAD,BUY,0.96219,0.88,75.0,89.0,1.5,1.5,20,tp,1.5,5,0.981241,false,false,1.5715,0.0
2947,AUDCHF,BUY,0.55202,0.81,68.0,78.0,1.5,1.5,20,tp,1.5,7,0.562081,false,false,1.5053,0.0
2948,AUDNZD,BUY,1.21042,0.55,85.0,100.0,1.5,1.5,20,expired,1.0124,20,1.22053,false,false,1.2908,-0.6329
2949,CADCHF,SELL,0.57362,0.63,55.0,78.0,1.5,1.5,20,expired,-0.345,20,0.57549,false,false,0.963,-0.4391
2950,CHFJPY,BUY,200.06567,0.73,55.0,67.0,1.5,1.5,20,tp,1.5,5,203.351749,false,false,1.7407,0.0
2951,EURCAD,SELL,1.60538,0.59,55.0,67.0,1.5,1.5,20,sl,-1.0,1,1.619588,false,false,0.0,-0.663
2952,EURCHF,SELL,0.92108,0.53,65.0,78.0,1.5,1.5,20,expired,0.6214,20,0.91653,false,false,0.5968,-0.2622
2953,EURJPY,BUY,184.29601,0.52,65.0,89.0,1.5,1.5,20,tp,1.5,3,186.452273,false,false,1.7294,0.0
2954,EURUSD,SELL,1.15412,0.79,75.0,89.0,1.5,1.5,20,sl,-1.0912,1,1.169044,false,true,0.0,-0.9187
2955,GBPCAD,SELL,1.84081,0.72,75.0,89.0,1.5,1.5,20,sl,-1.0,1,1.860691,false,false,0.0,-0.6006
2956,GBPCHF,SELL,1.05607,0.57,68.0,78.0,1.5,1.5,20,sl,-1.0,15,1.065099,false,false,0.1263,-0.7343
2957,GBPNZD,SELL,2.3159,0.53,65.0,78.0,1.5,1.5,20,tp,1.5,10,2.288283,false,false,1.3785,0.0
2958,NZDCAD,SELL,0.79479,0.78,75.0,100.0,1.5,1.5,20,sl,-1.0216,1,0.80429,false,true,0.0,-0.6786
2959,NZDUSD,SELL,0.57145,1.05,75.0,100.0,1.5,1.5,20,sl,-1.0945,1,0.581301,false,true,0.0,-0.8011
2960,USDCHF,SELL,0.7981,0.87,65.0,78.0,1.5,1.5,20,tp,1.5,5,0.782477,false,false,1.3768,0.0
2961,USDJPY,BUY,159.683,0.71,75.0,89.0,1.5,1.5,20,sl,-1.0,1,157.982376,false,false,0.0,-1.0526
2962,AUDCAD,BUY,0.97955,0.9,65.0,89.0,1.5,1.5,20,expired,0.028,20,0.97992,false,false,0.6776,-0.5785
2963,AUDJPY,BUY,112.308,0.85,75.0,89.0,1.5,1.5,20,tp,1.5,13,114.455891,false,false,1.5755,-0.5182
2964,AUDUSD,BUY,0.70768,1.15,75.0,89.0,1.5,1.5,20,tp,1.5,20,0.725991,false,false,1.6431,-0.4866
2965,CADCHF,SELL,0.57094,0.63,65.0,89.0,1.5,1.5,20,sl,-1.0,13,0.576335,false,false,0.4708,-0.493
2966,CHFJPY,BUY,200.75301,0.66,85.0,100.0,1.5,1.5,20,tp,1.5,4,203.734192,false,false,1.5729,-0.1827
2967,EURCAD,SELL,1.61745,0.62,55.0,67.0,1.5,1.5,20,tp,1.5,14,1.594887,false,false,1.0112,-0.2094
2968,EURGBP,SELL,0.87202,0.42,55.0,67.0,1.5,1.5,20,tp,1.5,16,0.863779,false,false,1.0084,0.0
2969,EURNZD,SELL,2.01115,0.63,65.0,78.0,1.5,1.5,20,tp,1.5,10,1.982642,false,false,1.0886,0.0
2970,EURUSD,SELL,1.16866,0.84,55.0,67.0,1.5,1.5,20,sl,-1.0,7,1.183385,false,false,0.0,-0.5935
2971,GBPCAD,SELL,1.85501,0.75,55.0,67.0,1.5,1.5,20,expired,0.4442,20,1.84574,false,false,0.4131,-0.4222
2972,GBPJPY,BUY,212.69501,0.61,75.0,89.0,1.5,1.5,20,tp,1.5,4,215.614249,false,false,1.5857,-0.1315
2973,GBPUSD,SELL,1.34018,0.98,65.0,89.0,1.5,1.5,20,sl,-1.0234,17,1.360341,false,true,0.0,-0.9492
2974,NZDCAD,SELL,0.80382,0.84,65.0,89.0,1.5,1.5,20,expired,0.095,20,0.802858,false,false,0.0968,-0.7188
2975,NZDUSD,SELL,0.58093,1.13,65.0,89.0,1.5,1.5,20,sl,-1.0,4,0.590777,false,false,0.0,-0.4945
2976,USDCHF,SELL,0.7904,0.88,85.0,100.0,1.5,1.5,20,expired,0.8645,20,0.78138,false,false,0.9364,0.0
2977,XAUUSD,BUY,4753.0,2.65,30.0,63.0,1.5,1.5,20,sl,-1.0,5,4564.06825,false,false,0.0969,-1.2216
2978,AUDCHF,BUY,0.55709,0.82,75.0,89.0,1.5,1.5,20,expired,0.9347,20,0.563495,false,false,1.4692,-0.5677
2979,AUDJPY,BUY,111.67,0.88,75.0,89.0,1.5,1.5,20,tp,1.5,5,113.926003,false,true,1.7401,0.0
2980,AUDUSD,BUY,0.70394,1.15,75.0,89.0,1.5,1.5,20,tp,1.5,6,0.722154,false,false,1.5004,-0.1812
2981,CADJPY,BUY,114.536,0.63,55.0,78.0,1.5,1.5,20,tp,1.5,6,116.200996,false,true,1.8811,0.0
2982,EURAUD,SELL,1.65613,0.72,68.0,78.0,1.5,1.5,20,tp,1.5,13,1.629301,false,false,1.2507,-0.0207
2983,EURCAD,SELL,1.61445,0.57,55.0,67.0,1.5,1.5,20,tp,1.5,16,1.59271,false,true,1.1367,-0.4455
2984,EURGBP,SELL,0.87049,0.38,58.0,78.0,1.5,1.5,20,tp,1.5,16,0.8622,false,true,1.3281,0.0
2985,EURNZD,SELL,2.00141,0.64,78.0,89.0,1.5,1.5,20,tp,1.5,19,1.97259,false,false,0.8635,-0.0515
2986,GBPAUD,SELL,1.90251,0.75,75.0,89.0,1.5,1.5,20,expired,1.1251,20,1.87843,false,false,1.0424,0.0
2987,GBPCHF,SELL,1.05988,0.49,55.0,78.0,1.5,1.5,20,expired,0.1784,20,1.05849,false,false,0.6354,-0.6316
2988,GBPJPY,BUY,212.47,0.62,75.0,89.0,1.5,1.5,20,tp,1.5,3,215.433956,false,false,1.6756,0.0
2989,GBPUSD,SELL,1.33941,0.93,65.0,89.0,1.5,1.5,20,sl,-1.0,3,1.358095,false,false,0.0,-0.5898
2990,NZDJPY,BUY,92.395,0.8,85.0,100.0,1.5,1.5,20,tp,1.5,8,94.05811,false,false,1.6063,0.0
2991,USDCAD,SELL,1.38505,0.5,78.0,89.0,1.5,1.5,20,tp,1.5,6,1.369468,false,false,1.4228,0.0
2992,USDCHF,SELL,0.7914,0.84,85.0,100.0,1.5,1.5,20,expired,1.2576,20,0.77886,false,false,1.2175,0.0
2993,XAUUSD,BUY,4724.0,2.44,45.0,78.0,1.5,1.5,20,sl,-1.0,4,4551.1016,false,false,0.1914,-1.1672
2994,AUDCHF,BUY,0.55947,0.73,65.0,89.0,1.5,1.5,20,sl,-1.0,2,0.553344,false,false,0.0,-1.0235
2995,AUDNZD,BUY,1.20944,0.57,65.0,89.0,1.5,1.5,20,expired,0.4255,20,1.21384,false,false,1.3413,-0.5067
2996,CADCHF,SELL,0.57207,0.57,65.0,89.0,1.5,1.5,20,sl,-1.0,12,0.576961,false,false,0.7503,-0.8035
2997,CADJPY,BUY,115.091,0.59,68.0,78.0,1.5,1.5,20,tp,1.5,7,116.618833,false,false,1.7191,-0.0069
2998,EURAUD,SELL,1.65224,0.63,75.0,89.0,1.5,1.5,20,tp,1.5,15,1.628819,false,false,1.2021,-0.2728
2999,EURCHF,SELL,0.9246,0.47,65.0,78.0,1.5,1.5,20,tp,1.5,18,0.914822,false,false,1.2104,0.0
3000,EURJPY,BUY,185.99001,0.52,65.0,89.0,1.5,1.5,20,sl,-1.0,14,184.539288,false,false,1.3407,-2.4988
3001,EURUSD,SELL,1.16913,0.75,55.0,78.0,1.5,1.5,20,sl,-1.0,4,1.182283,false,false,0.0,-0.6287
3002,GBPAUD,SELL,1.8979,0.69,75.0,89.0,1.5,1.5,20,expired,0.8919,20,1.88038,false,false,0.9011,-0.2052
3003,GBPCHF,SELL,1.06198,0.44,55.0,67.0,1.5,1.5,20,expired,0.6249,20,1.0576,false,false,1.0058,-0.4023
3004,GBPNZD,SELL,2.29549,0.55,85.0,100.0,1.5,1.5,20,expired,0.6764,20,2.28268,false,false,0.6337,-0.2487
3005,NZDCAD,SELL,0.80844,0.69,65.0,78.0,1.5,1.5,20,sl,-1.0,20,0.816807,false,false,0.6693,-0.3514
3006,NZDJPY,BUY,93.061,0.78,85.0,100.0,1.5,1.5,20,sl,-1.0,14,91.972186,false,false,1.148,-1.5926
3007,USDCAD,SELL,1.38227,0.48,78.0,89.0,1.5,1.5,20,tp,1.5,5,1.367341,false,false,1.2057,0.0
3008,USDJPY,BUY,159.112,0.6,55.0,78.0,1.5,1.5,20,sl,-1.0,5,157.679992,false,false,0.5154,-1.0475
3009,AUDCAD,BUY,0.97364,0.74,65.0,89.0,1.5,1.5,20,tp,1.5,19,0.989851,false,false,1.7812,-0.161
3010,AUDJPY,BUY,112.081,0.82,65.0,89.0,1.5,1.5,20,tp,1.5,3,114.148894,false,false,1.5625,0.0
3011,AUDNZD,BUY,1.20942,0.53,75.0,100.0,1.5,1.5,20,expired,0.6688,20,1.21585,false,false,1.4446,-0.5429
3012,CADCHF,SELL,0.57128,0.55,65.0,89.0,1.5,1.5,20,sl,-1.0,10,0.575993,false,false,0.6111,-0.4922
3013,CHFJPY,BUY,201.43546,0.64,75.0,89.0,1.5,1.5,20,tp,1.5,6,204.336131,false,false,1.5394,0.0
3014,EURCAD,SELL,1.61944,0.51,55.0,67.0,1.5,1.5,20,tp,1.5,7,1.600857,false,false,1.164,-0.0936
3015,EURCHF,SELL,0.92535,0.45,65.0,78.0,1.5,1.5,20,tp,1.5,13,0.915981,false,false,1.1559,0.0
3016,EURJPY,BUY,186.424,0.54,65.0,89.0,1.5,1.5,20,sl,-1.0,13,184.913966,false,false,1.0006,-2.688
3017,EURUSD,SELL,1.16752,0.75,55.0,78.0,1.5,1.5,20,sl,-1.0,1,1.180655,false,false,0.0,-0.6225
3018,GBPCAD,SELL,1.8581,0.58,55.0,67.0,1.5,1.5,20,expired,-0.1039,20,1.85978,false,false,0.7244,-0.3538
3019,GBPJPY,BUY,213.868,0.65,65.0,89.0,1.5,1.5,20,sl,-1.0,13,211.782787,false,false,1.303,-1.6051
3020,GBPNZD,SELL,2.30761,0.53,65.0,89.0,1.5,1.5,20,tp,1.5,17,2.280092,false,false,0.9496,0.0
3021,NZDCAD,SELL,0.80492,0.68,65.0,89.0,1.5,1.5,20,sl,-1.0,1,0.81313,false,false,0.0,-0.3021
3022,NZDUSD,SELL,0.58043,1.0,70.0,89.0,1.5,1.5,20,sl,-1.0,1,0.589136,false,false,0.0,-0.6167
3023,USDCHF,SELL,0.79261,0.81,85.0,100.0,1.5,1.5,20,tp,1.5,4,0.778165,false,false,0.9896,0.0
3024,USDJPY,BUY,159.67999,0.6,65.0,89.0,1.5,1.5,20,sl,-1.0,4,158.24287,false,false,0.0,-1.439
3025,AUDCAD,BUY,0.97852,0.76,65.0,89.0,1.5,1.5,20,expired,1.1286,20,0.99111,false,false,1.2882,-0.5935
3026,AUDJPY,BUY,113.023,0.86,65.0,89.0,1.5,1.5,20,sl,-1.0,12,111.565003,false,false,1.1509,-1.1818
3027,AUDUSD,BUY,0.70993,1.09,65.0,89.0,1.5,1.5,20,tp,1.5,16,0.727341,false,false,1.5342,0.0
3028,CADJPY,BUY,115.48,0.58,75.0,89.0,1.5,1.5,20,tp,1.5,9,116.987014,false,false,1.5916,-0.205
3029,CHFJPY,BUY,203.258,0.7,75.0,100.0,1.5,1.5,20,sl,-1.0,12,201.123791,false,false,0.5408,-2.3244
3030,EURCAD,SELL,1.62199,0.5,55.0,67.0,1.5,1.5,20,tp,1.5,5,1.603743,false,false,1.1656,0.0
3031,EURGBP,SELL,0.8704,0.35,58.0,78.0,1.5,1.5,20,tp,1.5,12,0.863546,false,false,0.8578,0.0
3032,EURNZD,SELL,2.0039,0.63,85.0,100.0,1.5,1.5,20,tp,1.5,16,1.975495,false,false,1.0076,0.0
3033,EURUSD,SELL,1.17689,0.79,55.0,67.0,1.5,1.5,20,expired,-0.0792,20,1.177995,false,false,0.376,-0.0365
3034,GBPCAD,SELL,1.8627,0.58,55.0,67.0,1.5,1.5,20,expired,0.129,20,1.86061,false,false,1.0064,-0.0691
3035,GBPJPY,BUY,215.186,0.69,65.0,89.0,1.5,1.5,20,sl,-1.0,12,212.958825,false,false,0.6282,-2.0946
3036,GBPUSD,SELL,1.35153,0.89,65.0,89.0,1.5,1.5,20,expired,-0.4955,20,1.36047,false,false,0.0,-0.4176
3037,NZDJPY,BUY,93.466,0.85,75.0,100.0,1.5,1.5,20,sl,-1.0,12,92.274308,false,false,0.7091,-1.7949
3038,NZDUSD,SELL,0.5872,1.07,65.0,89.0,1.5,1.5,20,sl,-1.0,16,0.596625,false,false,0.0,-0.3224
3039,USDCHF,SELL,0.7832,0.89,85.0,100.0,1.5,1.5,20,expired,0.482,20,0.77816,false,false,0.3768,-0.4887
3040,XAUUSD,BUY,4608.3999,2.3,45.0,67.0,1.5,1.5,20,sl,-1.0,20,4449.410103,false,false,1.1007,-1.3202
3041,AUDCHF,BUY,0.55662,0.74,65.0,89.0,1.5,1.5,20,tp,1.5,9,0.565888,false,false,1.7054,0.0
3042,AUDJPY,BUY,113.201,0.86,65.0,89.0,1.5,1.5,20,sl,-1.0,11,111.740707,false,false,1.0272,-1.3018
3043,AUDUSD,BUY,0.71293,1.05,65.0,89.0,1.5,1.5,20,expired,0.9663,20,0.72378,false,false,1.3188,-0.1665
3044,CADJPY,BUY,115.342,0.59,75.0,89.0,1.5,1.5,20,tp,1.5,6,116.873165,false,false,1.5214,-0.0206
3045,EURAUD,SELL,1.6549,0.6,65.0,89.0,1.5,1.5,20,tp,1.5,8,1.632559,false,false,1.0957,0.0
3046,EURCHF,SELL,0.92132,0.48,78.0,89.0,1.5,1.5,20,expired,0.811,20,0.91594,false,false,0.8442,-0.2533
3047,EURGBP,SELL,0.86912,0.35,58.0,78.0,1.5,1.5,20,tp,1.5,12,0.8622,false,true,1.144,-0.2739
3048,EURNZD,SELL,1.9977,0.64,85.0,100.0,1.5,1.5,20,tp,1.5,16,1.968933,false,false,1.2363,-0.0261
3049,GBPAUD,SELL,1.90401,0.61,65.0,89.0,1.5,1.5,20,tp,1.5,15,1.877877,false,false,1.1824,0.0
3050,GBPCHF,SELL,1.05996,0.41,55.0,78.0,1.5,1.5,20,sl,-1.0,9,1.066479,false,false,0.7716,-0.4203
3051,GBPJPY,BUY,215.565,0.69,65.0,89.0,1.5,1.5,20,sl,-1.0,11,213.333902,false,false,0.4572,-2.2608
3052,GBPUSD,SELL,1.35753,0.87,65.0,78.0,1.5,1.5,20,expired,0.2162,20,1.3537,false,false,0.322,-0.0866
3053,NZDJPY,BUY,93.723,0.85,75.0,100.0,1.5,1.5,20,sl,-1.0,11,92.528032,false,false,0.4921,-2.0051
3054,USDCAD,SELL,1.37661,0.5,85.0,100.0,1.5,1.5,20,tp,1.5,8,1.361123,false,false,0.9937,0.0
3055,USDJPY,BUY,158.79201,0.6,55.0,78.0,1.5,1.5,20,sl,-1.0,11,157.362882,false,false,1.3365,-2.2678
3056,XAUUSD,BUY,4561.5,2.32,45.0,67.0,1.5,1.5,20,sl,-1.0,19,4402.7598,false,false,1.3979,-1.0268
3057,AUDCHF,BUY,0.56063,0.75,65.0,78.0,1.5,1.5,20,expired,0.98,20,0.566811,false,false,1.2741,-0.5755
3058,AUDNZD,BUY,1.21375,0.57,75.0,89.0,1.5,1.5,20,expired,0.8685,20,1.222763,false,false,0.9771,-0.3903
3059,CADCHF,SELL,0.56892,0.6,65.0,89.0,1.5,1.5,20,sl,-1.0019,5,0.57405,false,true,0.0,-0.6406
3060,CADJPY,BUY,115.654,0.61,65.0,89.0,1.5,1.5,20,sl,-1.0,10,114.595766,true,false,1.7576,-1.6348
3061,EURAUD,SELL,1.64529,0.62,65.0,78.0,1.5,1.5,20,tp,1.5,14,1.622338,false,false,1.247,0.0
3062,EURCHF,SELL,0.92244,0.46,85.0,100.0,1.5,1.5,20,expired,1.0464,20,0.91578,false,false,1.0558,-0.088
3063,EURJPY,BUY,187.50301,0.55,65.0,78.0,1.5,1.5,20,sl,-1.0,10,185.95611,false,false,0.2793,-3.3215
3064,EURUSD,SELL,1.18092,0.75,55.0,67.0,1.5,1.5,20,expired,0.7011,20,1.171605,false,false,0.6981,0.0
3065,GBPAUD,SELL,1.89128,0.62,65.0,78.0,1.5,1.5,20,tp,1.5,19,1.864897,false,false,1.1172,0.0
3066,GBPCHF,SELL,1.06032,0.41,55.0,78.0,1.5,1.5,20,sl,-1.0,8,1.066841,false,false,0.8266,-0.365
3067,GBPNZD,SELL,2.2956,0.5,65.0,89.0,1.5,1.5,20,sl,-1.0,10,2.312817,false,false,0.3142,-0.1754
3068,NZDCAD,SELL,0.8112,0.72,55.0,67.0,1.5,1.5,20,tp,1.5,9,0.798059,false,false,0.7899,0.0
3069,NZDJPY,BUY,93.868,0.82,75.0,100.0,1.5,1.5,20,sl,-1.0,10,92.713424,false,false,0.3837,-2.2008
3070,USDCAD,SELL,1.37313,0.5,65.0,89.0,1.5,1.5,20,tp,1.5,11,1.357682,false,false,1.3983,0.0
3071,USDJPY,BUY,158.80901,0.61,55.0,78.0,1.5,1.5,20,sl,-1.0,10,157.355908,false,false,1.3027,-2.2421
3072,AUDCAD,BUY,0.98079,0.75,65.0,78.0,1.5,1.5,20,expired,0.8293,20,0.98994,false,false,1.3386,-0.8057
3073,AUDJPY,BUY,113.962,0.85,65.0,78.0,1.5,1.5,20,sl,-1.0,9,112.508984,false,false,0.5086,-1.832
3074,AUDNZD,BUY,1.21629,0.57,75.0,89.0,1.5,1.5,20,expired,0.5548,20,1.22206,false,false,0.7991,-0.6337
3075,CADCHF,SELL,0.5716,0.62,60.0,78.0,1.5,1.5,20,sl,-1.0,7,0.576916,false,false,0.0,-0.8277
3076,CHFJPY,BUY,203.24001,0.66,75.0,100.0,1.5,1.5,20,sl,-1.0,9,201.227934,false,false,0.5826,-2.4565
3077,EURCAD,SELL,1.6137,0.52,68.0,78.0,1.5,1.5,20,tp,1.5,7,1.59482,false,false,0.9105,0.0
3078,EURCHF,SELL,0.9226,0.46,85.0,100.0,1.5,1.5,20,expired,1.2708,20,0.91451,false,false,1.175,-0.0628
3079,EURJPY,BUY,187.558,0.55,65.0,78.0,1.5,1.5,20,sl,-1.0,9,186.010646,false,false,0.0,-3.356
3080,EURUSD,SELL,1.17827,0.74,55.0,67.0,1.5,1.5,20,expired,0.9223,20,1.166208,false,false,0.9035,0.0
3081,GBPCAD,SELL,1.8527,0.62,75.0,89.0,1.5,1.5,20,expired,0.8781,20,1.83757,false,false,0.7766,-0.1944
3082,GBPJPY,BUY,215.319,0.64,65.0,89.0,1.5,1.5,20,sl,-1.0,9,213.251938,false,false,0.6125,-2.3212
3083,GBPNZD,SELL,2.2976,0.5,65.0,89.0,1.5,1.5,20,tp,1.5,17,2.271752,false,false,0.8432,-0.1509
3084,NZDCAD,SELL,0.80622,0.75,55.0,67.0,1.5,1.5,20,sl,-1.0,14,0.81529,false,false,0.3727,-0.5689
3085,NZDUSD,SELL,0.58861,1.0,55.0,67.0,1.5,1.5,20,sl,-1.0,13,0.597439,false,false,0.0542,-0.1845
3086,USDCHF,SELL,0.7832,0.84,65.0,78.0,1.5,1.5,20,expired,-0.0993,20,0.78418,false,false,0.3993,-0.5178
3087,USDJPY,BUY,159.19501,0.65,75.0,89.0,1.5,1.5,20,sl,-1.0,9,157.642859,false,false,0.9709,-2.3477
3088,AUDCAD,BUY,0.97754,0.72,65.0,89.0,1.5,1.5,20,tp,1.5,17,0.993376,false,false,1.7069,-0.5342
3089,AUDJPY,BUY,113.53,0.82,65.0,78.0,1.5,1.5,20,sl,-1.0,8,112.133581,false,false,0.8386,-1.5969
3090,AUDUSD,BUY,0.7135,1.06,65.0,78.0,1.5,1.5,20,expired,-0.0423,20,0.71302,false,false,1.2551,-0.2151
3091,CADJPY,BUY,116.109,0.57,65.0,89.0,1.5,1.5,20,sl,-1.0,8,115.116268,false,false,1.4153,-2.201
3092,CHFJPY,BUY,203.03433,0.6,65.0,78.0,1.5,1.5,20,sl,-1.0,8,201.207021,false,false,0.7541,-2.5923
3093,EURCAD,SELL,1.6087,0.49,68.0,78.0,1.5,1.5,20,tp,1.5,11,1.590964,false,false,1.217,0.0
3094,EURGBP,SELL,0.8707,0.28,65.0,89.0,1.5,1.5,20,tp,1.5,8,0.865215,false,false,1.154,0.0
3095,EURNZD,SELL,2.0008,0.57,85.0,100.0,1.5,1.5,20,tp,1.5,12,1.97514,false,false,0.9341,0.0
3096,EURUSD,SELL,1.17412,0.72,55.0,67.0,1.5,1.5,20,expired,1.0,20,1.16144,false,false,0.6475,-0.0644
3097,GBPCAD,SELL,1.84791,0.59,75.0,89.0,1.5,1.5,20,sl,-1.0,14,1.864264,false,false,0.0929,-0.3119
3098,GBPJPY,BUY,214.58325,0.6,65.0,78.0,1.5,1.5,20,sl,-1.0,8,212.652001,false,false,1.0365,-2.1034
3099,GBPUSD,SELL,1.34844,0.82,55.0,67.0,1.5,1.5,20,sl,-1.0,9,1.365026,false,false,0.0,-0.6295
3100,NZDJPY,BUY,93.328,0.75,75.0,100.0,1.5,1.5,20,sl,-1.0,8,92.27806,false,false,0.9362,-1.9058
3101,NZDUSD,SELL,0.58652,1.0,55.0,67.0,1.5,1.5,20,sl,-1.0,12,0.595318,false,false,0.0,-0.4227
3102,USDCHF,SELL,0.78366,0.84,65.0,89.0,1.5,1.5,20,expired,-0.3676,20,0.78729,false,false,0.4456,-0.4709
3103,XAUUSD,BUY,4533.2998,2.36,45.0,67.0,1.5,1.5,20,tp,1.5,3,4774.018019,false,false,1.5074,-0.066
3104,AUDCHF,BUY,0.55844,0.7,65.0,89.0,1.5,1.5,20,tp,1.5,16,0.567235,false,false,1.744,-0.0921
3105,AUDJPY,BUY,113.951,0.81,65.0,78.0,1.5,1.5,20,sl,-1.0,7,112.566495,false,false,0.5417,-1.9148
3106,AUDUSD,BUY,0.71742,0.98,65.0,78.0,1.5,1.5,20,expired,-0.0123,20,0.71729,false,false,0.9784,-0.8913
3107,CADJPY,BUY,116.412,0.56,65.0,78.0,1.5,1.5,20,sl,-1.0,7,115.434139,false,false,1.1269,-2.5443
3108,EURAUD,SELL,1.64252,0.55,65.0,78.0,1.5,1.5,20,tp,1.5,11,1.622194,false,false,1.2036,0.0
3109,EURCHF,SELL,0.91741,0.4,75.0,100.0,1.5,1.5,20,sl,-1.0,5,0.922914,false,false,0.0,-0.5432
3110,EURGBP,SELL,0.87086,0.27,50.0,78.0,1.5,1.5,20,tp,1.5,2,0.86557,false,false,0.8676,0.0
3111,EURNZD,SELL,1.9944,0.57,65.0,89.0,1.5,1.5,20,tp,1.5,12,1.968822,false,false,1.1969,0.0
3112,GBPAUD,SELL,1.88594,0.56,65.0,89.0,1.5,1.5,20,tp,1.5,16,1.862177,false,false,0.9033,-0.1035
3113,GBPCHF,SELL,1.05326,0.38,55.0,89.0,1.5,1.5,20,sl,-1.0177,2,1.05937,false,true,0.0,-0.7179
3114,GBPJPY,BUY,214.931,0.57,65.0,78.0,1.5,1.5,20,sl,-1.0,7,213.09334,false,false,0.9001,-2.3998
3115,GBPUSD,SELL,1.35313,0.76,55.0,67.0,1.5,1.5,20,expired,0.6436,20,1.343201,false,false,0.9002,-0.3847
3116,NZDJPY,BUY,93.798,0.76,65.0,78.0,1.5,1.5,20,sl,-1.0,7,92.728703,false,false,0.4798,-2.3109
3117,USDCAD,SELL,1.3644,0.51,65.0,78.0,1.5,1.5,20,sl,-1.0,18,1.374838,false,false,0.5432,-0.7454
3118,USDJPY,BUY,158.84399,0.58,55.0,78.0,1.5,1.5,20,sl,-1.0,7,157.462047,false,false,1.3445,-2.3829
3119,XAUUSD,BUY,4568.5,2.32,45.0,67.0,1.5,1.5,20,sl,-1.0,15,4409.5162,false,false,1.3517,-1.0693
3120,AUDCHF,BUY,0.55856,0.69,65.0,89.0,1.5,1.5,20,tp,1.5,15,0.567232,false,false,1.7481,0.0
3121,AUDNZD,BUY,1.21332,0.55,75.0,100.0,1.5,1.5,20,expired,0.4595,20,1.21792,false,false,1.1269,-0.1818
3122,CADCHF,SELL,0.57143,0.56,55.0,78.0,1.5,1.5,20,sl,-1.0,3,0.57623,false,false,0.0,-0.4521
3123,CADJPY,BUY,116.682,0.53,65.0,78.0,1.5,1.5,20,sl,-1.0,6,115.754378,false,false,0.8969,-2.9732
3124,EURAUD,SELL,1.64106,0.54,65.0,78.0,1.5,1.5,20,tp,1.5,10,1.621121,false,false,1.1172,0.0
3125,EURCHF,SELL,0.91664,0.39,65.0,100.0,1.5,1.5,20,sl,-1.0,4,0.922002,false,false,0.0,-0.7012
3126,EURJPY,BUY,187.166,0.5,75.0,89.0,1.5,1.5,20,sl,-1.0,6,185.762255,false,false,0.2764,-3.4201
3127,EURUSD,SELL,1.17443,0.64,68.0,78.0,1.5,1.5,20,expired,1.2167,20,1.160712,false,false,0.8882,-0.0449
3128,GBPAUD,SELL,1.88762,0.53,65.0,78.0,1.5,1.5,20,tp,1.5,15,1.86511,false,false,1.0655,0.0
3129,GBPCHF,SELL,1.05428,0.39,65.0,89.0,1.5,1.5,20,sl,-1.0,1,1.060448,false,false,0.0,-0.5334
3130,GBPNZD,SELL,2.29044,0.46,50.0,86.2,1.5,1.5,20,sl,-1.0,5,2.306244,false,false,0.0,-0.3879
3131,NZDCAD,SELL,0.80529,0.69,75.0,89.0,1.5,1.5,20,sl,-1.0,11,0.813625,false,false,0.294,-0.7307
3132,NZDJPY,BUY,93.977,0.76,65.0,78.0,1.5,1.5,20,sl,-1.0,6,92.905662,false,false,0.2838,-2.4735
3133,USDCAD,SELL,1.36576,0.49,65.0,78.0,1.5,1.5,20,sl,-1.0,17,1.375798,false,false,0.7003,-0.6395
3134,USDJPY,BUY,159.373,0.56,65.0,89.0,1.5,1.5,20,sl,-1.0,6,158.034267,false,false,0.9927,-2.8549
3135,AUDCAD,BUY,0.97819,0.63,60.0,78.0,1.5,1.5,20,tp,1.5,11,0.992056,false,false,1.5902,-0.6805
3136,AUDJPY,BUY,114.142,0.78,65.0,78.0,1.5,1.5,20,sl,-1.0,5,112.806539,false,false,0.4186,-2.1281
3137,AUDNZD,BUY,1.21203,0.54,65.0,89.0,1.5,1.5,20,expired,0.5674,20,1.2176,false,false,1.2804,-0.0234
3138,CADCHF,SELL,0.57405,0.58,55.0,78.0,1.5,1.5,20,tp,1.5,11,0.566559,false,false,0.5346,-0.3904
3139,CHFJPY,BUY,203.19109,0.6,65.0,78.0,1.5,1.5,20,sl,-1.0,5,201.36237,false,false,0.0431,-2.6761
3140,EURCAD,SELL,1.60014,0.46,65.0,89.0,1.5,1.5,20,sl,-1.0,11,1.611181,false,false,0.528,-0.1232
3141,EURCHF,SELL,0.91865,0.39,65.0,100.0,1.5,1.5,20,sl,-1.0,3,0.924024,false,false,0.0,-0.3256
3142,EURJPY,BUY,186.686,0.52,70.0,78.0,1.5,1.5,20,sl,-1.0,5,185.229849,false,false,0.5961,-2.9674
3143,EURUSD,SELL,1.1706,0.64,68.0,78.0,1.5,1.5,20,expired,0.7178,20,1.162534,false,false,0.6106,-0.3859
3144,GBPCAD,SELL,1.84497,0.51,75.0,89.0,1.5,1.5,20,sl,-1.0,11,1.859084,false,false,0.0,-0.5697
3145,GBPJPY,BUY,215.297,0.55,65.0,78.0,1.5,1.5,20,sl,-1.0,5,213.5208,false,false,0.7251,-2.6889
3146,GBPNZD,SELL,2.28583,0.48,65.0,78.0,1.5,1.5,20,sl,-1.0,1,2.302288,false,false,0.0,-0.6526
3147,NZDCAD,SELL,0.80695,0.68,68.0,78.0,1.5,1.5,20,sl,-1.0,10,0.815181,false,false,0.4993,-0.5382
3148,NZDUSD,BUY,0.59058,0.93,65.0,78.0,1.5,1.5,20,sl,-1.0,5,0.582341,false,false,0.2234,-1.0051
3149,USDCHF,SELL,0.78482,0.78,60.0,78.0,1.5,1.5,20,expired,-0.2287,20,0.78692,false,false,0.6055,-0.3801
3150,USDJPY,BUY,159.48801,0.53,75.0,89.0,1.5,1.5,20,sl,-1.0,5,158.22008,false,false,0.9575,-3.1051
3151,AUDCAD,BUY,0.97661,0.62,60.0,78.0,1.5,1.5,20,tp,1.5,10,0.990234,false,false,1.7925,-0.5186
3152,AUDJPY,BUY,113.869,0.78,75.0,89.0,1.5,1.5,20,sl,-1.0,4,112.536733,false,false,0.6245,-1.9283
3153,AUDUSD,BUY,0.71296,0.94,60.0,67.0,1.5,1.5,20,expired,0.186,20,0.71483,false,false,1.4701,-0.4914
3154,CADJPY,BUY,116.607,0.52,65.0,78.0,1.5,1.5,20,sl,-1.0,4,115.697465,false,false,0.9972,-2.9499
3155,CHFJPY,BUY,203.147,0.58,60.0,67.0,1.5,1.5,20,sl,-1.0,4,201.379621,false,false,0.0379,-2.744
3156,EURCAD,SELL,1.60029,0.45,75.0,89.0,1.5,1.5,20,sl,-1.0,10,1.611092,false,false,0.5536,-0.112
3157,EURGBP,SELL,0.86759,0.29,55.0,78.0,1.5,1.5,20,sl,-1.0,15,0.871364,false,false,0.9777,-0.6651
3158,EURNZD,SELL,1.99593,0.62,65.0,89.0,1.5,1.5,20,tp,1.5,9,1.968087,false,false,1.182,0.0
3159,EURUSD,SELL,1.16839,0.63,68.0,78.0,1.5,1.5,20,sl,-1.0,8,1.179431,false,false,0.0,-0.321
3160,GBPCAD,SELL,1.84433,0.51,75.0,89.0,1.5,1.5,20,sl,-1.0,10,1.858439,false,false,0.0,-0.6152
3161,GBPJPY,BUY,215.119,0.54,65.0,78.0,1.5,1.5,20,sl,-1.0,4,213.376536,false,false,0.8413,-2.6388
3162,GBPUSD,BUY,1.34664,0.67,60.0,67.0,1.5,1.5,20,sl,-1.0,15,1.333106,false,false,1.4146,-1.1013
3163,NZDJPY,BUY,93.473,0.79,60.0,67.0,1.5,1.5,20,sl,-1.0,4,92.365345,false,false,0.7295,-1.9374
3164,NZDUSD,BUY,0.58538,0.97,60.0,78.0,1.5,1.5,20,tp,1.5,8,0.598156,false,false,1.6024,-0.3617
3165,USDCHF,SELL,0.78624,0.75,60.0,78.0,1.5,1.5,20,expired,-0.0294,20,0.7865,false,false,0.7891,-0.234
3166,XAUUSD,BUY,4730.7002,2.28,65.0,89.0,1.5,1.5,20,sl,-1.0,5,4568.910253,false,false,0.3257,-1.3406
3167,AUDCHF,BUY,0.56167,0.69,65.0,89.0,1.5,1.5,20,expired,-0.32,20,0.55981,false,false,1.2034,-0.4937
3168,AUDJPY,BUY,113.979,0.75,75.0,89.0,1.5,1.5,20,sl,-1.0,3,112.696736,false,false,0.5631,-2.0893
3169,AUDUSD,BUY,0.71435,0.94,60.0,78.0,1.5,1.5,20,expired,0.136,20,0.71572,false,false,1.3292,-0.6284
3170,CADJPY,BUY,116.666,0.53,65.0,78.0,1.5,1.5,20,sl,-1.0,3,115.738505,false,false,0.9143,-2.9563
3171,EURAUD,SELL,1.63864,0.56,65.0,78.0,1.5,1.5,20,tp,1.5,12,1.617993,false,false,1.1886,0.0
3172,EURCHF,SELL,0.9206,0.38,55.0,89.0,1.5,1.5,20,tp,1.5,19,0.912729,false,false,1.2654,-0.4574
3173,EURGBP,SELL,0.86616,0.28,55.0,78.0,1.5,1.5,20,sl,-1.3195,14,0.87096,false,true,0.6212,-1.0831
3174,EURNZD,SELL,1.9932,0.63,65.0,89.0,1.5,1.5,20,expired,0.5835,20,1.98221,false,false,1.0199,0.0
3175,GBPAUD,SELL,1.89174,0.52,65.0,89.0,1.5,1.5,20,tp,1.5,11,1.869607,false,false,0.7916,0.0
3176,GBPCHF,SELL,1.06264,0.43,55.0,67.0,1.5,1.5,20,tp,1.5,14,1.04996,false,true,1.7479,-0.3151
3177,GBPJPY,BUY,215.647,0.52,65.0,78.0,1.5,1.5,20,sl,-1.0,3,213.964953,false,false,0.5577,-3.0475
3178,GBPUSD,BUY,1.35151,0.67,60.0,67.0,1.5,1.5,20,sl,-1.0,14,1.337927,false,false,1.0509,-1.4559
3179,NZDJPY,BUY,93.659,0.82,60.0,67.0,1.5,1.5,20,sl,-1.0,3,92.506994,false,false,0.5399,-2.0243
3180,USDCAD,SELL,1.3676,0.49,65.0,78.0,1.5,1.5,20,sl,-1.0,17,1.377652,false,false,0.8824,-0.5959
3181,USDJPY,BUY,159.576,0.54,75.0,89.0,1.5,1.5,20,sl,-1.0,3,158.283434,false,false,0.8711,-3.114
3182,XAUUSD,BUY,4728.7002,2.18,65.0,89.0,1.5,1.5,20,sl,-1.0,4,4574.071703,false,false,0.3537,-1.3898
3183,AUDCHF,BUY,0.56467,0.65,75.0,100.0,1.5,1.5,20,sl,-1.0,5,0.559164,false,false,0.449,-1.0299
3184,AUDNZD,BUY,1.21624,0.5,85.0,100.0,1.5,1.5,20,expired,0.7221,20,1.222827,false,false,1.2826,-0.4867
3185,CADCHF,SELL,0.57643,0.55,55.0,67.0,1.5,1.5,20,tp,1.5,7,0.569297,false,false,1.0619,0.0
3186,CADJPY,BUY,116.981,0.51,65.0,78.0,1.5,1.5,20,sl,-1.0,2,116.086095,false,false,0.5956,-3.416
3187,EURAUD,SELL,1.63018,0.52,65.0,89.0,1.5,1.5,20,expired,0.5497,20,1.62319,false,false,0.8761,0.0
3188,EURCHF,SELL,0.92058,0.39,60.0,89.0,1.5,1.5,20,tp,1.5,18,0.912502,false,false,1.2293,-0.4494
3189,EURJPY,BUY,186.785,0.46,70.0,89.0,1.5,1.5,20,sl,-1.0,2,185.496184,false,false,0.5967,-3.4295
3190,EURUSD,SELL,1.17235,0.55,75.0,89.0,1.5,1.5,20,tp,1.5,17,1.157842,false,false,0.8904,-0.2674
3191,GBPAUD,SELL,1.88253,0.49,75.0,100.0,1.5,1.5,20,tp,1.5,11,1.861775,false,false,0.7878,-0.2652
3192,GBPCHF,SELL,1.06306,0.42,55.0,78.0,1.5,1.5,20,tp,1.5,13,1.04996,false,true,1.8515,-0.2598
3193,GBPNZD,BUY,2.28969,0.51,45.0,58.8,1.5,1.5,20,sl,-1.0,10,2.272174,false,false,1.3251,-1.1624
3194,NZDCAD,SELL,0.80514,0.6,75.0,89.0,1.5,1.5,20,sl,-1.0,6,0.812386,false,false,0.3174,0.0
3195,NZDJPY,BUY,94.2,0.76,65.0,89.0,1.5,1.5,20,sl,-1.0,2,93.12612,false,false,0.0,-2.6753
3196,USDCAD,SELL,1.36215,0.49,65.0,78.0,1.5,1.5,20,sl,-1.0,10,1.372162,false,false,0.3416,-0.5763
3197,USDJPY,BUY,159.35699,0.49,65.0,89.0,1.5,1.5,20,sl,-1.0,2,158.185716,false,false,1.1483,-3.2494
3198,AUDCAD,BUY,0.98317,0.51,65.0,89.0,1.5,1.5,20,sl,-1.1827,1,0.974275,false,true,0.0,-1.357
3199,AUDJPY,BUY,114.663,0.65,75.0,89.0,1.5,1.5,20,sl,-1.0,1,113.545036,false,false,0.0,-3.0081
3200,AUDNZD,BUY,1.22058,0.47,75.0,89.0,1.5,1.5,20,sl,-1.0,6,1.211975,false,false,0.2185,-1.0203
3201,CADCHF,SELL,0.57666,0.56,55.0,67.0,1.5,1.5,20,tp,1.5,6,0.569394,false,false,1.09,0.0
3202,CHFJPY,BUY,202.147,0.57,60.0,78.0,1.5,1.5,20,sl,-1.0,1,200.418643,false,false,0.5311,-2.2274
3203,EURCAD,SELL,1.60278,0.42,65.0,89.0,1.5,1.5,20,sl,-1.0,7,1.612878,false,false,0.8388,0.0
3204,EURCHF,SELL,0.92448,0.41,65.0,89.0,1.5,1.5,20,tp,1.5,1,0.915952,false,false,0.109,0.0
3205,EURJPY,BUY,186.942,0.44,70.0,78.0,1.5,1.5,20,sl,-1.0,1,185.708183,false,false,0.496,-3.7096
3206,EURUSD,SELL,1.17178,0.54,75.0,89.0,1.5,1.5,20,expired,0.853,20,1.163684,false,false,1.0467,-0.3325
3207,GBPCAD,SELL,1.8495,0.43,55.0,78.0,1.5,1.5,20,sl,-1.0,7,1.861429,false,false,0.161,-0.2942
3208,GBPJPY,BUY,215.776,0.47,75.0,89.0,1.5,1.5,20,sl,-1.0,1,214.254779,false,false,0.5318,-3.4545
3209,GBPNZD,BUY,2.29678,0.53,60.0,86.2,1.5,1.5,20,sl,-1.0,5,2.278521,false,false,0.8828,-1.0778
3210,NZDCAD,SELL,0.80528,0.62,75.0,89.0,1.5,1.5,20,sl,-1.0,5,0.812769,false,false,0.3258,0.0
3211,NZDUSD,BUY,0.58884,0.92,60.0,78.0,1.5,1.5,20,expired,-0.565,20,0.584249,false,false,1.2538,-0.8862
3212,USDCHF,SELL,0.78899,0.73,55.0,78.0,1.5,1.5,20,expired,0.4491,20,0.78511,false,false,1.1262,0.0
3213,USDJPY,BUY,159.552,0.51,65.0,89.0,1.5,1.5,20,sl,-1.0,1,158.331427,false,false,0.9422,-3.278
3214,AUDCAD,BUY,0.9739,0.56,55.0,78.0,1.5,1.5,20,tp,1.5,4,0.986171,false,false,1.7859,-0.2445
3215,AUDJPY,BUY,114.155,0.79,75.0,100.0,1.5,1.5,20,sl,-1.0,1,112.802263,false,false,0.0,-1.6374
3216,AUDUSD,BUY,0.71311,0.86,60.0,78.0,1.5,1.5,20,tp,1.5,4,0.726909,false,false,1.5902,0.0
3217,CADJPY,BUY,117.181,0.68,75.0,89.0,1.5,1.5,20,sl,-1.3202,1,115.602997,false,true,0.0,-2.1669
3218,CHFJPY,BUY,202.5652,0.66,60.0,78.0,1.5,1.5,20,sl,-1.0,1,200.559805,false,false,0.0,-1.5778
3219,EURCAD,SELL,1.59712,0.42,65.0,89.0,1.5,1.5,20,sl,-1.0,6,1.607182,false,false,0.2793,-0.4353
3220,EURGBP,SELL,0.86624,0.28,55.0,89.0,1.5,1.5,20,sl,-1.2973,11,0.87096,false,true,0.6432,-1.061
3221,EURNZD,SELL,2.00061,0.64,55.0,78.0,1.5,1.5,20,tp,1.5,4,1.971801,false,false,0.8221,0.0
3222,EURUSD,SELL,1.16847,0.54,75.0,89.0,1.5,1.5,20,sl,-1.0,1,1.177935,false,false,0.0,-0.366
3223,GBPCAD,SELL,1.8435,0.43,65.0,89.0,1.5,1.5,20,sl,-1.0,5,1.855391,false,false,0.0,-0.7998
3224,GBPJPY,BUY,216.05499,0.61,75.0,89.0,1.5,1.5,20,sl,-1.259,1,213.565994,false,true,0.0,-2.1458
3225,GBPUSD,BUY,1.34886,0.61,60.0,78.0,1.5,1.5,20,sl,-1.0,11,1.336518,false,false,1.3713,-1.3875
3226,NZDJPY,BUY,93.538,0.88,55.0,78.0,1.5,1.5,20,sl,-1.0,1,92.303298,false,false,0.0,-1.4797
3227,NZDUSD,BUY,0.58405,0.96,55.0,78.0,1.5,1.5,20,tp,1.5,4,0.596665,false,false,1.7809,0.0
3228,USDCHF,SELL,0.79056,0.78,55.0,78.0,1.5,1.5,20,tp,1.5,5,0.776686,false,false,1.2217,0.0
3229,XAUUSD,BUY,4685.2998,2.24,65.0,89.0,1.5,1.5,20,sl,-1.0,1,4527.873727,false,false,0.0,-1.0894
3230,AUDCHF,BUY,0.56283,0.68,65.0,89.0,1.5,1.5,20,expired,-0.2602,20,0.561336,false,false,1.0166,-0.702
3231,AUDJPY,BUY,113.029,0.89,70.0,89.0,1.5,1.5,20,expired,0.6833,20,114.059998,false,false,1.1213,-0.5534
3232,AUDUSD,BUY,0.72008,0.89,65.0,89.0,1.5,1.5,20,sl,-1.0,12,0.710467,false,false,0.7967,-1.2545
3233,CADJPY,BUY,115.6,0.81,70.0,89.0,1.5,1.5,20,sl,-1.0,3,114.19546,false,false,0.346,-1.0495
3234,EURAUD,SELL,1.62874,0.54,75.0,89.0,1.5,1.5,20,expired,0.1622,20,1.6266,false,false,0.7352,0.0
3235,EURCHF,SELL,0.91674,0.48,65.0,89.0,1.5,1.5,20,expired,0.5227,20,0.91329,false,false,0.7196,0.0
3236,EURGBP,SELL,0.86228,0.3,55.0,78.0,1.5,1.5,20,sl,-1.0,6,0.86616,false,false,0.0,-0.4098
3237,EURNZD,SELL,1.98559,0.65,65.0,89.0,1.5,1.5,20,tp,1.5,20,1.956551,false,false,1.297,0.0
3238,GBPAUD,SELL,1.88889,0.48,70.0,89.0,1.5,1.5,20,tp,1.5,7,1.86849,false,false,0.6493,0.0
3239,GBPCHF,SELL,1.06295,0.48,55.0,78.0,1.5,1.5,20,tp,1.5,10,1.04996,false,true,1.6059,0.0
3240,GBPJPY,BUY,213.535,0.71,65.0,89.0,1.5,1.5,20,sl,-1.0,3,211.260852,false,false,0.2977,-1.2114
3241,GBPUSD,BUY,1.36027,0.66,65.0,89.0,1.5,1.5,20,sl,-1.576,10,1.339047,false,true,0.3679,-2.1189
3242,NZDJPY,BUY,92.712,0.97,55.0,78.0,1.5,1.5,20,tp,1.5,20,94.735439,false,false,2.0023,-0.4411
3243,USDCAD,SELL,1.35796,0.55,65.0,78.0,1.5,1.5,20,sl,-1.0,5,1.369163,false,false,0.0,-0.5659
3244,USDJPY,BUY,156.978,0.9,55.0,67.0,1.5,1.5,20,expired,1.0815,20,159.270004,false,false,1.2576,-0.9112
3245,XAUUSD,BUY,4561.8999,2.47,45.0,78.0,1.5,1.5,20,sl,-1.0,8,4392.881509,false,false,0.1852,-1.1738
3246,AUDCHF,BUY,0.56322,0.66,65.0,89.0,1.5,1.5,20,expired,-0.3305,20,0.561377,false,false,0.9767,-0.7927
3247,AUDNZD,BUY,1.22083,0.48,75.0,100.0,1.5,1.5,20,sl,-1.0,3,1.21204,false,false,0.0944,-1.0273
3248,CADCHF,BUY,0.57481,0.59,50.0,86.2,1.5,1.5,20,sl,-1.0,3,0.569723,false,false,0.2241,-1.1224
3249,CADJPY,BUY,115.423,0.84,65.0,89.0,1.5,1.5,20,expired,0.044,20,115.487,false,false,0.4559,-0.8918
3250,EURAUD,SELL,1.62621,0.52,75.0,89.0,1.5,1.5,20,expired,0.3138,20,1.62223,false,false,0.5653,-0.0757
3251,EURCHF,SELL,0.91597,0.46,65.0,89.0,1.5,1.5,20,expired,0.8275,20,0.91074,false,false,0.6297,-0.0396
3252,EURJPY,BUY,183.94299,0.73,65.0,78.0,1.5,1.5,20,expired,0.8376,20,185.630005,false,false,1.0074,-0.9334
3253,EURUSD,SELL,1.17266,0.52,60.0,78.0,1.5,1.5,20,tp,1.5,12,1.15894,false,false,0.9014,-0.2489
3254,GBPAUD,SELL,1.88345,0.47,75.0,100.0,1.5,1.5,20,tp,1.5,7,1.863533,false,false,0.8902,-0.1823
3255,GBPCHF,SELL,1.06081,0.46,55.0,78.0,1.5,1.5,20,tp,1.5,9,1.049831,false,false,1.3867,0.0
3256,GBPNZD,BUY,2.29933,0.53,75.0,89.0,1.5,1.5,20,sl,-1.0,2,2.28105,false,false,0.4327,-1.2161
3257,NZDCAD,SELL,0.80237,0.66,65.0,89.0,1.5,1.5,20,sl,-1.0,2,0.810313,false,false,0.0,-0.039
3258,NZDJPY,BUY,92.619,0.93,55.0,78.0,1.5,1.5,20,tp,1.5,19,94.653999,false,true,2.1625,-0.3885
3259,USDCAD,SELL,1.35881,0.5,65.0,78.0,1.5,1.5,20,sl,-1.0,4,1.369001,false,false,0.0,-0.5387
3260,USDJPY,BUY,156.84599,0.91,55.0,67.0,1.5,1.5,20,expired,1.171,20,159.352997,false,false,1.3559,-0.8403
3261,AUDCAD,BUY,0.97624,0.56,55.0,78.0,1.5,1.5,20,tp,1.5,2,0.988541,false,false,1.632,0.0
3262,AUDJPY,BUY,112.65,0.89,65.0,89.0,1.5,1.5,20,expired,1.143,20,114.369003,false,false,1.4981,-0.1762
3263,AUDNZD,BUY,1.22053,0.48,75.0,89.0,1.5,1.5,20,sl,-1.0,16,1.211742,false,false,0.8512,-1.5169
3264,CADCHF,BUY,0.57549,0.59,65.0,78.0,1.5,1.5,20,sl,-1.0,2,0.570397,false,false,0.0,-1.2546
3265,CHFJPY,BUY,200.47614,0.72,55.0,67.0,1.5,1.5,20,tp,1.5,18,203.723853,false,false,1.6696,-0.703
3266,EURCAD,SELL,1.59234,0.43,65.0,78.0,1.5,1.5,20,sl,-1.0,1,1.602611,false,false,0.0,-0.0643
3267,EURCHF,SELL,0.91653,0.45,65.0,89.0,1.5,1.5,20,expired,0.2796,20,0.9148,false,false,0.7338,0.0
3268,EURJPY,BUY,183.78101,0.75,65.0,78.0,1.5,1.5,20,expired,0.9499,20,185.744995,false,false,1.1642,-0.8309
3269,EURUSD,SELL,1.16919,0.52,65.0,89.0,1.5,1.5,20,sl,-1.0,1,1.17831,false,false,0.0,-0.2272
3270,GBPCAD,SELL,1.84303,0.43,65.0,78.0,1.5,1.5,20,sl,-1.0,2,1.854918,false,false,0.0,-0.8395
3271,GBPJPY,BUY,212.68201,0.74,65.0,78.0,1.5,1.5,20,expired,0.9277,20,214.871994,false,false,1.1988,-0.8057
3272,GBPNZD,BUY,2.30421,0.54,75.0,89.0,1.5,1.5,20,sl,-1.0,1,2.285546,false,false,0.0,-1.4525
3273,NZDCAD,SELL,0.79963,0.68,65.0,89.0,1.5,1.5,20,sl,-1.0,1,0.807786,false,false,0.0,-0.3739
3274,NZDUSD,BUY,0.58724,0.93,55.0,78.0,1.5,1.5,20,expired,0.7728,20,0.59357,false,false,1.4916,-0.6837
3275,USDCHF,SELL,0.78397,0.76,75.0,89.0,1.5,1.5,20,expired,-0.2428,20,0.78614,false,false,0.527,-0.2148
3276,USDJPY,BUY,157.194,0.93,55.0,67.0,1.5,1.5,20,expired,1.1136,20,159.636002,false,false,1.2317,-0.9791
3277,AUDCAD,BUY,0.97992,0.61,75.0,89.0,1.5,1.5,20,tp,1.5,5,0.993369,false,false,1.7443,0.0
3278,AUDJPY,BUY,113.582,0.94,65.0,89.0,1.5,1.5,20,expired,0.7349,20,114.759003,false,false,0.8248,-0.5801
3279,AUDUSD,BUY,0.72039,0.87,75.0,89.0,1.5,1.5,20,sl,-1.0,9,0.710989,false,false,0.7148,-1.3158
3280,CADJPY,BUY,115.891,0.92,65.0,89.0,1.5,1.5,20,sl,-1.0,2,114.291704,false,false,0.0,-1.0755
3281,CHFJPY,BUY,201.758,0.81,55.0,67.0,1.5,1.5,20,expired,0.4734,20,202.918488,false,false,0.9518,-0.5338
3282,EURCAD,SELL,1.59371,0.43,65.0,78.0,1.5,1.5,20,sl,-1.0,1,1.603989,false,false,0.0,-0.7286
3283,EURGBP,SELL,0.8635,0.29,55.0,78.0,1.5,1.5,20,sl,-1.0,4,0.867256,false,false,0.0,-0.4526
3284,EURNZD,SELL,1.98458,0.69,65.0,89.0,1.5,1.5,20,tp,1.5,17,1.953769,false,false,1.1733,-0.0141
3285,EURUSD,BUY,1.17158,0.55,68.0,78.0,1.5,1.5,20,sl,-1.0,7,1.161914,false,false,0.7643,-1.0086
3286,GBPCAD,SELL,1.84574,0.42,60.0,78.0,1.5,1.5,20,sl,-1.0,1,1.857368,false,false,0.0,-0.6252
3287,GBPJPY,BUY,213.94701,0.83,65.0,78.0,1.5,1.5,20,expired,0.4667,20,215.190002,false,false,0.5875,-0.996
3288,GBPUSD,BUY,1.35687,0.62,75.0,89.0,1.5,1.5,20,sl,-1.4124,7,1.339047,false,true,0.6621,-1.9918
3289,NZDJPY,BUY,93.064,1.05,55.0,78.0,1.5,1.5,20,tp,1.5,17,95.262637,false,false,1.6026,-0.3916
3290,NZDUSD,BUY,0.59033,1.02,75.0,89.0,1.5,1.5,20,expired,0.2124,20,0.592249,false,false,1.0108,-0.9623
3291,USDCHF,SELL,0.78138,0.79,75.0,89.0,1.5,1.5,20,sl,-1.0,20,0.790639,false,false,0.229,-0.6286
3292,XAUUSD,BUY,4535.2998,2.44,45.0,78.0,1.5,1.5,20,sl,-1.0,5,4369.307827,false,false,0.2892,-1.035
3293,AUDCHF,BUY,0.56349,0.64,65.0,89.0,1.5,1.5,20,expired,0.1579,20,0.564344,false,false,0.9568,-0.867
3294,AUDJPY,BUY,113.229,0.93,65.0,89.0,1.5,1.5,20,expired,0.5457,20,114.091003,false,false,1.0598,-0.3647
3295,AUDUSD,BUY,0.72351,0.86,65.0,89.0,1.5,1.5,20,sl,-1.0,6,0.714177,false,false,0.3857,-1.0082
3296,CADJPY,BUY,114.759,0.94,65.0,78.0,1.5,1.5,20,expired,0.2219,20,115.117996,false,false,0.623,-0.3634
3297,EURAUD,SELL,1.62359,0.52,75.0,100.0,1.5,1.5,20,sl,-1.0,8,1.636254,false,false,0.3593,-0.0995
3298,EURCHF,SELL,0.91492,0.44,65.0,89.0,1.5,1.5,20,expired,-0.5647,20,0.91833,false,false,0.4852,-0.2153
3299,EURGBP,SELL,0.86428,0.28,55.0,78.0,1.5,1.5,20,sl,-1.0,3,0.86791,false,false,0.0,-0.2534
3300,EURNZD,SELL,1.97304,0.73,65.0,89.0,1.5,1.5,20,expired,-0.1976,20,1.97731,false,false,0.5814,-0.5476
3301,GBPAUD,SELL,1.87843,0.46,65.0,89.0,1.5,1.5,20,tp,1.5,6,1.85586,false,true,0.7638,0.0
3302,GBPCHF,SELL,1.05849,0.44,75.0,89.0,1.5,1.5,20,tp,1.5,6,1.048011,false,false,1.1208,0.0
3303,GBPJPY,BUY,212.692,0.83,65.0,78.0,1.5,1.5,20,expired,0.7745,20,214.742996,false,false,1.0649,-0.5279
3304,GBPUSD,BUY,1.35918,0.6,65.0,89.0,1.5,1.5,20,sl,-1.6459,6,1.339047,false,true,0.4942,-2.2436
3305,NZDJPY,BUY,93.152,1.04,55.0,78.0,1.5,1.5,20,tp,1.5,16,95.331757,false,false,1.5559,-0.4556
3306,USDCAD,SELL,1.36369,0.46,75.0,100.0,1.5,1.5,20,sl,-1.0,5,1.373099,false,false,0.0,-0.6812
3307,USDJPY,BUY,156.508,1.01,65.0,78.0,1.5,1.5,20,expired,1.4474,20,159.940002,false,false,1.4816,-0.0261
3308,XAUUSD,BUY,4542.5,2.41,45.0,78.0,1.5,1.5,20,sl,-1.0,4,4378.288625,false,false,0.2485,-1.0901
3309,AUDCHF,BUY,0.5625,0.61,60.0,78.0,1.5,1.5,20,expired,-0.0777,20,0.5621,false,false,1.198,-0.7189
3310,AUDNZD,BUY,1.21384,0.49,65.0,89.0,1.5,1.5,20,tp,1.5,12,1.227223,false,false,1.5804,-0.1166
3311,CADCHF,SELL,0.57124,0.63,75.0,89.0,1.5,1.5,20,expired,0.7206,20,0.56735,false,false,0.665,-0.1408
3312,CADJPY,BUY,114.794,0.96,65.0,78.0,1.5,1.5,20,expired,0.1307,20,115.010002,false,false,0.5886,-0.1404
3313,EURAUD,SELL,1.62726,0.53,75.0,100.0,1.5,1.5,20,expired,-0.0827,20,1.62833,false,false,0.6354,-0.007
3314,EURCHF,SELL,0.91548,0.4,65.0,89.0,1.5,1.5,20,expired,-0.1675,20,0.9164,false,false,0.6354,-0.1347
3315,EURJPY,BUY,183.96899,0.83,65.0,78.0,1.5,1.5,20,expired,0.7855,20,185.768005,false,false,0.971,0.0
3316,EURUSD,BUY,1.17316,0.55,75.0,89.0,1.5,1.5,20,sl,-1.0,5,1.163481,false,false,0.6,-1.1705
3317,GBPAUD,SELL,1.88038,0.46,65.0,89.0,1.5,1.5,20,tp,1.5,3,1.860918,false,false,0.6744,0.0
3318,GBPCHF,SELL,1.0576,0.41,75.0,89.0,1.5,1.5,20,tp,1.5,5,1.047844,false,false,1.067,0.0
3319,GBPNZD,BUY,2.28268,0.65,55.0,78.0,1.5,1.5,20,sl,-1.0,15,2.260424,false,false,1.0779,-1.7204
3320,NZDCAD,SELL,0.81099,0.83,55.0,78.0,1.5,1.5,20,sl,-1.0,15,0.821087,false,false,0.416,-0.7537
3321,NZDJPY,BUY,93.11,1.04,55.0,78.0,1.5,1.5,20,tp,1.5,15,95.288774,false,false,1.5855,-0.4268
3322,USDCAD,SELL,1.36607,0.46,65.0,89.0,1.5,1.5,20,sl,-1.0,5,1.375496,false,false,0.0,-0.6482
3323,USDJPY,BUY,156.82899,1.0,65.0,78.0,1.5,1.5,20,expired,1.3437,20,159.990005,false,false,1.4712,-0.0085
3324,AUDCAD,BUY,0.98986,0.7,65.0,89.0,1.5,1.5,20,sl,-1.0,5,0.979466,false,false,0.5484,-1.0064
3325,AUDJPY,BUY,113.473,0.94,55.0,78.0,1.5,1.5,20,expired,-0.3502,20,112.912727,false,false,0.8938,-0.5238
3326,AUDNZD,BUY,1.21585,0.47,65.0,89.0,1.5,1.5,20,sl,-1.0,12,1.207278,false,false,1.4186,-1.0091
3327,CADCHF,SELL,0.56833,0.66,65.0,89.0,1.5,1.5,20,sl,-1.0,6,0.573956,false,false,0.0,-0.3857
3328,CHFJPY,BUY,201.65837,0.79,78.0,89.0,1.5,1.5,20,expired,-0.1587,20,201.279083,false,false,1.018,-0.5405
3329,EURCAD,SELL,1.60999,0.48,55.0,78.0,1.5,1.5,20,expired,0.2838,20,1.6067,false,false,0.9645,-0.1648
3330,EURCHF,SELL,0.91518,0.38,55.0,89.0,1.5,1.5,20,sl,-1.0,20,0.920397,false,false,0.6115,-0.4562
3331,EURJPY,BUY,184.57001,0.85,65.0,78.0,1.5,1.5,20,expired,0.0688,20,184.731995,false,false,0.6897,-0.2252
3332,EURUSD,BUY,1.17689,0.55,75.0,89.0,1.5,1.5,20,sl,-1.096,4,1.166249,false,true,0.0995,-1.5509
3333,GBPCAD,SELL,1.85978,0.48,55.0,67.0,1.5,1.5,20,tp,1.5,4,1.83749,false,true,1.528,0.0
3334,GBPJPY,BUY,213.23,0.86,65.0,78.0,1.5,1.5,20,expired,0.2076,20,213.800995,false,false,0.8587,-0.7038
3335,GBPNZD,BUY,2.28463,0.62,55.0,78.0,1.5,1.5,20,sl,-1.098,14,2.2613,false,true,1.0373,-1.8939
3336,NZDCAD,SELL,0.81388,0.83,55.0,78.0,1.5,1.5,20,sl,-1.0,14,0.824013,false,false,0.6997,-0.4658
3337,NZDUSD,BUY,0.59504,1.03,65.0,89.0,1.5,1.5,20,sl,-1.0,4,0.585847,false,false,0.1772,-1.2195
3338,USDCHF,SELL,0.77777,0.74,75.0,89.0,1.5,1.5,20,sl,-1.0,4,0.786403,false,false,0.0,-0.7019
3339,USDJPY,BUY,156.858,0.99,65.0,78.0,1.5,1.5,20,tp,1.5,20,160.352012,false,false,1.5155,-0.021
3340,AUDCAD,BUY,0.99111,0.7,65.0,89.0,1.5,1.5,20,sl,-1.0,4,0.980703,false,false,0.4276,-1.1252
3341,AUDJPY,BUY,113.93,0.95,75.0,89.0,1.5,1.5,20,expired,-0.7293,20,112.746002,false,false,0.5993,-0.842
3342,AUDUSD,BUY,0.72462,0.87,65.0,89.0,1.5,1.5,20,sl,-1.0,3,0.715164,false,false,0.2633,-1.1125
3343,CADJPY,BUY,114.943,0.96,65.0,78.0,1.5,1.5,20,expired,-0.1142,20,114.753998,false,false,0.4978,-0.1776
3344,CHFJPY,BUY,202.03799,0.79,78.0,89.0,1.5,1.5,20,expired,-0.5769,20,200.656876,false,false,0.8576,-0.698
3345,EURCAD,SELL,1.61103,0.46,55.0,78.0,1.5,1.5,20,expired,0.1952,20,1.60886,false,false,1.0993,-0.0783
3346,EURGBP,SELL,0.86574,0.3,50.0,78.0,1.5,1.5,20,sl,-1.3399,3,0.87096,false,true,0.0,-1.1192
3347,EURNZD,SELL,1.97443,0.69,65.0,89.0,1.5,1.5,20,expired,-0.576,20,1.9862,false,false,0.6826,-0.5109
3348,EURUSD,BUY,1.17799,0.54,65.0,89.0,1.5,1.5,20,sl,-1.0,2,1.168448,false,false,0.0,-1.1264
3349,GBPCAD,SELL,1.86061,0.5,55.0,67.0,1.5,1.5,20,tp,1.5,3,1.83749,false,true,1.5257,0.0
3350,GBPJPY,BUY,213.894,0.88,85.0,100.0,1.5,1.5,20,expired,-0.1133,20,213.574005,false,false,0.6014,-0.9209
3351,GBPUSD,BUY,1.36047,0.66,65.0,89.0,1.5,1.5,20,sl,-1.5906,3,1.339047,false,true,0.0,-2.1335
3352,NZDJPY,BUY,93.778,1.02,75.0,89.0,1.5,1.5,20,expired,-0.5868,20,92.935997,false,false,1.1395,-0.8977
3353,NZDUSD,BUY,0.59653,1.04,65.0,89.0,1.5,1.5,20,sl,-1.0,3,0.587224,false,false,0.015,-1.3648
3354,USDCHF,SELL,0.77816,0.74,75.0,89.0,1.5,1.5,20,sl,-1.0,3,0.786798,false,false,0.0,-0.6564
3355,XAUUSD,BUY,4448.3999,2.3,45.0,67.0,1.5,1.5,20,sl,-1.0,8,4294.930103,false,false,1.1644,-1.0126
3356,AUDCHF,BUY,0.5648,0.63,65.0,89.0,1.5,1.5,20,sl,-1.0,4,0.559463,false,false,0.549,-1.1242
3357,AUDJPY,BUY,114.102,0.97,75.0,89.0,1.5,1.5,20,sl,-1.0,20,112.441816,false,false,0.4825,-1.068
3358,AUDUSD,BUY,0.72378,0.88,65.0,89.0,1.5,1.5,20,sl,-1.0,2,0.714226,false,false,0.2732,-1.0132
3359,CADJPY,BUY,115.096,0.95,65.0,78.0,1.5,1.5,20,expired,-0.1012,20,114.93,false,false,0.4091,-0.2725
3360,EURAUD,SELL,1.62137,0.55,75.0,100.0,1.5,1.5,20,sl,-1.0,4,1.634746,false,false,0.1742,-0.2602
3361,EURCHF,SELL,0.91594,0.37,55.0,89.0,1.5,1.5,20,sl,-1.0,19,0.921023,false,false,0.777,-0.6374
3362,EURGBP,SELL,0.86677,0.29,45.0,78.0,1.5,1.5,20,sl,-1.1113,2,0.87096,false,true,0.0,-0.8832
3363,EURNZD,SELL,1.97155,0.69,65.0,89.0,1.5,1.5,20,sl,-1.0,3,1.991956,false,false,0.0,-0.4842
3364,GBPAUD,SELL,1.87007,0.53,65.0,89.0,1.5,1.5,20,sl,-1.0,4,1.884937,false,false,0.1036,-0.2065
3365,GBPCHF,SELL,1.05634,0.4,65.0,89.0,1.5,1.5,20,sl,-1.0,16,1.062678,false,false,0.8962,-0.609
3366,GBPJPY,BUY,213.405,0.9,65.0,78.0,1.5,1.5,20,expired,0.3648,20,214.455994,false,false,0.7591,-0.7327
3367,GBPUSD,BUY,1.3537,0.71,55.0,78.0,1.5,1.5,20,sl,-1.0164,2,1.339047,false,true,0.0,-1.5235
3368,NZDJPY,BUY,93.824,1.03,75.0,89.0,1.5,1.5,20,expired,-0.4863,20,93.119003,false,false,1.0962,-0.9203
3369,USDCAD,SELL,1.36973,0.46,55.0,78.0,1.5,1.5,20,sl,-1.0,6,1.379181,false,false,0.0,-0.4835
3370,USDJPY,BUY,157.67101,1.0,78.0,89.0,1.5,1.5,20,expired,1.1471,20,160.384003,false,false,1.205,-0.0262
3371,XAUUSD,BUY,4499.2998,2.38,45.0,67.0,1.5,1.5,20,sl,-1.0,6,4338.674797,false,false,0.7956,-1.0129
3372,AUDCHF,BUY,0.56681,0.64,65.0,89.0,1.5,1.5,20,sl,-1.0,1,0.561369,false,false,0.0,-1.0494
3373,AUDNZD,BUY,1.22276,0.49,75.0,100.0,1.5,1.5,20,sl,-1.0,5,1.213773,false,false,0.2047,-1.0793
3374,CADCHF,SELL,0.57029,0.63,65.0,89.0,1.5,1.5,20,expired,-0.5956,20,0.5735,false,false,0.4899,-0.3173
3375,CADJPY,BUY,115.15,0.95,65.0,78.0,1.5,1.5,20,expired,-0.036,20,115.091003,false,false,0.376,-0.4266
3376,EURAUD,SELL,1.61511,0.56,75.0,89.0,1.5,1.5,20,sl,-1.026,2,1.62903,false,true,0.0,-0.5536
3377,EURCHF,SELL,0.91578,0.36,55.0,89.0,1.5,1.5,20,sl,-1.0,18,0.920725,false,false,0.7664,-0.6875
3378,EURJPY,BUY,184.92999,0.87,78.0,89.0,1.5,1.5,20,expired,0.0999,20,185.171005,false,false,0.5233,-0.3688
3379,EURUSD,BUY,1.1716,0.57,55.0,78.0,1.5,1.5,20,sl,-1.0,2,1.161583,false,false,0.0,-1.0681
3380,GBPAUD,SELL,1.86464,0.53,65.0,89.0,1.5,1.5,20,sl,-1.0,3,1.879464,false,false,0.0,-0.5734
3381,GBPCHF,SELL,1.05728,0.39,65.0,89.0,1.5,1.5,20,tp,1.5,1,1.048002,false,false,1.0703,0.0
3382,GBPNZD,SELL,2.28027,0.61,65.0,89.0,1.5,1.5,20,sl,-1.0583,8,2.30235,false,true,0.0,-1.0127
3383,NZDCAD,BUY,0.81273,0.81,65.0,89.0,1.5,1.5,20,sl,-1.0,1,0.802855,false,false,0.0,-1.036
3384,NZDJPY,BUY,93.61179,1.01,75.0,89.0,1.5,1.5,20,expired,-0.437,20,92.991997,false,false,1.2701,-0.791
3385,USDCAD,SELL,1.37047,0.46,55.0,78.0,1.5,1.5,20,sl,-1.0,6,1.379926,false,false,0.0,-0.7942
3386,USDJPY,BUY,157.851,1.0,78.0,89.0,1.5,1.5,20,expired,1.1302,20,160.526993,false,false,1.1551,0.0
3387,AUDCAD,BUY,0.98994,0.78,65.0,89.0,1.5,1.5,20,sl,-1.0,2,0.978358,false,false,0.0,-1.3123
3388,AUDJPY,BUY,114.212,1.03,75.0,89.0,1.5,1.5,20,sl,-1.0,18,112.447425,false,false,0.3916,-1.0671
3389,AUDNZD,BUY,1.22206,0.49,75.0,100.0,1.5,1.5,20,sl,-1.0,4,1.213078,false,false,0.0857,-1.002
3390,CADCHF,SELL,0.57135,0.62,65.0,89.0,1.5,1.5,20,expired,0.4536,20,0.56894,false,false,0.6963,-0.1223
3391,CHFJPY,BUY,201.93788,0.78,85.0,100.0,1.5,1.5,20,expired,-0.2323,20,201.388977,false,false,0.9114,-0.6649
3392,EURCAD,SELL,1.60041,0.47,75.0,89.0,1.5,1.5,20,sl,-1.0,8,1.611693,false,false,0.1418,-0.5265
3393,EURCHF,SELL,0.91451,0.36,55.0,89.0,1.5,1.5,20,sl,-1.0,16,0.919448,false,false,0.5103,-0.6176
3394,EURJPY,BUY,184.69901,0.88,78.0,89.0,1.5,1.5,20,expired,0.2732,20,185.365005,false,false,0.6128,-0.2703
3395,EURUSD,BUY,1.16621,0.59,55.0,78.0,1.5,1.5,20,sl,-1.0,15,1.155889,false,false,0.2269,-1.2693
3396,GBPCAD,SELL,1.83757,0.59,65.0,89.0,1.5,1.5,20,sl,-1.0,5,1.853832,false,false,0.0,-0.7662
3397,GBPJPY,BUY,212.07401,0.96,65.0,78.0,1.5,1.5,20,expired,0.8844,20,214.774994,false,false,1.152,-0.2302
3398,GBPNZD,SELL,2.26835,0.63,65.0,89.0,1.5,1.5,20,sl,-1.0,2,2.289786,false,false,0.0,-0.8528
3399,NZDCAD,BUY,0.80997,0.87,65.0,89.0,1.5,1.5,20,tp,1.5,10,0.825825,false,false,1.6209,-0.9527
3400,NZDUSD,BUY,0.59035,1.04,55.0,78.0,1.5,1.5,20,sl,-1.0,15,0.581141,false,false,0.9891,-1.038
3401,USDCHF,SELL,0.78418,0.75,55.0,78.0,1.5,1.5,20,sl,-1.0,15,0.793002,false,false,0.0839,-0.3423
3402,USDJPY,BUY,158.382,1.01,85.0,100.0,1.5,1.5,20,expired,0.7285,20,160.130005,false,false,0.9185,0.0
3403,AUDCAD,BUY,0.981,0.83,55.0,78.0,1.5,1.5,20,expired,0.5649,20,0.987899,false,false,1.1471,-0.5543
3404,AUDJPY,BUY,113.251,1.06,55.0,67.0,1.5,1.5,20,expired,-0.0483,20,113.164001,false,false,0.9174,-0.6759
3405,AUDUSD,BUY,0.71302,0.98,55.0,78.0,1.5,1.5,20,sl,-1.0,16,0.702539,false,false,0.6697,-1.0226
3406,CADJPY,BUY,115.418,0.92,78.0,89.0,1.5,1.5,20,expired,-0.5538,20,114.536003,false,false,0.2191,-0.6454
3407,CHFJPY,BUY,201.74197,0.75,85.0,100.0,1.5,1.5,20,expired,-0.1245,20,201.459366,false,false,1.035,-0.6059
3408,EURCAD,SELL,1.59809,0.46,75.0,89.0,1.5,1.5,20,sl,-1.0,7,1.609117,false,false,0.0,-0.7491
3409,EURGBP,SELL,0.87254,0.34,45.0,67.0,1.5,1.5,20,tp,1.5,1,0.865865,false,false,0.8742,0.0
3410,EURNZD,SELL,1.99117,0.66,55.0,78.0,1.5,1.5,20,tp,1.5,9,1.96024,false,true,1.5569,0.0
3411,EURUSD,BUY,1.16144,0.59,55.0,67.0,1.5,1.5,20,sl,-1.0,15,1.151161,false,false,0.6919,-1.1046
3412,GBPCAD,SELL,1.83119,0.62,65.0,89.0,1.5,1.5,20,sl,-1.0,2,1.84822,false,false,0.0,-0.5526
3413,GBPJPY,BUY,211.41701,1.0,65.0,78.0,1.5,1.5,20,expired,1.1715,20,215.132004,false,false,1.3165,0.0
3414,GBPUSD,BUY,1.33085,0.79,55.0,67.0,1.5,1.5,20,expired,0.8955,20,1.344972,false,false,1.2653,-0.0102
3415,NZDJPY,BUY,92.629,1.06,55.0,67.0,1.5,1.5,20,tp,1.5,9,94.838202,false,false,1.8903,-0.0944
3416,NZDUSD,BUY,0.58326,1.09,55.0,78.0,1.5,1.5,20,tp,1.5,9,0.597564,false,false,1.6987,-0.17
3417,USDCHF,SELL,0.78729,0.72,55.0,78.0,1.5,1.5,20,sl,-1.0808,15,0.79648,false,true,0.4528,-0.8762
3418,XAUUSD,BUY,4519.8999,2.36,58.0,78.0,1.5,1.5,20,sl,-1.0,3,4359.895444,false,false,0.1456,-1.1456
3419,AUDCHF,BUY,0.56243,0.66,55.0,67.0,1.5,1.5,20,expired,-0.1426,20,0.561636,false,false,0.6584,-0.8136
3420,AUDJPY,BUY,113.907,1.1,75.0,89.0,1.5,1.5,20,expired,-0.3139,20,113.317001,false,false,0.5299,-0.9966
3421,AUDUSD,BUY,0.71729,0.99,55.0,78.0,1.5,1.5,20,sl,-1.0,13,0.706638,false,false,0.2582,-1.0834
3422,CADJPY,BUY,115.617,0.9,85.0,100.0,1.5,1.5,20,expired,-0.7092,20,114.510002,false,false,0.0295,-0.8476
3423,EURAUD,SELL,1.62531,0.6,55.0,78.0,1.5,1.5,20,sl,-1.0,15,1.639938,false,false,0.0,-0.5811
3424,EURCHF,SELL,0.91427,0.33,55.0,78.0,1.5,1.5,20,sl,-1.0,12,0.918796,false,false,0.5038,-0.422
3425,EURGBP,SELL,0.86768,0.39,45.0,78.0,1.5,1.5,20,expired,0.725,20,0.864,false,false,0.8708,0.0
3426,EURNZD,SELL,1.98406,0.62,55.0,78.0,1.5,1.5,20,tp,1.5,8,1.956382,false,false,1.2779,-0.0439
3427,GBPAUD,SELL,1.87304,0.62,70.0,89.0,1.5,1.5,20,sl,-1.0,13,1.890459,false,false,0.0,-0.5213
3428,GBPCHF,SELL,1.05358,0.48,65.0,78.0,1.5,1.5,20,sl,-1.0,11,1.061166,false,false,0.0,-0.8727
3429,GBPJPY,BUY,213.37601,1.03,85.0,100.0,1.5,1.5,20,expired,0.4774,20,214.949997,false,false,0.6722,-0.1987
3430,GBPUSD,BUY,1.3432,0.82,55.0,78.0,1.5,1.5,20,expired,-0.0969,20,1.341599,false,false,0.4602,-0.7572
3431,NZDJPY,BUY,93.297,1.05,55.0,78.0,1.5,1.5,20,expired,0.0225,20,93.330002,false,false,1.44,-0.5492
3432,USDCAD,SELL,1.37387,0.39,45.0,78.0,1.5,1.5,20,sl,-1.0,3,1.381907,false,false,0.0,-0.5114
3433,USDJPY,BUY,158.86099,0.98,85.0,100.0,1.5,1.5,20,expired,0.5858,20,160.229004,false,false,0.7387,-0.1143
3434,XAUUSD,BUY,4466.8999,2.4,55.0,78.0,1.5,1.5,20,sl,-1.0,3,4306.091504,false,false,0.4745,-1.0814
3435,AUDCHF,BUY,0.56028,0.63,55.0,78.0,1.5,1.5,20,expired,0.0174,20,0.560372,false,false,1.0985,-0.4495
3436,AUDNZD,BUY,1.21792,0.46,55.0,78.0,1.5,1.5,20,sl,-1.0,5,1.209516,false,false,1.2007,-1.2756
3437,CADCHF,SELL,0.57366,0.57,60.0,78.0,1.5,1.5,20,tp,1.5,3,0.566303,false,false,1.2253,0.0
3438,CADJPY,BUY,115.659,0.7,78.0,89.0,1.5,1.5,20,sl,-1.0,17,114.444581,false,false,0.0033,-1.0293
3439,EURAUD,SELL,1.63368,0.61,55.0,78.0,1.5,1.5,20,sl,-1.0,15,1.648628,false,false,0.5425,-0.5031
3440,EURCHF,SELL,0.91552,0.28,50.0,67.0,1.5,1.5,20,tp,1.5,3,0.909752,false,false,0.918,0.0
3441,EURJPY,BUY,184.59,0.71,65.0,78.0,1.5,1.5,20,expired,0.8398,20,186.240997,false,false,0.8724,-0.2798
3442,EURUSD,BUY,1.16071,0.6,55.0,78.0,1.5,1.5,20,sl,-1.0,13,1.150264,false,false,0.7507,-1.017
3443,GBPAUD,SELL,1.88528,0.63,55.0,78.0,1.5,1.5,20,sl,-1.0,14,1.903096,false,false,0.412,-0.3351
3444,GBPCHF,SELL,1.05649,0.46,60.0,78.0,1.5,1.5,20,sl,-1.0,13,1.06378,false,false,0.3443,-0.7147
3445,GBPNZD,SELL,2.29625,0.62,60.0,78.0,1.5,1.5,20,tp,1.5,7,2.2613,false,true,1.609,-0.2412
3446,NZDCAD,SELL,0.80179,0.9,75.0,89.0,1.5,1.5,20,sl,-1.0,5,0.812614,false,false,0.0,-0.74
3447,NZDJPY,BUY,92.748,0.92,55.0,78.0,1.5,1.5,20,tp,1.5,7,94.667884,false,false,2.0822,0.0
3448,USDCAD,SELL,1.37471,0.37,45.0,67.0,1.5,1.5,20,sl,-1.0,5,1.38234,false,false,0.0,-0.7183
3449,USDJPY,BUY,159.035,0.77,85.0,100.0,1.5,1.5,20,expired,0.7535,20,160.419006,false,false,0.8444,-0.1503
3450,AUDCAD,BUY,0.98245,0.84,55.0,78.0,1.5,1.5,20,expired,0.5816,20,0.98965,false,false,1.0146,-0.664
3451,AUDJPY,BUY,113.583,0.87,55.0,78.0,1.5,1.5,20,sl,-1.0,15,112.100742,false,false,0.8905,-1.045
3452,AUDNZD,BUY,1.2176,0.47,55.0,78.0,1.5,1.5,20,sl,-1.0,4,1.209016,false,false,1.2127,-1.2115
3453,CADCHF,SELL,0.57247,0.55,60.0,78.0,1.5,1.5,20,tp,1.5,2,0.565386,false,false,1.0206,0.0
3454,CHFJPY,BUY,201.82001,0.57,75.0,100.0,1.5,1.5,20,sl,-1.0,20,200.094449,false,false,1.3162,-1.0931
3455,EURCAD,SELL,1.59784,0.44,75.0,89.0,1.5,1.5,20,sl,-1.0,2,1.608386,false,false,0.0,-0.7264
3456,EURCHF,SELL,0.91498,0.22,55.0,89.0,1.5,1.5,20,tp,1.5,2,0.910451,false,false,0.9903,0.0
3457,EURJPY,BUY,184.687,0.55,65.0,89.0,1.5,1.5,20,expired,0.0781,20,184.806,false,false,1.0619,-0.4246
3458,EURUSD,SELL,1.16253,0.57,50.0,86.2,1.5,1.5,20,tp,1.5,20,1.147621,false,false,0.9584,-0.0507
3459,GBPCAD,SELL,1.84679,0.66,75.0,89.0,1.5,1.5,20,sl,-1.0,8,1.865073,false,false,0.0,-0.816
3460,GBPJPY,BUY,213.42999,0.74,85.0,100.0,1.5,1.5,20,expired,0.0751,20,213.608002,false,false,0.9126,-0.3837
3461,GBPNZD,SELL,2.2891,0.65,60.0,78.0,1.5,1.5,20,tp,1.5,6,2.255622,false,false,1.2192,-0.5511
3462,NZDCAD,SELL,0.8061,0.9,75.0,89.0,1.5,1.5,20,sl,-1.0,4,0.816982,false,false,0.0,-0.34
3463,NZDUSD,BUY,0.58683,1.0,55.0,78.0,1.5,1.5,20,sl,-1.0,15,0.578028,false,false,1.4347,-1.0996
3464,USDCHF,SELL,0.78692,0.6,55.0,78.0,1.5,1.5,20,sl,-1.0,11,0.794002,false,false,0.4914,-0.0395
3465,USDJPY,BUY,158.888,0.59,75.0,100.0,1.5,1.5,20,tp,1.5,20,160.997238,false,false,1.7622,-0.0917
3466,AUDCAD,BUY,0.9842,0.83,55.0,78.0,1.5,1.5,20,expired,0.5974,20,0.99152,false,false,0.8822,-0.8137
3467,AUDJPY,BUY,113.664,0.84,55.0,78.0,1.5,1.5,20,sl,-1.0,14,112.231834,false,false,0.8651,-1.1381
3468,AUDUSD,BUY,0.71483,0.94,55.0,78.0,1.5,1.5,20,sl,-1.0427,11,0.70432,false,true,0.5169,-1.121
3469,CADJPY,BUY,115.4,0.52,85.0,100.0,1.5,1.5,20,sl,-1.0,14,114.49988,false,false,0.2922,-1.0554
3470,CHFJPY,BUY,202.1102,0.54,75.0,100.0,1.5,1.5,20,sl,-1.0,11,200.473107,false,false,1.21,-1.0649
3471,EURCAD,SELL,1.60042,0.45,75.0,89.0,1.5,1.5,20,sl,-1.0,3,1.611223,false,false,0.0,-0.5489
3472,EURGBP,SELL,0.86492,0.37,65.0,89.0,1.5,1.5,20,expired,-0.6125,20,0.86786,false,false,0.3458,-0.1729
3473,EURNZD,SELL,1.97586,0.6,65.0,89.0,1.5,1.5,20,tp,1.5,5,1.949186,false,false,0.8649,-0.5067
3474,EURUSD,SELL,1.16212,0.56,65.0,89.0,1.5,1.5,20,tp,1.5,19,1.147477,false,false,0.9339,-0.0936
3475,GBPCAD,SELL,1.85007,0.67,55.0,78.0,1.5,1.5,20,sl,-1.0,9,1.868663,false,false,0.0,-0.7653
3476,GBPJPY,BUY,213.582,0.7,85.0,100.0,1.5,1.5,20,expired,-0.2921,20,212.927002,false,false,0.8963,-0.5003
3477,GBPUSD,BUY,1.34326,0.71,55.0,67.0,1.5,1.5,20,sl,-1.0,19,1.328954,false,false,0.5273,-1.5765
3478,NZDJPY,BUY,93.456,0.8,65.0,89.0,1.5,1.5,20,tp,1.5,5,95.138208,false,false,1.745,-0.469
3479,NZDUSD,BUY,0.58785,0.97,55.0,78.0,1.5,1.5,20,sl,-1.0,11,0.579297,false,false,1.3573,-1.0266
3480,USDCHF,SELL,0.7865,0.58,55.0,78.0,1.5,1.5,20,sl,-1.0,10,0.793343,false,false,0.4472,-0.1023
3481,XAUUSD,BUY,4363.3999,2.45,55.0,78.0,1.5,1.5,20,sl,-1.0,2,4203.044954,false,false,0.1572,-1.7043
3482,AUDCHF,BUY,0.55981,0.64,55.0,78.0,1.5,1.5,20,expired,1.123,20,0.565845,false,false,1.3848,-0.3554
3483,AUDJPY,BUY,113.757,0.79,60.0,78.0,1.5,1.5,20,sl,-1.0,12,112.40898,false,false,0.8501,-1.0593
3484,AUDUSD,BUY,0.71572,0.89,55.0,78.0,1.5,1.5,20,sl,-1.0,9,0.706165,false,false,0.4521,-1.0434
3485,CADJPY,BUY,115.158,0.51,65.0,89.0,1.5,1.5,20,sl,-1.0,17,114.277041,false,false,0.5732,-1.1068
3486,EURAUD,SELL,1.62659,0.58,55.0,78.0,1.5,1.5,20,sl,-1.0,11,1.640741,false,false,0.0721,-0.5102
3487,EURCHF,SELL,0.91067,0.26,55.0,78.0,1.5,1.5,20,sl,-1.0,2,0.914222,false,false,0.0,-0.7968
3488,EURGBP,SELL,0.86352,0.38,65.0,89.0,1.5,1.5,20,expired,-0.8817,20,0.86786,false,false,0.0528,-0.4531
3489,EURNZD,SELL,1.98221,0.59,55.0,78.0,1.5,1.5,20,tp,1.5,4,1.955896,false,false,1.2387,-0.1516
3490,GBPAUD,SELL,1.88342,0.62,55.0,78.0,1.5,1.5,20,sl,-1.0,11,1.900936,false,false,0.3129,-0.447
3491,GBPCHF,SELL,1.05445,0.45,65.0,89.0,1.5,1.5,20,sl,-1.0,7,1.061568,false,false,0.066,-0.8079
3492,GBPJPY,BUY,214.27499,0.68,75.0,100.0,1.5,1.5,20,expired,-0.4896,20,213.205002,false,false,0.6026,-0.8304
3493,GBPUSD,BUY,1.34816,0.71,75.0,89.0,1.5,1.5,20,sl,-1.0165,10,1.333565,false,true,0.1079,-1.2168
3494,NZDJPY,BUY,93.327,0.74,60.0,78.0,1.5,1.5,20,tp,1.5,4,94.880895,false,false,2.0137,-0.3832
3495,USDCAD,SELL,1.38021,0.35,45.0,67.0,1.5,1.5,20,sl,-1.0,7,1.387456,false,false,0.0,-0.454
3496,USDJPY,BUY,158.946,0.5,65.0,89.0,1.5,1.5,20,tp,1.5,18,160.734142,false,false,2.03,-0.0327
3497,XAUUSD,SELL,4286.3999,2.5,65.0,100.0,1.5,1.5,20,tp,1.5,10,4045.289906,false,false,0.9581,-0.2507
3498,AUDCHF,BUY,0.56132,0.63,55.0,78.0,1.5,1.5,20,expired,0.7126,20,0.5651,false,false,1.1183,-0.6447
3499,AUDNZD,BUY,1.22283,0.47,75.0,89.0,1.5,1.5,20,sl,-1.0,1,1.214209,false,false,0.6009,-1.813
3500,CADCHF,SELL,0.56725,0.61,65.0,89.0,1.5,1.5,20,sl,-1.0539,11,0.57272,false,true,0.0,-0.8574
3501,CHFJPY,BUY,202.89766,0.45,75.0,100.0,1.5,1.5,20,sl,-1.0,8,201.528101,false,false,0.8714,-1.0979
3502,EURAUD,SELL,1.62319,0.55,75.0,89.0,1.5,1.5,20,sl,-1.0,9,1.636581,false,false,0.0,-0.5399
3503,EURCHF,SELL,0.9113,0.26,55.0,89.0,1.5,1.5,20,sl,-1.0,1,0.914854,false,false,0.0,-0.619
3504,EURJPY,BUY,184.944,0.39,65.0,89.0,1.5,1.5,20,sl,-1.0,20,183.862078,false,false,1.2579,-1.0777
3505,EURUSD,SELL,1.16374,0.51,65.0,89.0,1.5,1.5,20,tp,1.5,9,1.150386,false,false,0.9336,0.0
3506,GBPAUD,SELL,1.88247,0.6,55.0,78.0,1.5,1.5,20,sl,-1.0,10,1.899412,false,false,0.2674,-0.5182
3507,GBPCHF,SELL,1.05699,0.45,55.0,78.0,1.5,1.5,20,sl,-1.0,9,1.064125,false,false,0.4219,-0.6602
3508,GBPNZD,SELL,2.30211,0.62,55.0,78.0,1.5,1.5,20,tp,1.5,2,2.269996,false,false,1.0019,0.0
3509,NZDCAD,BUY,0.80911,0.77,65.0,89.0,1.5,1.5,20,tp,1.5,3,0.823128,false,false,1.9254,-0.2932
3510,NZDUSD,BUY,0.58621,0.84,55.0,78.0,1.5,1.5,20,tp,1.5,3,0.597289,false,false,1.7938,-0.3154
3511,USDCAD,SELL,1.38041,0.34,45.0,67.0,1.5,1.5,20,sl,-1.0,6,1.38745,false,false,0.0,-0.4389
3512,USDJPY,BUY,158.95399,0.4,65.0,89.0,1.5,1.5,20,tp,1.5,9,160.384576,false,false,1.5036,0.0
3513,AUDCAD,BUY,0.98997,0.72,75.0,89.0,1.5,1.5,20,sl,-1.0,10,0.979278,false,false,0.4714,-1.4722
3514,AUDJPY,BUY,114.184,0.71,65.0,89.0,1.5,1.5,20,sl,-1.0633,8,112.890999,false,true,0.5913,-1.2738
3515,AUDNZD,BUY,1.22741,0.54,65.0,89.0,1.5,1.5,20,sl,-1.7833,1,1.20968,false,true,0.0,-2.1535
3516,CADCHF,SELL,0.56856,0.57,65.0,89.0,1.5,1.5,20,sl,-1.0,10,0.573421,false,false,0.0,-0.6459
3517,CHFJPY,BUY,202.793,0.42,75.0,100.0,1.5,1.5,20,sl,-1.0,7,201.515404,false,false,1.0161,-1.095
3518,EURCAD,SELL,1.60661,0.41,55.0,78.0,1.5,1.5,20,sl,-1.0,6,1.616491,false,false,0.0,-0.5354
3519,EURGBP,SELL,0.86475,0.42,75.0,89.0,1.5,1.5,20,expired,0.4974,20,0.86204,false,false,0.3653,-0.1836
3520,EURJPY,BUY,185.30299,0.37,55.0,89.0,1.5,1.5,20,sl,-1.0,8,184.274558,false,false,0.8654,-1.2281
3521,EURUSD,SELL,1.16368,0.49,65.0,89.0,1.5,1.5,20,tp,1.5,8,1.15085,false,false,0.9648,0.0
3522,GBPCAD,SELL,1.85757,0.67,55.0,78.0,1.5,1.5,20,sl,-1.0,12,1.876239,false,false,0.0,-0.7799
3523,GBPJPY,BUY,214.261,0.55,65.0,89.0,1.5,1.5,20,sl,-1.0,17,212.493347,false,false,0.753,-1.0189
3524,GBPNZD,SELL,2.30301,0.63,55.0,67.0,1.5,1.5,20,tp,1.5,1,2.270365,false,false,1.027,0.0
3525,NZDCAD,BUY,0.80645,0.76,55.0,78.0,1.5,1.5,20,tp,1.5,2,0.82024,false,false,2.2465,0.0
3526,NZDUSD,BUY,0.58425,0.83,55.0,67.0,1.5,1.5,20,tp,1.5,2,0.595161,false,false,2.0909,0.0
3527,USDCHF,SELL,0.78511,0.57,55.0,67.0,1.5,1.5,20,sl,-1.0,6,0.791823,false,false,0.0685,-0.3113
3528,XAUUSD,SELL,4114.0,2.96,50.0,89.0,1.5,1.5,20,sl,-1.0,2,4296.6616,false,false,0.0,-0.9274
3529,AUDCAD,BUY,0.98746,0.7,75.0,89.0,1.5,1.5,20,sl,-1.0,9,0.977092,false,false,0.7282,-1.276
3530,AUDJPY,BUY,113.812,0.74,65.0,89.0,1.5,1.5,20,sl,-1.0,9,112.548687,false,false,0.8636,-1.1739
3531,AUDUSD,BUY,0.71332,0.83,55.0,78.0,1.5,1.5,20,sl,-1.0134,7,0.70432,false,true,0.7567,-1.1022
3532,CADJPY,BUY,115.251,0.33,50.0,78.0,1.5,1.5,20,sl,-1.0,7,114.680508,false,false,0.7222,-1.0552
3533,CHFJPY,BUY,202.51529,0.44,65.0,89.0,1.5,1.5,20,sl,-1.0,7,201.178689,false,false,1.179,-1.6074
3534,EURCAD,SELL,1.60803,0.38,45.0,78.0,1.5,1.5,20,sl,-1.0,5,1.617196,false,false,0.0,-0.4222
3535,EURGBP,SELL,0.86591,0.42,75.0,89.0,1.5,1.5,20,expired,0.6343,20,0.86245,false,false,0.6068,0.0
3536,EURNZD,SELL,1.97166,0.64,75.0,89.0,1.5,1.5,20,sl,-1.0,10,1.990588,false,false,0.5907,-0.9214
3537,GBPAUD,SELL,1.88058,0.62,55.0,78.0,1.5,1.5,20,sl,-1.0,8,1.898069,false,false,0.1509,-0.6101
3538,GBPCAD,SELL,1.85685,0.62,55.0,78.0,1.5,1.5,20,sl,-1.0,11,1.874119,false,false,0.0,-0.8848
3539,GBPJPY,BUY,214.063,0.55,65.0,89.0,1.5,1.5,20,expired,-0.6314,20,212.947998,false,false,0.8658,-0.9077
3540,GBPUSD,BUY,1.34165,0.7,55.0,67.0,1.5,1.5,20,sl,-1.0,15,1.327563,false,false,0.4894,-1.4866
3541,NZDJPY,BUY,93.99,0.78,65.0,89.0,1.5,1.5,20,sl,-1.0,7,92.890317,false,false,1.294,-1.1085
3542,NZDUSD,BUY,0.58924,0.89,75.0,89.0,1.5,1.5,20,sl,-1.0,6,0.581374,false,false,1.2991,-1.0741
3543,USDCHF,SELL,0.78786,0.59,55.0,67.0,1.5,1.5,20,sl,-1.0,6,0.794833,false,false,0.4604,0.0
3544,XAUUSD,SELL,4238.7998,3.03,50.0,100.0,1.5,1.5,20,expired,0.8777,20,4069.699951,false,false,0.9281,-0.4563
3545,AUDCHF,BUY,0.56134,0.68,55.0,78.0,1.5,1.5,20,expired,-0.3528,20,0.55932,false,false,1.0325,-0.8628
3546,AUDNZD,BUY,1.20483,0.7,55.0,67.0,1.5,1.5,20,tp,1.5,16,1.223806,false,false,1.5043,-0.3425
3547,AUDUSD,BUY,0.71642,0.84,75.0,89.0,1.5,1.5,20,sl,-1.0,5,0.707393,false,false,0.2858,-1.182
3548,CADJPY,BUY,115.545,0.32,55.0,78.0,1.5,1.5,20,sl,-1.0,4,114.990384,false,false,0.2128,-1.2946
3549,EURAUD,SELL,1.6266,0.61,75.0,89.0,1.5,1.5,20,sl,-1.0,7,1.641483,false,false,0.0611,-0.4844
3550,EURCHF,SELL,0.91329,0.32,55.0,89.0,1.5,1.5,20,sl,-1.0,3,0.917674,false,false,0.0,-0.5726
3551,EURGBP,SELL,0.86641,0.42,55.0,78.0,1.5,1.5,20,expired,0.9307,20,0.86133,false,false,0.698,0.0
3552,EURNZD,SELL,1.95984,0.71,65.0,89.0,1.5,1.5,20,sl,-1.0,5,1.980712,false,false,0.0,-0.8724
3553,GBPAUD,SELL,1.87666,0.65,75.0,89.0,1.5,1.5,20,sl,-1.0,7,1.894957,false,false,0.0,-0.7974
3554,GBPCHF,SELL,1.05348,0.49,65.0,89.0,1.5,1.5,20,sl,-1.0,3,1.061223,false,false,0.0,-0.8679
3555,GBPNZD,SELL,2.2612,0.82,75.0,100.0,1.5,1.5,20,sl,-1.0,3,2.289013,false,false,0.0,-0.2589
3556,GBPUSD,BUY,1.34445,0.69,68.0,78.0,1.5,1.5,20,sl,-1.0041,14,1.330477,false,true,0.2747,-1.7063
3557,NZDJPY,BUY,94.655,0.83,65.0,89.0,1.5,1.5,20,sl,-1.0,5,93.476545,false,false,0.5762,-1.3518
3558,USDCAD,SELL,1.37829,0.36,45.0,67.0,1.5,1.5,20,sl,-1.0,3,1.385733,false,false,0.0,-0.7
3559,USDJPY,BUY,159.27,0.35,55.0,78.0,1.5,1.5,20,tp,1.5,9,160.524251,false,false,1.5738,0.0
3560,XAUUSD,SELL,4351.6001,3.04,45.0,89.0,1.5,1.5,20,tp,1.5,6,4053.950653,false,false,1.1047,0.0
3561,AUDCHF,BUY,0.56138,0.67,55.0,78.0,1.5,1.5,20,sl,-1.0,20,0.555738,false,false,1.0408,-1.0245
3562,AUDNZD,BUY,1.20045,0.73,55.0,67.0,1.5,1.5,20,tp,1.5,14,1.220167,false,false,1.7102,0.0
3563,CADCHF,SELL,0.56662,0.57,65.0,89.0,1.5,1.5,20,sl,-1.0,5,0.571465,false,false,0.0,-0.677
3564,CHFJPY,BUY,203.79903,0.47,65.0,89.0,1.5,1.5,20,sl,-1.0,2,202.362247,false,false,0.0,-1.1806
3565,EURAUD,SELL,1.62223,0.62,75.0,89.0,1.5,1.5,20,sl,-1.0,5,1.637317,false,false,0.0,-0.5429
3566,EURCHF,SELL,0.91074,0.34,55.0,89.0,1.5,1.5,20,sl,-1.0,1,0.915385,false,false,0.0,-0.6868
3567,EURJPY,BUY,185.63,0.35,55.0,89.0,1.5,1.5,20,sl,-1.0,5,184.655442,false,false,0.5777,-1.6315
3568,EURUSD,SELL,1.16489,0.51,60.0,78.0,1.5,1.5,20,tp,1.5,5,1.151523,false,false,1.0618,0.0
3569,GBPAUD,SELL,1.87306,0.64,75.0,89.0,1.5,1.5,20,sl,-1.0,4,1.891041,false,false,0.0,-0.5039
3570,GBPCHF,SELL,1.05151,0.5,65.0,89.0,1.5,1.5,20,sl,-1.0,1,1.059396,false,false,0.0,-0.6708
3571,GBPNZD,SELL,2.24855,0.85,75.0,100.0,1.5,1.5,20,sl,-1.0,2,2.277219,false,false,0.0,-0.6924
3572,NZDCAD,BUY,0.82495,0.88,65.0,89.0,1.5,1.5,20,sl,-1.0,4,0.814061,false,false,0.0,-1.4556
3573,NZDUSD,BUY,0.59817,1.01,75.0,89.0,1.5,1.5,20,sl,-1.0,2,0.589108,false,false,0.0,-1.2547
3574,USDCAD,SELL,1.37963,0.37,45.0,67.0,1.5,1.5,20,sl,-1.0,2,1.387287,false,false,0.0,-0.5054
3575,USDJPY,BUY,159.353,0.33,55.0,78.0,1.5,1.5,20,tp,1.5,8,160.536196,false,false,1.5631,0.0
3576,AUDCAD,BUY,0.99161,0.69,75.0,89.0,1.5,1.5,20,sl,-1.0,4,0.981347,false,false,0.2183,-1.0221
3577,AUDJPY,BUY,114.369,0.72,75.0,89.0,1.5,1.5,20,sl,-1.0,3,113.133815,false,false,0.3846,-1.0452
3578,AUDNZD,BUY,1.20693,0.73,55.0,78.0,1.5,1.5,20,expired,0.8293,20,1.21789,false,false,1.4135,-0.3095
3579,CADCHF,SELL,0.56803,0.56,75.0,89.0,1.5,1.5,20,sl,-1.0,6,0.572801,false,false,0.0,-0.7692
3580,CHFJPY,BUY,202.987,0.48,65.0,89.0,1.5,1.5,20,sl,-1.0,3,201.525494,false,false,0.0904,-1.09
3581,EURCAD,SELL,1.61042,0.37,45.0,78.0,1.5,1.5,20,sl,-1.0,8,1.619358,false,false,0.0,-0.6019
3582,EURGBP,SELL,0.86441,0.4,75.0,89.0,1.5,1.5,20,expired,0.5861,20,0.86137,false,false,0.3991,-0.2584
3583,EURJPY,BUY,185.745,0.35,55.0,89.0,1.5,1.5,20,sl,-1.0573,4,184.714005,false,true,0.4594,-1.7484
3584,EURUSD,SELL,1.16355,0.47,60.0,78.0,1.5,1.5,20,tp,1.5,4,1.151245,false,false,0.9901,0.0
3585,GBPCAD,BUY,1.86274,0.58,65.0,89.0,1.5,1.5,20,expired,1.2637,20,1.88322,false,false,1.3545,-0.3937
3586,GBPJPY,BUY,214.87199,0.51,65.0,89.0,1.5,1.5,20,sl,-1.0,4,213.228219,false,false,0.438,-1.1772
3587,GBPNZD,SELL,2.26744,0.89,85.0,100.0,1.5,1.5,20,sl,-1.0,3,2.29771,false,false,0.0,-0.6098
3588,NZDCAD,BUY,0.82134,0.89,65.0,89.0,1.5,1.5,20,sl,-1.0,3,0.810375,false,false,0.0,-1.1163
3589,NZDUSD,BUY,0.59357,1.03,75.0,89.0,1.5,1.5,20,sl,-1.0,3,0.584399,false,false,0.0043,-1.3935
3590,USDCHF,SELL,0.78614,0.65,55.0,78.0,1.5,1.5,20,sl,-1.0,3,0.793805,false,false,0.0,-0.1383
3591,XAUUSD,SELL,4381.3999,2.91,45.0,89.0,1.5,1.5,20,tp,1.5,4,4094.527742,false,false,1.302,0.0
3592,AUDCAD,BUY,0.99317,0.69,75.0,89.0,1.5,1.5,20,sl,-1.0946,3,0.981918,false,true,0.0,-1.1723
3593,AUDJPY,BUY,114.759,0.71,75.0,89.0,1.5,1.5,20,sl,-1.0,2,113.536817,false,false,0.0,-1.3754
3594,AUDUSD,BUY,0.71741,0.85,75.0,89.0,1.5,1.5,20,sl,-1.0,2,0.708263,false,false,0.0,-1.2747
3595,CADJPY,BUY,115.541,0.31,55.0,89.0,1.5,1.5,20,sl,-1.0,1,115.003734,false,false,0.0,-1.3289
3596,CHFJPY,BUY,202.91849,0.49,65.0,89.0,1.5,1.5,20,sl,-1.0,2,201.427039,false,false,0.1345,-1.0222
3597,EURCAD,SELL,1.60876,0.36,45.0,78.0,1.5,1.5,20,sl,-1.0,1,1.617447,false,false,0.0,-0.3614
3598,EURGBP,SELL,0.86379,0.4,75.0,89.0,1.5,1.5,20,expired,0.4747,20,0.86133,false,false,0.384,-0.3782
3599,EURNZD,SELL,1.96225,0.84,65.0,89.0,1.5,1.5,20,sl,-1.0395,3,1.98795,false,true,0.0,-0.639
3600,GBPAUD,SELL,1.87522,0.6,75.0,89.0,1.5,1.5,20,sl,-1.0,2,1.892097,false,false,0.0,-0.4088
3601,GBPCAD,BUY,1.86218,0.58,65.0,89.0,1.5,1.5,20,tp,1.5,20,1.886481,false,false,1.5474,-0.3592
3602,GBPJPY,BUY,215.19,0.5,65.0,89.0,1.5,1.5,20,sl,-1.0,3,213.576075,false,false,0.2491,-1.396
3603,GBPUSD,BUY,1.34542,0.62,75.0,89.0,1.5,1.5,20,sl,-1.0,3,1.332908,false,false,0.228,-1.1773
3604,NZDJPY,BUY,94.717,0.91,65.0,89.0,1.5,1.5,20,sl,-1.0,2,93.424113,false,false,0.0,-1.2801
3605,NZDUSD,BUY,0.59225,1.08,75.0,89.0,1.5,1.5,20,sl,-1.0,2,0.582656,false,false,0.0,-1.1943
3606,USDCHF,SELL,0.78825,0.67,55.0,78.0,1.5,1.5,20,sl,-1.0389,3,0.79648,false,true,0.0,-0.8192
3607,XAUUSD,SELL,4245.8999,3.06,50.0,100.0,1.5,1.5,20,expired,1.1802,20,4015.899902,false,false,1.1135,0.0
3608,AUDCHF,BUY,0.56434,0.62,75.0,89.0,1.5,1.5,20,sl,-1.0,4,0.559092,false,false,0.0,-1.0365
3609,AUDNZD,BUY,1.21513,0.74,75.0,89.0,1.5,1.5,20,expired,-0.0756,20,1.21411,false,false,0.777,-0.9112
3610,AUDUSD,BUY,0.71345,0.79,55.0,78.0,1.5,1.5,20,sl,-1.0799,2,0.70432,false,true,0.123,-1.1731
3611,CADJPY,BUY,115.118,0.34,45.0,78.0,1.5,1.5,20,sl,-1.0,5,114.530898,false,false,0.3918,-1.1378
3612,EURAUD,SELL,1.62725,0.56,55.0,78.0,1.5,1.5,20,sl,-1.0,3,1.640919,false,false,0.0,-0.4799
3613,EURCHF,SELL,0.91833,0.38,45.0,78.0,1.5,1.5,20,sl,-1.0,11,0.923564,false,false,0.0,-0.7126
3614,EURGBP,SELL,0.86459,0.36,55.0,89.0,1.5,1.5,20,tp,1.5,19,0.857587,false,false,0.5976,-0.2485
3615,EURNZD,SELL,1.97731,0.83,55.0,78.0,1.5,1.5,20,sl,-1.0,13,2.001928,false,false,0.0,-0.944
3616,GBPAUD,SELL,1.88194,0.58,55.0,67.0,1.5,1.5,20,sl,-1.0,3,1.898313,false,false,0.0,-0.5686
3617,GBPCHF,SELL,1.06198,0.5,55.0,67.0,1.5,1.5,20,sl,-1.0,12,1.069945,false,false,0.0,-0.7558
3618,GBPNZD,SELL,2.28681,0.92,65.0,89.0,1.5,1.5,20,sl,-1.047,13,2.31985,false,true,0.0,-1.0454
3619,GBPUSD,BUY,1.34271,0.54,55.0,78.0,1.5,1.5,20,sl,-1.0,2,1.331834,false,false,0.5114,-1.1052
3620,NZDJPY,BUY,93.878,0.91,55.0,78.0,1.5,1.5,20,sl,-1.0,11,92.596565,false,false,0.1608,-1.169
3621,USDCAD,SELL,1.38932,0.4,65.0,78.0,1.5,1.5,20,sl,-1.0,5,1.397656,false,false,0.0,-0.4595
3622,USDJPY,BUY,159.94,0.29,55.0,78.0,1.5,1.5,20,tp,1.5,10,160.983609,false,false,2.0496,-0.1667
3623,XAUUSD,SELL,4202.7002,3.06,50.0,100.0,1.5,1.5,20,expired,0.6547,20,4076.399902,false,false,0.901,0.0
3624,AUDCHF,BUY,0.5621,0.6,55.0,78.0,1.5,1.5,20,sl,-1.0,15,0.557041,false,false,1.0184,-1.1267
3625,AUDNZD,BUY,1.2139,0.74,75.0,89.0,1.5,1.5,20,expired,0.0735,20,1.21489,false,false,0.8691,-0.8208
3626,CADCHF,SELL,0.56735,0.62,65.0,89.0,1.5,1.5,20,sl,-1.0177,3,0.57272,false,true,0.0,-0.8244
3627,CHFJPY,BUY,202.67154,0.56,60.0,78.0,1.5,1.5,20,sl,-1.0,1,200.969099,false,false,0.0,-1.3537
3628,EURAUD,SELL,1.62833,0.53,55.0,78.0,1.5,1.5,20,sl,-1.0,2,1.641275,false,false,0.0,-0.4233
3629,EURCHF,SELL,0.9164,0.39,45.0,78.0,1.5,1.5,20,sl,-1.0,2,0.921761,false,false,0.0,-0.5186
3630,EURJPY,BUY,185.76801,0.37,55.0,78.0,1.5,1.5,20,sl,-1.0223,1,184.714005,false,true,0.0,-1.676
3631,EURUSD,SELL,1.16126,0.47,75.0,89.0,1.5,1.5,20,tp,1.5,9,1.14898,false,false,1.0085,0.0
3632,GBPAUD,SELL,1.8823,0.55,55.0,67.0,1.5,1.5,20,sl,-1.0,2,1.897829,false,false,0.0,-0.5763
3633,GBPCHF,SELL,1.05902,0.49,55.0,67.0,1.5,1.5,20,sl,-1.0,2,1.066804,false,false,0.0,-0.6012
3634,GBPNZD,SELL,2.28661,0.91,55.0,78.0,1.5,1.5,20,sl,-1.065,12,2.31985,false,true,0.0,-1.0634
3635,NZDCAD,BUY,0.8156,0.87,60.0,78.0,1.5,1.5,20,sl,-1.0,12,0.804956,false,false,0.2142,-1.0617
3636,NZDUSD,BUY,0.58699,1.04,55.0,78.0,1.5,1.5,20,sl,-1.0,4,0.577833,false,false,0.0,-1.0745
3637,USDCAD,BUY,1.3906,0.41,60.0,86.2,1.5,1.5,20,tp,1.5,9,1.40984,false,true,2.7993,-0.0666
3638,USDJPY,BUY,159.99001,0.28,55.0,78.0,1.5,1.5,20,tp,1.5,9,160.997947,false,false,2.0477,-0.1533
3639,AUDCAD,BUY,0.98207,0.62,55.0,78.0,1.5,1.5,20,expired,0.3416,20,0.98519,false,false,1.3544,-0.8584
3640,AUDJPY,BUY,112.91273,0.71,55.0,78.0,1.5,1.5,20,sl,-1.0,12,111.710209,false,false,0.5166,-1.3037
3641,AUDNZD,BUY,1.21506,0.73,75.0,89.0,1.5,1.5,20,expired,0.1135,20,1.21657,false,false,0.7929,-0.9185
3642,CADCHF,SELL,0.57109,0.64,55.0,78.0,1.5,1.5,20,expired,0.9649,20,0.5658,false,false,0.819,-0.1113
3643,CHFJPY,BUY,201.27908,0.59,55.0,78.0,1.5,1.5,20,sl,-1.0,10,199.49776,false,false,0.7389,-1.0397
3644,EURCAD,SELL,1.6067,0.42,75.0,89.0,1.5,1.5,20,sl,-1.0176,4,1.617,false,true,0.0,-0.899
3645,EURGBP,SELL,0.86398,0.3,55.0,89.0,1.5,1.5,20,sl,-1.0108,9,0.86791,false,true,0.1852,-0.4553
3646,EURJPY,BUY,184.73199,0.41,55.0,78.0,1.5,1.5,20,sl,-1.0,12,183.595888,false,false,1.3846,-1.3722
3647,EURUSD,SELL,1.15226,0.5,65.0,78.0,1.5,1.5,20,sl,-1.0,5,1.160902,false,false,0.0,-0.8332
3648,GBPCAD,BUY,1.85954,0.48,60.0,78.0,1.5,1.5,20,tp,1.5,6,1.879623,false,false,1.5319,0.0
3649,GBPJPY,BUY,213.80099,0.43,55.0,78.0,1.5,1.5,20,tp,1.5,18,215.869515,false,false,1.6381,-0.9724
3650,GBPNZD,SELL,2.30053,0.89,55.0,78.0,1.5,1.5,20,sl,-1.0,12,2.331242,false,false,0.0427,-0.8912
3651,NZDCAD,BUY,0.80803,0.89,55.0,78.0,1.5,1.5,20,expired,0.1511,20,0.80966,false,false,0.9131,-0.8186
3652,NZDUSD,BUY,0.57967,1.08,55.0,78.0,1.5,1.5,20,sl,-1.0,11,0.570279,false,false,0.7145,-1.3578
3653,USDCHF,SELL,0.79642,0.73,55.0,67.0,1.5,1.5,20,sl,-1.0,9,0.805141,false,false,0.3108,-0.9082
3654,XAUUSD,SELL,4008.80005,3.44,50.0,89.0,1.5,1.5,20,expired,-0.2001,20,4050.199951,false,false,0.0,-0.6372
3655,AUDCAD,BUY,0.98236,0.58,60.0,78.0,1.5,1.5,20,expired,0.6646,20,0.98804,false,false,1.4134,-0.9513
3656,AUDJPY,BUY,112.746,0.67,55.0,78.0,1.5,1.5,20,sl,-1.0,11,111.612903,false,false,0.6954,-1.2364
3657,AUDUSD,BUY,0.70405,0.77,55.0,67.0,1.5,1.5,20,sl,-1.0,10,0.695918,false,false,0.5964,-1.4622
3658,CADJPY,BUY,114.754,0.35,45.0,67.0,1.5,1.5,20,sl,-1.4706,7,113.867996,false,true,0.986,-1.6781
3659,CHFJPY,BUY,200.65688,0.57,55.0,78.0,1.5,1.5,20,sl,-1.0,11,198.941264,false,false,1.1298,-1.1315
3660,EURCAD,SELL,1.60886,0.42,68.0,78.0,1.5,1.5,20,sl,-1.0,3,1.618996,false,false,0.0,-0.6847
3661,EURGBP,SELL,0.86455,0.28,55.0,89.0,1.5,1.5,20,tp,1.5,16,0.859103,false,false,0.7573,-0.3305
3662,EURNZD,SELL,1.9862,0.8,55.0,78.0,1.5,1.5,20,sl,-1.0,11,2.010034,false,false,0.0,-0.8475
3663,GBPAUD,SELL,1.89411,0.5,55.0,78.0,1.5,1.5,20,sl,-1.0,1,1.908316,false,false,0.0,-0.5836
3664,GBPCAD,BUY,1.86083,0.49,65.0,89.0,1.5,1.5,20,tp,1.5,14,1.881346,false,false,1.6378,0.0
3665,GBPJPY,BUY,213.57401,0.45,60.0,78.0,1.5,1.5,20,tp,1.5,16,215.736447,false,false,1.5052,-0.7727
3666,GBPUSD,BUY,1.33333,0.54,55.0,78.0,1.5,1.5,20,sl,-1.0,7,1.32253,false,false,1.1836,-1.1688
3667,NZDJPY,BUY,92.936,0.95,55.0,78.0,1.5,1.5,20,sl,-1.0,10,91.611662,false,false,0.6584,-1.045
3668,NZDUSD,BUY,0.58036,1.06,55.0,78.0,1.5,1.5,20,sl,-1.0142,10,0.571001,false,true,0.6523,-1.4566
3669,USDCHF,SELL,0.79817,0.71,55.0,67.0,1.5,1.5,20,sl,-1.0,8,0.806671,false,false,0.5247,-0.7258
3670,XAUUSD,SELL,4047.6001,3.39,50.0,89.0,1.5,1.5,20,expired,-0.1127,20,4070.800049,false,false,0.0909,-0.4519
3671,AUDCHF,BUY,0.5613,0.56,55.0,78.0,1.5,1.5,20,sl,-1.0,12,0.556585,false,false,1.2624,-1.0393
3672,AUDNZD,BUY,1.20932,0.78,55.0,78.0,1.5,1.5,20,expired,0.7174,20,1.21947,false,false,1.1513,-0.2488
3673,AUDUSD,BUY,0.70231,0.75,55.0,67.0,1.5,1.5,20,sl,-1.0,9,0.694409,false,false,0.8341,-1.2847
3674,CADJPY,BUY,114.93,0.37,45.0,67.0,1.5,1.5,20,sl,-1.0,5,114.292139,false,false,0.4155,-1.1711
3675,EURAUD,SELL,1.64226,0.5,55.0,67.0,1.5,1.5,20,sl,-1.0,12,1.654577,false,false,0.5034,-0.3296
3676,EURCHF,SELL,0.92173,0.41,55.0,67.0,1.5,1.5,20,expired,-0.0829,20,0.9222,false,false,0.3775,-0.4287
3677,EURGBP,SELL,0.86241,0.29,55.0,89.0,1.5,1.5,20,sl,-1.0,6,0.866161,false,false,0.0,-0.6078
3678,EURNZD,SELL,1.98624,0.78,55.0,78.0,1.5,1.5,20,sl,-1.0,10,2.009479,false,false,0.0,-0.8675
3679,GBPAUD,SELL,1.90344,0.52,55.0,67.0,1.5,1.5,20,sl,-1.0,13,1.918287,false,false,1.0386,-0.7133
3680,GBPCHF,SELL,1.06853,0.47,55.0,67.0,1.5,1.5,20,sl,-1.0,16,1.076063,false,false,0.5549,-0.3943
3681,GBPNZD,SELL,2.30255,0.86,55.0,78.0,1.5,1.5,20,sl,-1.0,10,2.332253,false,false,0.035,-0.8534
3682,GBPUSD,BUY,1.33722,0.55,45.0,72.5,1.5,1.5,20,sl,-1.0,6,1.326188,false,false,0.8061,-1.4968
3683,NZDJPY,BUY,93.119,0.94,55.0,78.0,1.5,1.5,20,sl,-1.0,9,91.806022,false,false,0.5248,-1.1935
3684,USDCAD,BUY,1.39538,0.41,75.0,89.0,1.5,1.5,20,tp,1.5,6,1.40984,false,true,2.2327,-0.2599
3685,USDJPY,BUY,160.384,0.26,55.0,78.0,1.5,1.5,20,tp,1.5,6,161.322246,false,false,1.5699,-0.7946
3686,XAUUSD,SELL,4096.2998,3.25,50.0,100.0,1.5,1.5,20,expired,0.0966,20,4077.0,false,false,0.3375,-0.2218
3687,AUDCHF,BUY,0.55944,0.57,55.0,78.0,1.5,1.5,20,tp,1.5,7,0.566615,false,false,1.6332,-0.2801
3688,AUDNZD,BUY,1.20694,0.79,55.0,78.0,1.5,1.5,20,expired,0.4622,20,1.21355,false,false,1.3054,-0.1168
3689,CADCHF,SELL,0.5735,0.58,55.0,78.0,1.5,1.5,20,tp,1.5,4,0.566016,false,false,1.3829,0.0
3690,CHFJPY,BUY,200.64799,0.57,55.0,67.0,1.5,1.5,20,sl,-1.0,9,198.93245,false,false,1.1351,-1.1264
3691,EURAUD,SELL,1.64925,0.52,55.0,67.0,1.5,1.5,20,expired,0.2052,20,1.64661,false,false,1.0253,-0.1617
3692,EURCHF,SELL,0.92276,0.4,55.0,67.0,1.5,1.5,20,expired,-0.0307,20,0.92293,false,false,0.5726,-0.2529
3693,EURJPY,BUY,185.17101,0.44,60.0,78.0,1.5,1.5,20,sl,-1.0,8,183.948881,false,false,0.9279,-1.1398
3694,EURUSD,SELL,1.15356,0.48,65.0,89.0,1.5,1.5,20,sl,-1.0,2,1.161866,false,false,0.0,-0.7104
3695,GBPAUD,SELL,1.90984,0.52,55.0,67.0,1.5,1.5,20,tp,1.5,5,1.887495,false,false,1.0157,0.0
3696,GBPCHF,BUY,1.06879,0.47,65.0,89.0,1.5,1.5,20,sl,-1.0,4,1.061255,false,false,0.0,-1.0206
3697,GBPNZD,SELL,2.30592,0.85,55.0,78.0,1.5,1.5,20,sl,-1.0,9,2.33532,false,false,0.15,-0.7476
3698,NZDCAD,BUY,0.80792,0.85,55.0,78.0,1.5,1.5,20,expired,0.1476,20,0.80944,false,false,0.9669,-0.8465
3699,NZDUSD,BUY,0.57943,1.05,55.0,67.0,1.5,1.5,20,sl,-1.0,8,0.570304,false,false,0.7615,-1.3709
3700,USDCAD,BUY,1.39468,0.42,75.0,89.0,1.5,1.5,20,tp,1.5,5,1.40984,false,true,2.2603,0.0
3701,USDJPY,BUY,160.52699,0.26,55.0,78.0,1.5,1.5,20,sl,-1.0,2,159.900935,false,false,0.0,-1.0223
3702,AUDCAD,BUY,0.98455,0.63,55.0,78.0,1.5,1.5,20,expired,-0.1021,20,0.9836,false,false,1.063,-0.8867
3703,AUDJPY,BUY,112.841,0.69,55.0,78.0,1.5,1.5,20,sl,-1.0,8,111.673096,false,false,0.5934,-1.2809
3704,AUDNZD,BUY,1.20835,0.77,55.0,78.0,1.5,1.5,20,expired,-0.2443,20,1.20494,false,false,1.2367,-0.5338
3705,CADCHF,SELL,0.56894,0.58,75.0,89.0,1.5,1.5,20,expired,-0.0586,20,0.56923,false,false,0.4727,-0.0929
3706,CHFJPY,BUY,201.38898,0.54,55.0,67.0,1.5,1.5,20,sl,-1.0,5,199.757729,false,false,0.7395,-1.1575
3707,EURCAD,SELL,1.61728,0.43,55.0,67.0,1.5,1.5,20,expired,-0.2214,20,1.61959,false,false,0.0,-0.5838
3708,EURGBP,SELL,0.86289,0.27,65.0,89.0,1.5,1.5,20,sl,-1.0,4,0.866385,false,false,0.0,-0.5151
3709,EURJPY,BUY,185.36501,0.43,75.0,89.0,1.5,1.5,20,sl,-1.0,7,184.169406,false,false,0.7862,-1.3274
3710,EURUSD,SELL,1.15759,0.5,65.0,89.0,1.5,1.5,20,tp,1.5,5,1.144567,false,false,1.1531,-0.2155
3711,GBPCAD,BUY,1.87398,0.46,65.0,89.0,1.5,1.5,20,tp,1.5,14,1.893376,false,false,1.747,-0.829
3712,GBPJPY,BUY,214.77499,0.48,65.0,89.0,1.5,1.5,20,sl,-1.0,4,213.22861,false,false,0.4844,-1.4576
3713,GBPNZD,SELL,2.29989,0.83,55.0,78.0,1.5,1.5,20,sl,-1.0,7,2.328524,false,false,0.0,-0.6953
3714,NZDCAD,BUY,0.81472,0.9,55.0,78.0,1.5,1.5,20,sl,-1.0,8,0.803721,false,false,0.2873,-1.2292
3715,NZDUSD,BUY,0.58328,1.08,55.0,78.0,1.5,1.5,20,sl,-1.0,5,0.573831,false,false,0.328,-1.1483
3716,USDCHF,BUY,0.79505,0.69,75.0,100.0,1.5,1.5,20,tp,1.5,5,0.807393,false,false,1.7001,-0.5043
3717,XAUUSD,SELL,4038.5,3.29,50.0,100.0,1.5,1.5,20,expired,0.011,20,4036.300049,false,false,0.0482,-0.5123
3718,AUDCAD,BUY,0.9879,0.65,75.0,89.0,1.5,1.5,20,sl,-1.0,9,0.978268,false,false,0.679,-1.1836
3719,AUDJPY,BUY,113.164,0.69,55.0,78.0,1.5,1.5,20,sl,-1.0,6,111.992753,false,false,0.3159,-1.1654
3720,AUDUSD,BUY,0.70752,0.81,65.0,78.0,1.5,1.5,20,sl,-1.0,6,0.698924,false,false,0.0459,-1.7868
3721,CADJPY,BUY,114.536,0.4,55.0,67.0,1.5,1.5,20,sl,-1.0,3,113.848784,false,false,0.2561,-1.1539
3722,CHFJPY,BUY,201.45937,0.55,55.0,67.0,1.5,1.5,20,sl,-1.0,4,199.79733,false,false,0.6834,-1.1784
3723,EURCAD,SELL,1.62003,0.44,55.0,67.0,1.5,1.5,20,expired,0.4564,20,1.61515,false,false,0.2553,-0.3124
3724,EURGBP,SELL,0.86269,0.27,65.0,89.0,1.5,1.5,20,sl,-1.0,3,0.866184,false,false,0.0,-0.5724
3725,EURNZD,SELL,1.9816,0.78,55.0,78.0,1.5,1.5,20,sl,-1.0,6,2.004785,false,false,0.0,-0.8174
3726,GBPAUD,SELL,1.90092,0.54,55.0,67.0,1.5,1.5,20,sl,-1.0,9,1.916317,false,false,0.8378,-0.6391
3727,GBPCAD,BUY,1.87805,0.44,65.0,89.0,1.5,1.5,20,sl,-1.0,4,1.865655,false,false,0.1702,-1.1932
3728,GBPJPY,BUY,215.132,0.48,65.0,89.0,1.5,1.5,20,sl,-1.0,3,213.58305,false,false,0.2531,-1.6857
3729,GBPUSD,BUY,1.34497,0.55,60.0,86.2,1.5,1.5,20,sl,-1.3061,3,1.330477,false,true,0.0,-2.1866
3730,NZDJPY,BUY,93.638,0.97,75.0,89.0,1.5,1.5,20,sl,-1.0371,6,92.224998,false,true,0.025,-1.5311
3731,NZDUSD,BUY,0.58554,1.07,75.0,89.0,1.5,1.5,20,sl,-1.0,3,0.576142,false,false,0.0,-1.0535
3732,USDCHF,BUY,0.7939,0.69,75.0,100.0,1.5,1.5,20,tp,1.5,4,0.806225,false,false,1.8426,-0.3651
3733,XAUUSD,SELL,4082.3999,3.19,60.0,100.0,1.5,1.5,20,expired,-0.0906,20,4100.100098,false,false,0.2739,-0.2979
3734,AUDCHF,BUY,0.56164,0.52,55.0,78.0,1.5,1.5,20,sl,-1.0,8,0.557259,false,false,1.281,-1.1961
3735,AUDNZD,BUY,1.21359,0.67,68.0,78.0,1.5,1.5,20,sl,-1.0,18,1.201393,false,false,0.9855,-1.0405
3736,AUDUSD,BUY,0.7073,0.79,65.0,78.0,1.5,1.5,20,sl,-1.0,5,0.698918,false,false,0.0358,-1.8064
3737,CADJPY,BUY,114.51,0.41,55.0,67.0,1.5,1.5,20,sl,-1.0,2,113.805764,false,false,0.1832,-1.0891
3738,EURAUD,SELL,1.63897,0.51,55.0,67.0,1.5,1.5,20,sl,-1.0,8,1.651508,false,false,0.2321,-0.5862
3739,EURCHF,SELL,0.9209,0.36,45.0,67.0,1.5,1.5,20,sl,-1.0,3,0.925873,false,false,0.0141,-0.2333
3740,EURGBP,SELL,0.864,0.25,45.0,78.0,1.5,1.5,20,sl,-1.0,2,0.86724,false,false,0.0,-0.213
3741,EURNZD,SELL,1.98905,0.76,55.0,78.0,1.5,1.5,20,sl,-1.0,6,2.011725,false,false,0.0,-0.7652
3742,GBPAUD,SELL,1.89685,0.52,55.0,67.0,1.5,1.5,20,sl,-1.0,6,1.911645,false,false,0.5968,-0.563
3743,GBPCHF,BUY,1.06563,0.48,65.0,89.0,1.5,1.5,20,tp,1.5,14,1.077139,false,false,1.624,-0.5904
3744,GBPNZD,SELL,2.30189,0.77,55.0,78.0,1.5,1.5,20,sl,-1.0,5,2.328477,false,false,0.0,-0.6736
3745,GBPUSD,SELL,1.3416,0.54,60.0,78.0,1.5,1.5,20,tp,1.5,2,1.3253,false,false,0.8261,0.0
3746,NZDJPY,BUY,93.33,0.94,55.0,78.0,1.5,1.5,20,sl,-1.0,5,92.014047,false,false,0.174,-1.3511
3747,USDCAD,BUY,1.399,0.44,75.0,89.0,1.5,1.5,20,tp,1.5,2,1.41285,false,false,1.683,-0.0011
3748,USDJPY,BUY,160.229,0.26,55.0,89.0,1.5,1.5,20,tp,1.5,2,161.16634,false,false,1.8195,-0.1776
3749,XAUUSD,SELL,4125.7002,3.02,40.0,84.0,1.5,1.5,20,expired,0.1001,20,4107.0,false,false,0.5179,-0.0797
3750,AUDCHF,BUY,0.56037,0.53,55.0,78.0,1.5,1.5,20,tp,1.5,3,0.567052,false,false,1.5448,0.0
3751,AUDNZD,BUY,1.21169,0.58,75.0,89.0,1.5,1.5,20,sl,-1.0,17,1.201148,false,false,1.3205,-1.0236
3752,CADCHF,SELL,0.56666,0.59,65.0,89.0,1.5,1.5,20,sl,-1.0,18,0.571675,false,false,0.0,-0.8255
3753,CHFJPY,BUY,202.23076,0.55,75.0,89.0,1.5,1.5,20,sl,-1.0,1,200.562356,false,false,0.0,-1.3767
3754,EURAUD,SELL,1.64311,0.49,55.0,67.0,1.5,1.5,20,sl,-1.0,7,1.655187,false,false,0.5838,-0.2658
3755,EURCHF,SELL,0.92075,0.36,45.0,67.0,1.5,1.5,20,sl,-1.0,2,0.925722,false,false,0.0,-0.2635
3756,EURJPY,BUY,186.241,0.43,65.0,89.0,1.5,1.5,20,sl,-1.1921,1,184.809006,false,true,0.0,-1.5992
3757,EURUSD,SELL,1.161,0.49,55.0,78.0,1.5,1.5,20,tp,1.5,1,1.1482,false,false,0.9371,0.0
3758,GBPAUD,SELL,1.89992,0.53,55.0,67.0,1.5,1.5,20,sl,-1.0,7,1.915024,false,false,0.7878,-0.7177
3759,GBPCHF,BUY,1.06464,0.48,60.0,78.0,1.5,1.5,20,tp,1.5,11,1.076138,false,false,1.5394,-0.3835
3760,GBPNZD,SELL,2.30236,0.68,55.0,67.0,1.5,1.5,20,sl,-1.0,4,2.325844,false,false,0.0,-0.7426
3761,NZDCAD,BUY,0.81575,0.75,75.0,89.0,1.5,1.5,20,sl,-1.0,4,0.806573,false,false,0.1935,-1.2477
3762,NZDUSD,BUY,0.58312,0.98,75.0,89.0,1.5,1.5,20,sl,-1.0,2,0.574548,false,false,0.0,-1.2472
3763,USDCAD,BUY,1.39957,0.42,75.0,89.0,1.5,1.5,20,tp,1.5,1,1.412796,false,false,1.6978,0.0
3764,USDJPY,BUY,160.41901,0.25,55.0,89.0,1.5,1.5,20,tp,1.5,1,161.321367,false,false,1.5742,0.0
3765,AUDCAD,BUY,0.98965,0.61,75.0,89.0,1.5,1.5,20,sl,-1.0,4,0.980595,false,false,0.529,-1.1209
3766,AUDJPY,BUY,112.71,0.65,55.0,67.0,1.5,1.5,20,sl,-1.0,4,111.611077,false,false,0.647,-1.2421
3767,AUDNZD,BUY,1.2145,0.55,65.0,89.0,1.5,1.5,20,sl,-1.0,16,1.20448,false,false,1.1088,-1.3573
3768,CADCHF,SELL,0.56683,0.58,75.0,89.0,1.5,1.5,20,sl,-1.0,17,0.571761,false,false,0.0,-0.805
3769,CHFJPY,BUY,200.884,0.58,55.0,67.0,1.5,1.5,20,sl,-1.0,4,199.136309,false,false,0.0,-1.2407
3770,EURCAD,BUY,1.62259,0.44,65.0,78.0,1.5,1.5,20,sl,-1.0,17,1.611881,false,false,0.3763,-1.0589
3771,EURGBP,SELL,0.8651,0.25,50.0,78.0,1.5,1.5,20,tp,1.5,9,0.860234,false,false,1.0172,-0.2004
3772,EURJPY,BUY,184.806,0.48,55.0,78.0,1.5,1.5,20,sl,-1.0,4,183.475397,false,false,0.4351,-1.2273
3773,EURUSD,SELL,1.15073,0.55,75.0,89.0,1.5,1.5,20,tp,1.5,4,1.13649,false,false,1.2953,0.0
3774,GBPCAD,BUY,1.87543,0.45,65.0,78.0,1.5,1.5,20,tp,1.5,10,1.894419,false,false,1.6699,-0.9614
3775,GBPJPY,BUY,213.608,0.55,55.0,78.0,1.5,1.5,20,tp,1.5,12,216.251399,false,false,1.8902,-0.6514
3776,GBPNZD,SELL,2.3033,0.62,55.0,67.0,1.5,1.5,20,sl,-1.0,3,2.324721,false,false,0.0,-0.7703
3777,NZDCAD,BUY,0.81413,0.69,75.0,89.0,1.5,1.5,20,sl,-1.0,3,0.805704,false,false,0.0451,-1.1666
3778,NZDUSD,SELL,0.57748,0.95,65.0,78.0,1.5,1.5,20,tp,1.5,4,0.565136,false,false,1.2685,0.0
3779,USDCHF,BUY,0.79941,0.69,75.0,89.0,1.5,1.5,20,tp,1.5,4,0.811821,false,false,1.7501,0.0
3780,XAUUSD,SELL,4157.3999,2.78,45.0,89.0,1.5,1.5,20,expired,0.0277,20,4152.600098,false,false,0.7412,0.0
3781,AUDCAD,BUY,0.99152,0.61,75.0,89.0,1.5,1.5,20,sl,-1.0,3,0.982448,false,false,0.3219,-1.3249
3782,AUDJPY,BUY,113.104,0.64,68.0,78.0,1.5,1.5,20,sl,-1.0,2,112.018202,false,false,0.2919,-1.2019
3783,AUDUSD,BUY,0.70131,0.72,65.0,78.0,1.5,1.5,20,sl,-1.0,2,0.693736,false,false,0.0753,-1.2081
3784,CADJPY,BUY,114.055,0.45,65.0,78.0,1.5,1.5,20,tp,1.5,17,115.209807,false,false,1.5912,-0.8781
3785,CHFJPY,BUY,200.37132,0.58,55.0,67.0,1.5,1.5,20,expired,0.2218,20,200.757996,false,false,0.6891,-0.9498
3786,EURCAD,BUY,1.62021,0.46,65.0,89.0,1.5,1.5,20,sl,-1.0,17,1.609031,false,false,0.568,-1.357
3787,EURGBP,SELL,0.86786,0.25,45.0,78.0,1.5,1.5,20,tp,1.5,1,0.862978,false,false,0.0,0.0
3788,EURNZD,SELL,1.9906,0.6,55.0,67.0,1.5,1.5,20,sl,-1.0,2,2.008515,false,false,0.0,-0.5554
3789,GBPAUD,SELL,1.88235,0.57,75.0,89.0,1.5,1.5,20,sl,-1.0,2,1.898444,false,false,0.0,-0.7239
3790,GBPCAD,BUY,1.8668,0.47,60.0,78.0,1.5,1.5,20,tp,1.5,8,1.886541,false,false,1.5538,0.0
3791,GBPJPY,BUY,212.927,0.57,55.0,78.0,1.5,1.5,20,tp,1.5,7,215.657789,false,false,1.5424,-0.1966
3792,GBPUSD,SELL,1.3202,0.64,65.0,78.0,1.5,1.5,20,sl,-1.0,9,1.332874,false,false,0.0,-0.5809
3793,NZDJPY,BUY,92.805,0.8,55.0,67.0,1.5,1.5,20,sl,-1.0,2,91.69134,false,false,0.0,-1.1251
3794,NZDUSD,SELL,0.57549,0.93,65.0,78.0,1.5,1.5,20,tp,1.5,3,0.563448,false,false,1.0524,0.0
3795,USDCHF,BUY,0.8049,0.71,75.0,89.0,1.5,1.5,20,expired,0.3978,20,0.80831,false,false,1.1829,-0.4666
3796,XAUUSD,SELL,4082.3999,2.96,50.0,100.0,1.5,1.5,20,sl,-1.0,20,4263.658456,false,false,0.2952,-0.2163
3797,AUDCHF,BUY,0.56585,0.58,65.0,89.0,1.5,1.5,20,sl,-1.0,1,0.560927,false,false,0.0,-1.2086
3798,AUDNZD,BUY,1.22118,0.52,65.0,89.0,1.5,1.5,20,sl,-1.0,13,1.211655,false,false,0.4651,-1.6703
3799,AUDUSD,BUY,0.70029,0.71,65.0,78.0,1.5,1.5,20,sl,-1.0,1,0.692832,false,false,0.0,-1.0901
3800,CADJPY,BUY,113.882,0.46,65.0,78.0,1.5,1.5,20,tp,1.5,16,115.060679,false,false,1.7791,-0.6401
3801,EURAUD,SELL,1.63681,0.51,68.0,78.0,1.5,1.5,20,sl,-1.0,3,1.649332,false,false,0.0,-0.5159
3802,EURCHF,SELL,0.92615,0.35,45.0,67.0,1.5,1.5,20,tp,1.5,8,0.918857,false,false,1.0592,0.0
3803,EURGBP,SELL,0.86786,0.27,45.0,67.0,1.5,1.5,20,tp,1.5,1,0.8625,false,true,1.2632,0.0
3804,EURNZD,SELL,1.99848,0.56,55.0,67.0,1.5,1.5,20,sl,-1.0,3,2.015267,false,false,0.0,-0.688
3805,GBPAUD,SELL,1.88598,0.58,75.0,89.0,1.5,1.5,20,sl,-1.0,1,1.902388,false,false,0.0,-0.4888
3806,GBPCHF,BUY,1.06711,0.47,65.0,89.0,1.5,1.5,20,tp,1.5,11,1.078395,false,false,1.7254,-0.121
3807,GBPNZD,SELL,2.30316,0.58,45.0,58.8,1.5,1.5,20,sl,-1.0,1,2.323197,false,false,0.0,-0.8304
3808,GBPUSD,SELL,1.32079,0.67,75.0,89.0,1.5,1.5,20,sl,-1.0,8,1.334064,false,false,0.0,-0.5102
3809,NZDJPY,BUY,92.555,0.77,55.0,67.0,1.5,1.5,20,sl,-1.0,2,91.48599,false,false,0.0,-1.3985
3810,USDCAD,BUY,1.41743,0.46,75.0,89.0,1.5,1.5,20,sl,-1.0,16,1.40765,false,false,0.7515,-1.2985
3811,USDJPY,BUY,161.433,0.3,55.0,78.0,1.5,1.5,20,tp,1.5,6,162.522673,false,false,1.6767,-0.1693
3812,XAUUSD,SELL,4140.7998,2.78,45.0,89.0,1.5,1.5,20,sl,-1.0,19,4313.471152,false,false,0.6481,0.0
3813,AUDCHF,BUY,0.5651,0.62,75.0,89.0,1.5,1.5,20,sl,-1.0,1,0.559845,false,false,0.0,-1.1797
3814,AUDNZD,BUY,1.22462,0.5,65.0,89.0,1.5,1.5,20,sl,-1.0,5,1.215435,false,false,0.0,-1.0474
3815,CADCHF,SELL,0.57118,0.6,55.0,78.0,1.5,1.5,20,sl,-1.0,15,0.576321,false,false,0.8462,-0.3346
3816,CHFJPY,BUY,199.76416,0.58,65.0,78.0,1.5,1.5,20,expired,0.462,20,200.567169,false,false,1.0406,-0.6033
3817,EURAUD,SELL,1.63365,0.52,68.0,78.0,1.5,1.5,20,sl,-1.0,1,1.646392,false,false,0.0,-0.7149
3818,EURCHF,SELL,0.9242,0.37,45.0,67.0,1.5,1.5,20,expired,-0.0819,20,0.92462,false,false,0.8988,-0.0624
3819,EURJPY,BUY,184.62199,0.52,55.0,67.0,1.5,1.5,20,sl,-1.0,1,183.181938,false,false,0.0,-1.0062
3820,EURUSD,SELL,1.14271,0.61,75.0,89.0,1.5,1.5,20,expired,0.0858,20,1.141813,false,false,0.409,-0.1078
3821,GBPAUD,SELL,1.8935,0.63,68.0,78.0,1.5,1.5,20,sl,-1.0,1,1.911394,false,false,0.0,-0.6527
3822,GBPCHF,BUY,1.07136,0.46,65.0,89.0,1.5,1.5,20,tp,1.5,11,1.082449,false,false,1.5895,-0.698
3823,GBPNZD,BUY,2.31915,0.59,65.0,78.0,1.5,1.5,20,tp,1.5,9,2.349937,false,false,1.5138,0.0
3824,NZDCAD,BUY,0.80848,0.66,55.0,67.0,1.5,1.5,20,sl,-1.0,3,0.800476,false,false,0.0,-1.1594
3825,NZDUSD,SELL,0.57117,0.9,65.0,78.0,1.5,1.5,20,sl,-1.0,13,0.578881,false,false,0.694,-0.6161
3826,USDCAD,BUY,1.41584,0.46,75.0,89.0,1.5,1.5,20,sl,-1.0,15,1.406071,false,false,0.9151,-1.1372
3827,USDJPY,BUY,161.57001,0.3,55.0,78.0,1.5,1.5,20,tp,1.5,6,162.660608,false,false,1.7412,-0.0536
3828,AUDCAD,BUY,0.98253,0.7,55.0,78.0,1.5,1.5,20,expired,0.4614,20,0.98729,false,false,0.6078,-0.6039
3829,AUDJPY,BUY,111.704,0.72,55.0,67.0,1.5,1.5,20,tp,1.5,16,113.595001,false,true,1.7871,-0.4418
3830,AUDNZD,BUY,1.22082,0.5,65.0,89.0,1.5,1.5,20,sl,-1.0,11,1.211664,false,false,0.2971,-1.6983
3831,CADCHF,SELL,0.56975,0.58,55.0,78.0,1.5,1.5,20,sl,-1.1923,14,0.57566,false,true,0.5891,-0.6355
3832,CHFJPY,BUY,199.5567,0.58,65.0,78.0,1.5,1.5,20,expired,0.7155,20,200.798996,false,false,1.1612,-0.3695
3833,EURCAD,BUY,1.61679,0.47,55.0,78.0,1.5,1.5,20,sl,-1.0,14,1.605392,false,false,0.8571,-1.0309
3834,EURGBP,SELL,0.86204,0.32,55.0,89.0,1.5,1.5,20,tp,1.5,6,0.855833,false,false,1.1359,0.0
3835,EURJPY,BUY,183.882,0.56,55.0,67.0,1.5,1.5,20,expired,1.4146,20,186.067001,false,false,1.491,-0.27
3836,EURUSD,SELL,1.13795,0.65,75.0,89.0,1.5,1.5,20,expired,-0.2191,20,1.140381,false,false,0.0,-0.5307
3837,GBPCAD,BUY,1.87534,0.47,65.0,89.0,1.5,1.5,20,tp,1.5,6,1.895172,false,false,1.6058,-0.2526
3838,GBPJPY,BUY,213.3,0.63,55.0,78.0,1.5,1.5,20,tp,1.5,8,216.323528,false,false,1.8053,-0.2446
3839,GBPNZD,BUY,2.33018,0.59,65.0,78.0,1.5,1.5,20,sl,-1.0,14,2.309558,false,false,1.126,-1.4926
3840,NZDCAD,BUY,0.80468,0.68,55.0,67.0,1.5,1.5,20,tp,1.5,12,0.816992,false,false,1.713,-0.6677
3841,NZDUSD,SELL,0.56647,0.94,75.0,89.0,1.5,1.5,20,sl,-1.0,11,0.574457,false,false,0.0815,-0.6462
3842,USDCHF,BUY,0.80971,0.68,75.0,89.0,1.5,1.5,20,sl,-1.0,6,0.801451,false,false,0.4516,-1.0558
3843,XAUUSD,SELL,4005.69995,2.74,50.0,100.0,1.5,1.5,20,sl,-1.0,7,4170.334218,false,false,0.0,-0.4574
3844,AUDCAD,BUY,0.98181,0.67,55.0,67.0,1.5,1.5,20,expired,0.2534,20,0.98431,false,false,0.7084,-0.5584
3845,AUDJPY,BUY,111.592,0.68,55.0,67.0,1.5,1.5,20,tp,1.5,14,113.299358,false,false,1.6833,-0.3699
3846,AUDUSD,BUY,0.69,0.77,65.0,78.0,1.5,1.5,20,tp,1.5,18,0.701954,false,false,1.6187,-0.4304
3847,CADJPY,BUY,113.638,0.46,65.0,78.0,1.5,1.5,20,tp,1.5,12,114.814153,false,false,1.5381,-0.3303
3848,CHFJPY,BUY,199.033,0.55,65.0,78.0,1.5,1.5,20,tp,1.5,3,201.496033,false,false,1.5146,0.0
3849,EURCAD,BUY,1.61602,0.45,55.0,78.0,1.5,1.5,20,sl,-1.0,13,1.605112,false,false,0.9662,-1.0066
3850,EURGBP,SELL,0.86245,0.32,55.0,89.0,1.5,1.5,20,tp,1.5,5,0.85624,false,false,1.2344,0.0
3851,EURNZD,SELL,2.0115,0.5,55.0,67.0,1.5,1.5,20,tp,1.5,10,1.988871,false,false,0.8776,-0.2121
3852,GBPAUD,SELL,1.90816,0.64,55.0,67.0,1.5,1.5,20,sl,-1.0,3,1.926478,false,false,0.0,-0.3909
3853,GBPCAD,BUY,1.87359,0.45,60.0,78.0,1.5,1.5,20,tp,1.5,5,1.89256,false,false,1.8171,-0.1257
3854,GBPJPY,BUY,212.948,0.6,55.0,67.0,1.5,1.5,20,tp,1.5,5,215.830002,false,true,1.6238,0.0
3855,GBPUSD,SELL,1.31666,0.68,75.0,89.0,1.5,1.5,20,sl,-1.0,5,1.33009,false,false,0.0,-0.8118
3856,NZDJPY,BUY,91.285,0.75,55.0,67.0,1.5,1.5,20,tp,1.5,10,92.860001,false,true,2.1345,-0.2678
3857,NZDUSD,SELL,0.56446,0.88,75.0,89.0,1.5,1.5,20,sl,-1.0,6,0.571911,false,false,0.0,-0.6201
3858,USDCHF,BUY,0.81258,0.64,75.0,89.0,1.5,1.5,20,sl,-1.0,5,0.804779,false,false,0.0,-1.4858
3859,XAUUSD,SELL,4069.69995,2.72,50.0,100.0,1.5,1.5,20,sl,-1.0,16,4235.743708,false,false,0.2457,-0.3126
3860,AUDCHF,BUY,0.55932,0.65,55.0,78.0,1.5,1.5,20,tp,1.5,16,0.5675,false,false,1.5726,-0.8472
3861,AUDNZD,BUY,1.22282,0.49,65.0,89.0,1.5,1.5,20,sl,-1.0,3,1.213832,false,false,0.0,-1.0926
3862,AUDUSD,BUY,0.69005,0.71,65.0,78.0,1.5,1.5,20,tp,1.5,14,0.701074,false,false,1.5213,-0.4735
3863,CADJPY,BUY,113.93,0.46,65.0,78.0,1.5,1.5,20,tp,1.5,12,115.109176,false,false,1.7173,-0.7009
3864,EURAUD,SELL,1.64645,0.53,55.0,78.0,1.5,1.5,20,sl,-1.0,1,1.659539,false,false,0.0,-0.3728
3865,EURCHF,SELL,0.92102,0.35,65.0,89.0,1.5,1.5,20,sl,-1.0,11,0.925855,false,false,0.2957,-0.3268
3866,EURGBP,SELL,0.86133,0.33,55.0,89.0,1.5,1.5,20,tp,1.5,4,0.854935,false,false,0.9358,0.0
3867,EURNZD,SELL,2.01329,0.5,55.0,67.0,1.5,1.5,20,tp,1.5,9,1.99064,false,false,0.9954,-0.0934
3868,GBPAUD,SELL,1.91097,0.63,55.0,67.0,1.5,1.5,20,sl,-1.0,4,1.929029,false,false,0.0,-0.8018
3869,GBPCHF,BUY,1.06902,0.42,65.0,89.0,1.5,1.5,20,tp,1.5,7,1.079122,false,false,1.6437,-0.1515
3870,GBPNZD,BUY,2.33674,0.56,65.0,78.0,1.5,1.5,20,sl,-1.0,11,2.317111,false,false,0.8488,-1.1534
3871,GBPUSD,SELL,1.31879,0.64,75.0,100.0,1.5,1.5,20,sl,-1.0,4,1.33145,false,false,0.0,-0.6929
3872,NZDJPY,BUY,91.276,0.7,55.0,67.0,1.5,1.5,20,tp,1.5,8,92.713597,false,false,1.5651,-0.1889
3873,USDCAD,BUY,1.42006,0.47,75.0,89.0,1.5,1.5,20,sl,-1.0,12,1.410049,false,false,0.4555,-1.5313
3874,USDJPY,BUY,161.80499,0.29,65.0,89.0,1.5,1.5,20,sl,-1.0,4,161.101138,false,false,1.4648,-1.587
3875,XAUUSD,SELL,4051.80005,2.55,60.0,100.0,1.5,1.5,20,sl,-1.0,15,4206.781402,false,false,0.1478,-0.4504
3876,AUDCHF,BUY,0.55857,0.66,55.0,78.0,1.5,1.5,20,tp,1.5,13,0.566865,false,false,1.5018,-0.6998
3877,AUDNZD,BUY,1.22254,0.47,65.0,89.0,1.5,1.5,20,sl,-1.0,2,1.213921,false,false,0.0,-1.1069
3878,CADCHF,SELL,0.5708,0.52,55.0,78.0,1.5,1.5,20,sl,-1.0916,11,0.57566,false,true,0.8917,-0.4717
3879,CHFJPY,BUY,199.71378,0.51,65.0,89.0,1.5,1.5,20,expired,0.4577,20,200.412994,false,false,1.2167,-0.314
3880,EURAUD,SELL,1.65093,0.54,55.0,67.0,1.5,1.5,20,tp,1.5,15,1.630871,false,false,0.9714,0.0
3881,EURCHF,SELL,0.92224,0.34,45.0,78.0,1.5,1.5,20,sl,-1.0716,11,0.92728,false,true,0.5634,-0.2743
3882,EURJPY,BUY,184.19,0.51,55.0,78.0,1.5,1.5,20,tp,1.5,18,186.30358,false,false,1.748,-0.2271
3883,EURUSD,SELL,1.13856,0.59,75.0,100.0,1.5,1.5,20,expired,-0.093,20,1.139497,false,false,0.0,-0.5238
3884,GBPAUD,SELL,1.91354,0.63,55.0,67.0,1.5,1.5,20,sl,-1.0,3,1.931623,false,false,0.0,-0.6586
3885,GBPCHF,BUY,1.0689,0.4,65.0,89.0,1.5,1.5,20,tp,1.5,6,1.07852,false,false,1.7448,0.0
3886,GBPNZD,BUY,2.33953,0.55,65.0,78.0,1.5,1.5,20,sl,-1.0,10,2.320229,false,false,0.7186,-1.3175
3887,NZDCAD,BUY,0.80019,0.6,55.0,67.0,1.5,1.5,20,tp,1.5,4,0.810993,false,false,1.5273,0.0
3888,NZDUSD,SELL,0.56407,0.79,75.0,89.0,1.5,1.5,20,sl,-1.0,3,0.570754,false,false,0.0,-0.4248
3889,USDCAD,BUY,1.41898,0.46,75.0,89.0,1.5,1.5,20,sl,-1.0,11,1.409189,false,false,0.576,-1.4554
3890,USDJPY,BUY,161.787,0.28,65.0,89.0,1.5,1.5,20,tp,1.5,2,162.806258,false,false,1.5438,0.0
3891,AUDCAD,BUY,0.97793,0.62,55.0,78.0,1.5,1.5,20,expired,0.9817,20,0.986858,false,false,1.1952,-0.1572
3892,AUDJPY,BUY,111.432,0.67,55.0,67.0,1.5,1.5,20,tp,1.5,10,113.111837,false,false,1.5975,-0.2331
3893,AUDNZD,BUY,1.21789,0.45,60.0,78.0,1.5,1.5,20,sl,-1.0,7,1.209669,false,false,0.4017,-1.5351
3894,CADCHF,SELL,0.56837,0.54,65.0,89.0,1.5,1.5,20,sl,-1.0,9,0.572974,false,false,0.3345,-0.5278
3895,CHFJPY,BUY,200.43468,0.55,85.0,100.0,1.5,1.5,20,expired,-0.3566,20,199.845001,false,false,0.6882,-0.7261
3896,EURCAD,BUY,1.62269,0.47,65.0,89.0,1.5,1.5,20,sl,-1.0612,10,1.61055,false,true,0.3383,-1.5428
3897,EURGBP,SELL,0.86137,0.33,65.0,89.0,1.5,1.5,20,tp,1.5,2,0.854974,false,false,0.9452,0.0
3898,EURJPY,BUY,184.901,0.54,75.0,89.0,1.5,1.5,20,expired,0.8607,20,186.190002,false,false,1.2072,-0.6884
3899,EURUSD,SELL,1.1422,0.59,75.0,100.0,1.5,1.5,20,expired,0.5199,20,1.136945,false,false,0.2185,-0.162
3900,GBPCAD,BUY,1.88322,0.45,65.0,89.0,1.5,1.5,20,tp,1.5,5,1.90309,false,true,1.6394,-0.1967
3901,GBPJPY,BUY,214.593,0.59,75.0,89.0,1.5,1.5,20,tp,1.5,6,217.441722,false,false,1.5144,0.0
3902,GBPNZD,BUY,2.34524,0.57,65.0,78.0,1.5,1.5,20,sl,-1.0,8,2.325188,false,false,0.4069,-1.1839
3903,NZDCAD,BUY,0.80288,0.62,55.0,67.0,1.5,1.5,20,tp,1.5,7,0.81408,false,false,1.737,0.0
3904,NZDUSD,SELL,0.56513,0.81,75.0,89.0,1.5,1.5,20,sl,-1.0,3,0.571996,false,false,0.0,-0.5753
3905,USDCHF,BUY,0.8076,0.61,75.0,100.0,1.5,1.5,20,tp,1.5,19,0.818684,false,false,1.536,-0.9067
3906,XAUUSD,SELL,4018.80005,2.51,50.0,100.0,1.5,1.5,20,sl,-1.0,3,4170.107872,false,false,0.0,-0.4111
3907,AUDCAD,BUY,0.9815,0.61,60.0,78.0,1.5,1.5,20,expired,0.261,20,0.983844,false,false,0.8129,-0.6714
3908,AUDJPY,BUY,112.375,0.69,75.0,89.0,1.5,1.5,20,sl,-1.0,1,111.211919,false,false,0.0,-1.0352
3909,AUDUSD,BUY,0.6913,0.7,65.0,78.0,1.5,1.5,20,tp,1.5,14,0.702188,false,false,1.5981,-0.3802
3910,CADJPY,BUY,114.458,0.45,85.0,100.0,1.5,1.5,20,sl,-1.0,1,113.685408,false,false,0.0,-1.394
3911,CHFJPY,BUY,201.06,0.55,75.0,89.0,1.5,1.5,20,sl,-1.0213,9,199.365997,false,true,0.3091,-1.1008
3912,EURCAD,BUY,1.62122,0.47,65.0,89.0,1.5,1.5,20,sl,-1.0,9,1.60979,false,false,0.4672,-1.4156
3913,EURGBP,SELL,0.86133,0.35,55.0,89.0,1.5,1.5,20,tp,1.5,3,0.854547,false,false,0.9797,0.0
3914,EURNZD,SELL,2.01103,0.53,55.0,67.0,1.5,1.5,20,tp,1.5,6,1.987048,false,false,0.7987,0.0
3915,GBPAUD,SELL,1.91682,0.62,55.0,78.0,1.5,1.5,20,sl,-1.0,1,1.934646,false,false,0.0,-0.4841
3916,GBPCAD,BUY,1.88224,0.45,65.0,89.0,1.5,1.5,20,tp,1.5,4,1.90309,false,true,1.7174,0.0
3917,GBPJPY,BUY,215.48,0.59,65.0,89.0,1.5,1.5,20,tp,1.5,10,218.340497,false,false,1.7472,-0.3985
3918,GBPUSD,SELL,1.32507,0.63,70.0,89.0,1.5,1.5,20,sl,-1.0,1,1.337592,false,false,0.0,-0.1991
3919,NZDJPY,BUY,92.259,0.75,85.0,100.0,1.5,1.5,20,tp,1.5,8,93.815871,false,false,1.5088,-0.6686
3920,NZDUSD,SELL,0.56753,0.81,75.0,100.0,1.5,1.5,20,sl,-1.0,6,0.574425,false,false,0.0,-0.5947
3921,USDCHF,BUY,0.8087,0.62,75.0,100.0,1.5,1.5,20,sl,-1.0,1,0.801179,false,false,0.125,-1.0251
3922,XAUUSD,SELL,4015.8999,2.45,75.0,100.0,1.5,1.5,20,sl,-1.0,2,4163.484221,false,false,0.0,-0.4411
3923,AUDCHF,BUY,0.55739,0.7,55.0,78.0,1.5,1.5,20,tp,1.5,9,0.566169,false,false,1.5735,-0.2888
3924,AUDNZD,BUY,1.21411,0.47,60.0,78.0,1.5,1.5,20,sl,-1.0,5,1.205551,false,false,0.8274,-1.0328
3925,AUDUSD,BUY,0.68921,0.69,65.0,78.0,1.5,1.5,20,tp,1.5,9,0.69991,false,false,1.5547,0.0
3926,CADJPY,BUY,114.312,0.47,85.0,100.0,1.5,1.5,20,sl,-1.0,1,113.5061,false,false,0.0,-1.1577
3927,EURAUD,SELL,1.65111,0.54,55.0,78.0,1.5,1.5,20,tp,1.5,12,1.631049,false,false,0.9847,0.0
3928,EURCHF,SELL,0.92064,0.36,50.0,86.2,1.5,1.5,20,sl,-1.0,7,0.925611,false,false,0.2112,-0.3942
3929,EURGBP,SELL,0.85653,0.4,65.0,89.0,1.5,1.5,20,tp,1.5,9,0.848821,false,false,0.7803,0.0
3930,EURNZD,SELL,2.00476,0.53,53.0,72.5,1.5,1.5,20,tp,1.5,6,1.980853,false,false,1.2455,-0.0276
3931,GBPAUD,SELL,1.92691,0.66,65.0,78.0,1.5,1.5,20,expired,0.3276,20,1.92066,false,false,0.9509,-0.1143
3932,GBPCHF,BUY,1.07444,0.4,65.0,89.0,1.5,1.5,20,tp,1.5,7,1.08411,false,false,1.9607,-0.5181
3933,GBPNZD,BUY,2.3396,0.6,65.0,78.0,1.5,1.5,20,sl,-1.0,7,2.318544,false,false,0.6554,-1.211
3934,GBPUSD,SELL,1.32793,0.67,70.0,89.0,1.5,1.5,20,sl,-1.0,5,1.341276,false,false,0.0,-0.79
3935,NZDJPY,BUY,92.225,0.77,78.0,89.0,1.5,1.5,20,tp,1.5,7,93.822798,false,false,1.5021,-0.4009
3936,USDCAD,BUY,1.42173,0.45,75.0,89.0,1.5,1.5,20,sl,-1.0,8,1.412133,false,false,0.2188,-1.7715
3937,USDJPY,BUY,162.539,0.4,75.0,89.0,1.5,1.5,20,sl,-1.1638,1,161.404007,false,true,0.0,-1.9677
3938,XAUUSD,SELL,4076.3999,2.36,55.0,89.0,1.5,1.5,20,sl,-1.0,11,4220.704456,false,false,0.0,-0.3132
3939,AUDCHF,BUY,0.5563,0.69,55.0,67.0,1.5,1.5,20,tp,1.5,7,0.564937,false,false,1.531,0.0
3940,AUDNZD,BUY,1.21489,0.46,60.0,78.0,1.5,1.5,20,sl,-1.0,4,1.206507,false,false,0.7518,-1.1476
3941,CADCHF,SELL,0.5668,0.54,65.0,89.0,1.5,1.5,20,sl,-1.0,6,0.571391,false,false,0.0,-0.8713
3942,CHFJPY,BUY,200.67799,0.56,75.0,89.0,1.5,1.5,20,sl,-1.0,19,198.992295,false,false,0.5307,-2.6766
3943,EURAUD,SELL,1.6516,0.53,65.0,78.0,1.5,1.5,20,tp,1.5,11,1.631905,false,false,1.0403,0.0
3944,EURCHF,BUY,0.91864,0.37,35.0,62.5,1.5,1.5,20,tp,1.5,7,0.92728,false,true,1.7927,0.0
3945,EURJPY,BUY,184.403,0.61,55.0,78.0,1.5,1.5,20,tp,1.5,19,187.218002,false,true,1.7827,-1.324
3946,EURUSD,SELL,1.14227,0.65,70.0,78.0,1.5,1.5,20,sl,-1.0,19,1.153407,false,false,0.2046,-0.1408
3947,GBPAUD,SELL,1.92852,0.65,65.0,78.0,1.5,1.5,20,tp,1.5,17,1.900315,false,false,1.0504,-0.0303
3948,GBPCHF,BUY,1.07281,0.4,65.0,89.0,1.5,1.5,20,tp,1.5,3,1.082465,false,false,1.6002,-0.0171
3949,GBPNZD,BUY,2.34299,0.61,65.0,78.0,1.5,1.5,20,sl,-1.0,5,2.321552,false,false,0.4856,-1.0024
3950,NZDCAD,BUY,0.80759,0.61,68.0,78.0,1.5,1.5,20,tp,1.5,5,0.818674,false,false,1.5089,-0.2964
3951,NZDUSD,SELL,0.56929,0.84,70.0,78.0,1.5,1.5,20,sl,-1.0,5,0.576463,false,false,0.0,-0.9244
3952,USDCAD,BUY,1.41903,0.46,70.0,78.0,1.5,1.5,20,sl,-1.0,7,1.409239,false,false,0.4902,-1.4605
3953,USDJPY,BUY,161.44901,0.47,70.0,89.0,1.5,1.5,20,tp,1.5,13,163.167999,false,true,1.5366,-0.1379
3954,AUDCAD,BUY,0.98519,0.59,75.0,89.0,1.5,1.5,20,sl,-1.0,17,0.976471,false,false,0.414,-1.1148
3955,AUDJPY,BUY,111.99,0.73,78.0,89.0,1.5,1.5,20,tp,1.5,8,113.829436,false,false,1.5249,0.0
3956,AUDNZD,BUY,1.21657,0.44,55.0,78.0,1.5,1.5,20,sl,-1.0,3,1.208541,false,false,0.5756,-1.4073
3957,CADCHF,SELL,0.5658,0.54,65.0,89.0,1.5,1.5,20,sl,-1.0,2,0.570383,false,false,0.0,-0.611
3958,CHFJPY,BUY,200.8533,0.55,75.0,89.0,1.5,1.5,20,sl,-1.0,18,199.19626,false,false,0.3705,-2.8287
3959,EURCAD,BUY,1.62437,0.45,75.0,89.0,1.5,1.5,20,sl,-1.0,5,1.613406,false,false,0.1997,-1.1966
3960,EURGBP,SELL,0.85649,0.39,55.0,89.0,1.5,1.5,20,tp,1.5,7,0.848974,false,false,0.7923,0.0
3961,EURJPY,BUY,184.64799,0.62,75.0,89.0,1.5,1.5,20,sl,-1.0,18,182.930764,true,false,1.609,-1.4436
3962,EURUSD,SELL,1.14377,0.65,70.0,89.0,1.5,1.5,20,sl,-1.0,20,1.154922,false,false,0.3389,-0.5842
3963,GBPCAD,BUY,1.89631,0.48,65.0,89.0,1.5,1.5,20,sl,-1.0,6,1.882657,false,false,0.5676,-1.0701
3964,GBPJPY,BUY,215.57899,0.65,75.0,89.0,1.5,1.5,20,tp,1.5,7,218.731833,false,false,1.5381,0.0
3965,GBPNZD,BUY,2.34179,0.6,65.0,78.0,1.5,1.5,20,sl,-1.0,5,2.320714,false,false,0.5509,-1.3138
3966,NZDCAD,BUY,0.80966,0.58,68.0,78.0,1.5,1.5,20,tp,1.5,6,0.820226,false,false,1.6922,-0.6048
3967,NZDUSD,SELL,0.5706,0.8,70.0,78.0,1.5,1.5,20,sl,-1.0,4,0.577447,false,false,0.0,-0.7771
3968,USDCHF,BUY,0.8038,0.71,70.0,89.0,1.5,1.5,20,tp,1.5,13,0.816641,false,false,1.6331,-0.0935
3969,XAUUSD,SELL,4050.19995,2.25,65.0,100.0,1.5,1.5,20,sl,-1.0,9,4186.894198,false,false,0.0,-0.5223
3970,AUDCAD,BUY,0.98804,0.59,75.0,89.0,1.5,1.5,20,sl,-1.0,1,0.979296,false,false,0.0,-1.083
3971,AUDJPY,BUY,112.729,0.75,75.0,89.0,1.5,1.5,20,tp,1.5,14,114.631302,false,false,1.5132,-0.4297
3972,AUDUSD,BUY,0.69553,0.7,78.0,89.0,1.5,1.5,20,expired,0.5792,20,0.69976,false,false,1.2885,-0.6573
3973,CADJPY,BUY,114.081,0.52,85.0,100.0,1.5,1.5,20,tp,1.5,6,115.415748,false,false,1.6261,-0.109
3974,CHFJPY,BUY,201.31233,0.55,75.0,89.0,1.5,1.5,20,sl,-1.1719,5,199.365997,false,true,0.0933,-1.2514
3975,EURCAD,BUY,1.62546,0.45,75.0,89.0,1.5,1.5,20,sl,-1.0,4,1.614488,false,false,0.0,-1.2951
3976,EURGBP,SELL,0.85418,0.4,65.0,78.0,1.5,1.5,20,expired,-0.5424,20,0.85696,false,false,0.9639,-0.3883
3977,EURNZD,BUY,2.00675,0.49,60.0,78.0,1.5,1.5,20,sl,-1.0,2,1.992,false,false,0.1749,-1.4441
3978,GBPAUD,SELL,1.92568,0.63,65.0,78.0,1.5,1.5,20,expired,0.3819,20,1.91873,false,false,0.9292,-0.1874
3979,GBPCAD,BUY,1.90277,0.49,65.0,78.0,1.5,1.5,20,sl,-1.0,1,1.888785,false,false,0.0,-1.0776
3980,GBPJPY,BUY,217.10201,0.67,65.0,89.0,1.5,1.5,20,sl,-1.0,17,214.920135,false,false,1.1064,-2.1404
3981,GBPUSD,SELL,1.33979,0.68,65.0,89.0,1.5,1.5,20,sl,-1.0334,7,1.353913,false,true,0.1462,-0.6061
3982,NZDJPY,BUY,92.398,0.74,78.0,89.0,1.5,1.5,20,tp,1.5,5,93.936427,false,false,1.9452,-0.3062
3983,NZDUSD,SELL,0.57016,0.79,70.0,78.0,1.5,1.5,20,sl,-1.0,3,0.576916,false,false,0.0,-0.8526
3984,USDCHF,BUY,0.80508,0.71,70.0,89.0,1.5,1.5,20,tp,1.5,13,0.817941,false,false,1.5628,-0.2426
3985,XAUUSD,SELL,4070.80005,2.19,60.0,89.0,1.5,1.5,20,sl,-1.0,8,4204.525832,false,false,0.0,-0.3799
3986,AUDCHF,BUY,0.55993,0.7,75.0,89.0,1.5,1.5,20,tp,1.5,9,0.568749,false,false,1.6114,-0.2602
3987,AUDNZD,BUY,1.21947,0.44,65.0,89.0,1.5,1.5,20,sl,-1.0,1,1.211421,false,false,0.0,-1.7643
3988,AUDUSD,BUY,0.69226,0.69,78.0,89.0,1.5,1.5,20,tp,1.5,17,0.703007,false,false,1.6916,-0.1242
3989,CADJPY,BUY,114.296,0.51,65.0,89.0,1.5,1.5,20,tp,1.5,6,115.607547,false,false,1.7704,-0.3568
3990,EURAUD,SELL,1.647,0.52,85.0,100.0,1.5,1.5,20,tp,1.5,8,1.62773,false,false,0.7052,0.0
3991,EURCHF,BUY,0.9222,0.37,65.0,89.0,1.5,1.5,20,tp,1.5,11,0.929877,false,false,1.8112,-0.4103
3992,EURGBP,SELL,0.85423,0.4,65.0,78.0,1.5,1.5,20,expired,-0.6087,20,0.85735,false,false,0.9736,-0.4741
3993,EURNZD,BUY,2.00873,0.51,60.0,78.0,1.5,1.5,20,sl,-1.0,1,1.993363,false,false,0.0,-1.515
3994,GBPAUD,SELL,1.92793,0.61,65.0,78.0,1.5,1.5,20,tp,1.5,13,1.901469,false,false,1.0646,-0.0658
3995,GBPCHF,BUY,1.07962,0.45,75.0,89.0,1.5,1.5,20,tp,1.5,6,1.090551,false,false,1.6988,0.0
3996,GBPNZD,BUY,2.35124,0.62,75.0,89.0,1.5,1.5,20,sl,-1.0,1,2.329373,false,false,0.0,-1.104
3997,GBPUSD,SELL,1.33489,0.61,55.0,78.0,1.5,1.5,20,sl,-1.0,5,1.347104,false,false,0.0,-0.4285
3998,NZDJPY,BUY,92.117,0.73,85.0,100.0,1.5,1.5,20,tp,1.5,3,93.630022,false,false,1.6933,0.0
3999,USDCAD,BUY,1.42035,0.41,70.0,89.0,1.5,1.5,20,sl,-1.0,4,1.411615,false,false,0.0,-1.7882
4000,USDJPY,BUY,162.36301,0.49,75.0,89.0,1.5,1.5,20,sl,-1.0,16,161.169642,false,false,1.3541,-3.6611
4001,AUDCAD,BUY,0.98271,0.61,68.0,78.0,1.5,1.5,20,expired,0.6495,20,0.98855,false,false,1.0899,-0.8052
4002,AUDCHF,BUY,0.56049,0.65,75.0,89.0,1.5,1.5,20,tp,1.5,8,0.568687,false,false,1.6312,-0.3825
4003,AUDNZD,BUY,1.21355,0.47,55.0,78.0,1.5,1.5,20,sl,-1.011,1,1.2049,false,true,0.0,-1.4786
4004,CADCHF,SELL,0.5703,0.51,55.0,78.0,1.5,1.5,20,sl,-1.2286,3,0.57566,false,true,0.0,-0.5959
4005,CHFJPY,BUY,201.11366,0.47,65.0,89.0,1.5,1.5,20,sl,-1.2326,3,199.365997,false,true,0.1433,-1.3257
4006,EURAUD,SELL,1.64661,0.5,78.0,89.0,1.5,1.5,20,tp,1.5,7,1.628086,false,false,0.702,0.0
4007,EURCHF,BUY,0.92293,0.33,65.0,89.0,1.5,1.5,20,tp,1.5,10,0.929783,false,false,1.8693,-0.6195
4008,EURJPY,BUY,185.633,0.57,65.0,89.0,1.5,1.5,20,sl,-1.0,15,184.045838,false,false,1.1202,-2.1825
4009,EURUSD,SELL,1.1422,0.55,70.0,89.0,1.5,1.5,20,sl,-1.0,15,1.151623,false,false,0.2344,-0.1738
4010,GBPCAD,BUY,1.89688,0.48,65.0,78.0,1.5,1.5,20,sl,-1.0,3,1.883222,false,false,0.4679,-1.1115
4011,GBPCHF,BUY,1.08209,0.43,75.0,89.0,1.5,1.5,20,tp,1.5,20,1.092559,false,false,1.7623,-0.3138
4012,GBPNZD,BUY,2.34333,0.65,75.0,89.0,1.5,1.5,20,sl,-1.0,2,2.320483,false,false,0.0,-1.2794
4013,NZDCAD,BUY,0.80944,0.65,75.0,89.0,1.5,1.5,20,tp,1.5,3,0.821278,false,false,1.5383,0.0
4014,NZDUSD,SELL,0.57158,0.8,70.0,89.0,1.5,1.5,20,sl,-1.0,1,0.578439,false,false,0.0,-0.6329
4015,USDCAD,BUY,1.4167,0.39,55.0,89.0,1.5,1.5,20,sl,-1.0,3,1.408412,false,false,0.0748,-1.4443
4016,USDJPY,BUY,162.539,0.47,75.0,100.0,1.5,1.5,20,sl,-1.0,1,161.3931,false,false,0.0,-1.0882
4017,AUDCAD,BUY,0.9836,0.6,68.0,78.0,1.5,1.5,20,expired,0.218,20,0.98553,false,false,1.0065,-0.9184
4018,AUDJPY,BUY,112.722,0.73,75.0,89.0,1.5,1.5,20,tp,1.5,11,114.573459,false,false,1.5604,-0.3921
4019,AUDUSD,BUY,0.69444,0.69,78.0,89.0,1.5,1.5,20,tp,1.5,18,0.705221,false,false,1.6779,-0.4272
4020,CADCHF,SELL,0.56923,0.52,55.0,78.0,1.5,1.5,20,sl,-1.0,1,0.57367,false,false,0.0,-0.3536
4021,CHFJPY,BUY,201.27499,0.48,65.0,89.0,1.5,1.5,20,sl,-1.0,1,199.82581,false,false,0.0,-1.0619
4022,EURCAD,BUY,1.61959,0.43,55.0,78.0,1.5,1.5,20,sl,-1.0,2,1.609144,false,false,0.0,-1.3928
4023,EURGBP,SELL,0.85232,0.37,55.0,78.0,1.5,1.5,20,sl,-1.0,13,0.85705,false,false,0.6511,-0.8139
4024,EURJPY,BUY,185.629,0.58,75.0,89.0,1.5,1.5,20,sl,-1.0,14,184.014028,false,false,1.1034,-2.1424
4025,EURUSD,SELL,1.14334,0.55,65.0,89.0,1.5,1.5,20,sl,-1.0,14,1.152773,false,false,0.3551,-0.0528
4026,GBPCAD,BUY,1.90009,0.46,75.0,89.0,1.5,1.5,20,sl,-1.0,2,1.886979,false,false,0.0,-1.4027
4027,GBPJPY,BUY,217.778,0.59,65.0,78.0,1.5,1.5,20,sl,-1.0,14,215.850665,false,false,0.9018,-2.7738
4028,GBPUSD,SELL,1.34156,0.56,55.0,67.0,1.5,1.5,20,sl,-1.0962,4,1.353913,false,true,0.0366,-0.5779
4029,NZDCAD,BUY,0.81609,0.7,75.0,89.0,1.5,1.5,20,expired,0.7083,20,0.822159,false,false,1.4669,-0.4656
4030,NZDUSD,SELL,0.57623,0.84,65.0,89.0,1.5,1.5,20,sl,-1.0,2,0.58349,false,false,0.0,0.0
4031,USDCHF,BUY,0.80654,0.6,65.0,89.0,1.5,1.5,20,tp,1.5,9,0.817428,false,false,1.5485,-0.2879
4032,XAUUSD,SELL,4036.30005,2.12,65.0,100.0,1.5,1.5,20,sl,-1.0,2,4164.654392,false,false,0.0,-0.3124
4033,AUDCAD,BUY,0.98321,0.56,68.0,78.0,1.5,1.5,20,expired,0.2614,20,0.985369,false,false,1.1261,-0.9372
4034,AUDJPY,BUY,112.37,0.69,75.0,89.0,1.5,1.5,20,tp,1.5,6,114.114544,false,false,1.6474,-0.0731
4035,AUDUSD,BUY,0.69422,0.63,85.0,100.0,1.5,1.5,20,tp,1.5,14,0.704061,false,false,1.5487,-0.4345
4036,CADJPY,BUY,114.278,0.53,75.0,89.0,1.5,1.5,20,tp,1.5,3,115.640765,false,false,1.7237,0.0
4037,EURAUD,SELL,1.64271,0.48,85.0,100.0,1.5,1.5,20,expired,0.5665,20,1.63601,false,false,1.0306,0.0
4038,EURCAD,BUY,1.61515,0.42,55.0,78.0,1.5,1.5,20,sl,-1.0,2,1.604975,false,false,0.0,-1.0663
4039,EURGBP,SELL,0.8519,0.33,65.0,89.0,1.5,1.5,20,sl,-1.0,11,0.856117,false,false,0.6308,-0.6166
4040,EURNZD,BUY,1.98038,0.59,55.0,67.0,1.5,1.5,20,sl,-1.0,1,1.962854,false,false,0.0,-1.0829
4041,GBPAUD,SELL,1.92812,0.51,65.0,78.0,1.5,1.5,20,tp,1.5,9,1.905995,false,false,1.1783,0.0
4042,GBPCAD,BUY,1.8957,0.47,75.0,100.0,1.5,1.5,20,sl,-1.0,1,1.882335,false,false,0.0,-1.0475
4043,GBPJPY,BUY,216.69901,0.59,65.0,89.0,1.5,1.5,20,sl,-1.0,13,214.781224,false,false,1.4689,-2.225
4044,GBPUSD,SELL,1.33869,0.55,55.0,67.0,1.5,1.5,20,sl,-1.0,2,1.349734,false,false,0.0,0.0
4045,NZDJPY,BUY,93.2,0.78,65.0,89.0,1.5,1.5,20,tp,1.5,3,94.83566,false,false,1.7122,0.0
4046,USDCAD,BUY,1.41634,0.39,55.0,89.0,1.5,1.5,20,sl,-1.0,1,1.408054,false,false,0.0,-1.4012
4047,USDCHF,BUY,0.80936,0.63,85.0,100.0,1.5,1.5,20,expired,-0.1556,20,0.80817,false,false,1.4526,-0.6459
4048,XAUUSD,SELL,4100.1001,2.14,55.0,89.0,1.5,1.5,20,sl,-1.0,4,4231.713313,false,false,0.0,-0.1634
4049,AUDCHF,BUY,0.56357,0.58,65.0,89.0,1.5,1.5,20,tp,1.5,7,0.570925,false,false,1.5562,-0.4018
4050,AUDNZD,BUY,1.20041,0.57,55.0,67.0,1.5,1.5,20,expired,-0.2114,20,1.19824,false,false,1.1322,-0.9266
4051,AUDUSD,BUY,0.69182,0.6,65.0,89.0,1.5,1.5,20,tp,1.5,2,0.70116,false,false,1.5113,0.0
4052,CADJPY,BUY,114.765,0.56,65.0,89.0,1.5,1.5,20,tp,1.5,7,116.211039,false,false,1.7759,0.0
4053,EURAUD,SELL,1.64524,0.46,85.0,100.0,1.5,1.5,20,tp,1.5,4,1.628212,false,false,0.643,0.0
4054,EURCHF,BUY,0.9272,0.32,55.0,89.0,1.5,1.5,20,sl,-1.0,1,0.922749,false,false,0.0,-1.1437
4055,EURJPY,BUY,184.875,0.55,60.0,78.0,1.5,1.5,20,tp,1.5,12,187.218002,false,true,1.6627,-1.7742
4056,EURNZD,BUY,1.97493,0.62,55.0,67.0,1.5,1.5,20,sl,-1.0,2,1.956563,false,false,0.0,-1.1014
4057,GBPAUD,SELL,1.92932,0.48,65.0,78.0,1.5,1.5,20,tp,1.5,5,1.908483,false,false,0.73,0.0
4058,GBPCHF,BUY,1.08739,0.41,75.0,89.0,1.5,1.5,20,expired,0.9929,20,1.09403,false,false,1.3249,-0.9092
4059,GBPNZD,BUY,2.31601,0.64,55.0,78.0,1.5,1.5,20,sl,-1.0,5,2.293776,false,false,0.0508,-1.2733
4060,GBPUSD,SELL,1.33479,0.55,68.0,78.0,1.5,1.5,20,sl,-1.0,1,1.345802,false,false,0.0,-0.3149
4061,NZDJPY,BUY,93.576,0.78,65.0,78.0,1.5,1.5,20,tp,1.5,5,95.218259,false,false,1.6834,0.0
4062,USDCAD,BUY,1.41494,0.4,65.0,78.0,1.5,1.5,20,sl,-1.1355,1,1.4053,false,true,0.0,-1.3145
4063,USDJPY,BUY,162.429,0.51,75.0,100.0,1.5,1.5,20,sl,-1.0,12,161.186418,false,false,1.2474,-3.5692
4064,AUDCAD,BUY,0.98024,0.52,55.0,78.0,1.5,1.5,20,tp,1.5,15,0.991709,false,false,1.6048,-0.6239
4065,AUDCHF,BUY,0.56439,0.59,65.0,89.0,1.5,1.5,20,tp,1.5,8,0.571882,false,false,1.6557,-0.5586
4066,AUDNZD,BUY,1.20004,0.57,55.0,67.0,1.5,1.5,20,expired,0.1296,20,1.20137,false,false,1.1686,-0.8908
4067,CADCHF,SELL,0.57571,0.61,55.0,67.0,1.5,1.5,20,sl,-1.0,9,0.580978,false,false,0.0,-0.6625
4068,CHFJPY,BUY,200.45273,0.56,60.0,78.0,1.5,1.5,20,sl,-1.0,11,198.768927,false,false,0.5941,-2.5459
4069,EURAUD,SELL,1.63755,0.48,75.0,100.0,1.5,1.5,20,sl,-1.0,13,1.64934,false,false,0.5963,-0.2248
4070,EURCHF,BUY,0.92429,0.35,65.0,89.0,1.5,1.5,20,tp,1.5,9,0.93158,false,true,1.5951,-0.3895
4071,EURJPY,BUY,185.28999,0.55,65.0,89.0,1.5,1.5,20,sl,-1.0,11,183.761348,false,false,1.3875,-2.0417
4072,EURUSD,SELL,1.14247,0.53,65.0,78.0,1.5,1.5,20,sl,-1.0,11,1.151553,false,false,0.2729,-0.1506
4073,GBPCAD,BUY,1.88243,0.54,70.0,89.0,1.5,1.5,20,expired,-0.139,20,1.88031,false,false,1.2769,-0.7496
4074,GBPCHF,BUY,1.08378,0.44,75.0,89.0,1.5,1.5,20,tp,1.5,18,1.094509,false,false,1.5588,-0.3453
4075,GBPNZD,BUY,2.30452,0.66,55.0,67.0,1.5,1.5,20,expired,-0.3055,20,2.29755,false,false,0.5532,-0.9915
4076,NZDCAD,BUY,0.81669,0.68,65.0,78.0,1.5,1.5,20,expired,0.1957,20,0.81832,false,false,1.4369,-0.551
4077,NZDUSD,SELL,0.58135,0.87,65.0,78.0,1.5,1.5,20,sl,-1.106,13,0.589741,false,true,0.2401,-0.6471
4078,USDCAD,BUY,1.40515,0.43,65.0,78.0,1.5,1.5,20,sl,-1.0,17,1.396087,false,false,0.8408,-1.3759
4079,USDJPY,BUY,162.187,0.52,75.0,89.0,1.5,1.5,20,sl,-1.0,11,160.921941,false,false,1.4165,-3.3145
4080,AUDCAD,BUY,0.9835,0.51,65.0,89.0,1.5,1.5,20,sl,-1.0,9,0.975976,false,false,0.6885,-1.0673
4081,AUDJPY,BUY,113.546,0.69,65.0,89.0,1.5,1.5,20,sl,-1.0,10,112.370799,false,false,0.9377,-2.2183
4082,AUDUSD,BUY,0.70081,0.64,75.0,100.0,1.5,1.5,20,sl,-1.0,9,0.694082,false,false,0.3107,-1.2501
4083,CADCHF,SELL,0.57322,0.64,55.0,78.0,1.5,1.5,20,sl,-1.0,5,0.578723,false,false,0.0,-0.7778
4084,CHFJPY,BUY,201.39424,0.54,65.0,89.0,1.5,1.5,20,sl,-1.0,8,199.762947,false,false,0.0021,-1.0168
4085,EURCAD,BUY,1.6093,0.45,55.0,78.0,1.5,1.5,20,expired,-0.2301,20,1.6068,false,false,1.4186,-0.8304
4086,EURGBP,SELL,0.84694,0.4,75.0,89.0,1.5,1.5,20,sl,-1.0,3,0.852022,false,false,0.0,-0.4054
4087,EURJPY,BUY,185.881,0.53,65.0,89.0,1.5,1.5,20,sl,-1.0,10,184.403246,false,false,1.0354,-2.5119
4088,EURUSD,SELL,1.14703,0.51,65.0,78.0,1.5,1.5,20,sl,-1.0,14,1.155805,false,false,0.8022,-0.652
4089,GBPCAD,BUY,1.9005,0.59,75.0,100.0,1.5,1.5,20,sl,-1.0,1,1.883681,false,false,0.0,-1.069
4090,GBPJPY,BUY,219.38699,0.64,65.0,78.0,1.5,1.5,20,sl,-1.0,9,217.280875,false,false,0.0,-1.046
4091,GBPUSD,SELL,1.35413,0.63,55.0,67.0,1.5,1.5,20,tp,1.5,5,1.334935,false,false,1.1577,0.0
4092,NZDCAD,BUY,0.8206,0.69,65.0,78.0,1.5,1.5,20,sl,-1.0,5,0.812107,false,false,0.6894,-1.0008
4093,NZDUSD,SELL,0.58478,0.88,55.0,67.0,1.5,1.5,20,expired,-0.1725,20,0.586112,false,false,0.6803,-0.4158
4094,USDCHF,BUY,0.80466,0.69,65.0,89.0,1.5,1.5,20,tp,1.5,5,0.817152,false,false,1.5754,0.0
4095,XAUUSD,SELL,4152.6001,1.99,45.0,78.0,1.5,1.5,20,sl,-1.0,1,4276.555213,false,false,0.0,0.0
4096,AUDCAD,BUY,0.98245,0.53,60.0,78.0,1.5,1.5,20,expired,0.1562,20,0.98367,false,false,1.288,-0.8937
4097,AUDJPY,BUY,113.619,0.7,65.0,89.0,1.5,1.5,20,sl,-1.0,9,112.426001,false,false,0.8625,-2.2464
4098,AUDUSD,BUY,0.69994,0.66,65.0,89.0,1.5,1.5,20,sl,-1.0,8,0.693011,false,false,0.4272,-1.0881
4099,CADJPY,BUY,115.657,0.59,65.0,89.0,1.5,1.5,20,sl,-1.0,9,114.633436,false,false,0.8011,-2.8284
4100,EURAUD,SELL,1.635,0.45,65.0,89.0,1.5,1.5,20,sl,-1.1381,9,1.64756,false,true,0.4059,-0.4712
4101,EURCAD,BUY,1.60646,0.44,55.0,78.0,1.5,1.5,20,tp,1.5,13,1.622364,false,false,1.7213,-0.5829
4102,EURGBP,SELL,0.84919,0.41,75.0,89.0,1.5,1.5,20,sl,-1.0,4,0.854413,false,false,0.0,-0.6912
4103,EURNZD,SELL,1.95909,0.64,75.0,89.0,1.5,1.5,20,expired,-0.5865,20,1.97012,false,false,0.0771,-0.4163
4104,GBPAUD,SELL,1.92515,0.5,85.0,100.0,1.5,1.5,20,tp,1.5,6,1.903492,false,false,1.1081,0.0
4105,GBPCAD,BUY,1.89139,0.62,70.0,89.0,1.5,1.5,20,sl,-1.0,5,1.8738,false,false,0.0904,-1.0114
4106,GBPJPY,BUY,218.82001,0.65,75.0,89.0,1.5,1.5,20,sl,-1.0,9,216.686515,false,false,0.0023,-2.9941
4107,GBPUSD,SELL,1.34789,0.65,55.0,67.0,1.5,1.5,20,tp,1.5,7,1.328177,false,false,1.2765,0.0
4108,NZDJPY,BUY,94.834,0.85,65.0,78.0,1.5,1.5,20,sl,-1.0,9,93.624866,false,false,0.4838,-1.6954
4109,USDCAD,BUY,1.4037,0.42,65.0,78.0,1.5,1.5,20,sl,-1.0,15,1.394857,false,false,1.0256,-1.2461
4110,USDCHF,BUY,0.80831,0.7,75.0,89.0,1.5,1.5,20,expired,0.6846,20,0.81412,false,false,1.4327,-0.4583
4111,XAUUSD,SELL,4305.2002,2.1,50.0,77.0,1.5,1.5,20,sl,-1.0,3,4440.814006,false,false,0.0,-0.5066
4112,AUDCHF,BUY,0.5642,0.6,65.0,78.0,1.5,1.5,20,tp,1.5,5,0.571817,false,false,1.6661,0.0
4113,AUDNZD,BUY,1.19506,0.58,65.0,78.0,1.5,1.5,20,tp,1.5,6,1.21096,false,true,1.6322,-0.227
4114,AUDUSD,BUY,0.69791,0.63,65.0,89.0,1.5,1.5,20,tp,1.5,17,0.707803,false,false,1.6937,-0.8355
4115,CADJPY,BUY,115.918,0.58,65.0,78.0,1.5,1.5,20,sl,-1.0,8,114.909513,false,false,0.5543,-3.1294
4116,EURAUD,SELL,1.63733,0.44,65.0,78.0,1.5,1.5,20,sl,-1.0,8,1.648136,false,false,0.6302,-0.2656
4117,EURCHF,BUY,0.92384,0.36,65.0,89.0,1.5,1.5,20,tp,1.5,3,0.931323,false,false,1.5294,0.0
4118,EURJPY,BUY,185.70799,0.46,65.0,89.0,1.5,1.5,20,sl,-1.0,8,184.426605,false,false,1.329,-2.7618
4119,EURNZD,SELL,1.95674,0.63,75.0,89.0,1.5,1.5,20,sl,-1.0037,8,1.9753,false,true,0.0,-0.5505
4120,GBPAUD,SELL,1.92628,0.49,85.0,100.0,1.5,1.5,20,tp,1.5,4,1.905043,false,false,1.0976,0.0
4121,GBPCHF,BUY,1.08693,0.49,75.0,89.0,1.5,1.5,20,tp,1.5,19,1.098913,false,false,1.7061,-0.7035
4122,GBPNZD,BUY,2.30219,0.68,55.0,67.0,1.5,1.5,20,expired,-0.1171,20,2.29944,false,false,0.5315,-0.8641
4123,GBPUSD,SELL,1.34463,0.65,55.0,67.0,1.5,1.5,20,expired,-0.7654,20,1.354665,false,false,1.0444,-0.7738
4124,NZDJPY,BUY,94.886,0.78,65.0,78.0,1.5,1.5,20,sl,-1.0,8,93.775834,false,false,0.4801,-1.8934
4125,USDCAD,BUY,1.40191,0.42,65.0,78.0,1.5,1.5,20,sl,-1.0,14,1.393078,false,false,1.2296,-1.0451
4126,USDJPY,BUY,162.51199,0.51,65.0,89.0,1.5,1.5,20,sl,-1.0,8,161.268773,false,false,1.18,-3.6341
4127,AUDCAD,BUY,0.98508,0.57,75.0,89.0,1.5,1.5,20,sl,-1.0,6,0.976658,false,false,0.4274,-1.141
4128,AUDCHF,BUY,0.56707,0.62,65.0,78.0,1.5,1.5,20,tp,1.5,18,0.57503,false,true,1.6483,-0.4646
4129,AUDNZD,BUY,1.19611,0.61,65.0,78.0,1.5,1.5,20,expired,0.6871,20,1.20363,false,false,1.4546,-0.476
4130,CADCHF,SELL,0.57559,0.62,55.0,67.0,1.5,1.5,20,sl,-1.0,5,0.580943,false,false,0.0,-0.6744
4131,CHFJPY,BUY,200.56717,0.5,55.0,78.0,1.5,1.5,20,sl,-1.0,7,199.062916,false,false,0.2346,-2.9258
4132,EURAUD,SELL,1.63042,0.45,65.0,78.0,1.5,1.5,20,sl,-1.0,6,1.641425,false,false,0.0,-0.1735
4133,EURCHF,BUY,0.92462,0.36,65.0,89.0,1.5,1.5,20,tp,1.5,6,0.93309,false,true,1.9267,0.0
4134,EURJPY,BUY,185.47301,0.45,75.0,89.0,1.5,1.5,20,sl,-1.0,7,184.221067,true,false,1.548,-2.6391
4135,EURUSD,SELL,1.14181,0.47,75.0,89.0,1.5,1.5,20,sl,-1.0,7,1.14986,false,false,0.226,-0.2145
4136,GBPCAD,BUY,1.88992,0.62,55.0,78.0,1.5,1.5,20,sl,-1.0,6,1.872344,false,false,0.0,-1.0764
4137,GBPCHF,BUY,1.08785,0.49,75.0,89.0,1.5,1.5,20,tp,1.5,18,1.099844,false,false,1.5896,-0.8179
4138,GBPNZD,BUY,2.29471,0.68,55.0,67.0,1.5,1.5,20,expired,-0.0111,20,2.29445,false,false,0.8528,-0.5473
4139,NZDCAD,BUY,0.82339,0.7,65.0,78.0,1.5,1.5,20,sl,-1.0,2,0.814744,false,false,0.0,-1.3059
4140,NZDUSD,SELL,0.58529,0.86,55.0,67.0,1.5,1.5,20,expired,-0.7021,20,0.590591,false,false,0.7631,-0.5444
4141,USDCAD,BUY,1.40713,0.44,55.0,67.0,1.5,1.5,20,sl,-1.0,13,1.397843,false,false,0.6073,-1.5559
4142,USDJPY,BUY,162.487,0.5,75.0,89.0,1.5,1.5,20,sl,-1.0,7,161.268348,false,false,1.2243,-3.6869
4143,AUDCAD,BUY,0.98729,0.56,65.0,89.0,1.5,1.5,20,sl,-1.0,5,0.978997,false,false,0.0846,-1.4253
4144,AUDJPY,BUY,114.231,0.61,65.0,78.0,1.5,1.5,20,sl,-1.0,6,113.185786,false,false,0.399,-3.1496
4145,AUDUSD,BUY,0.70008,0.62,65.0,89.0,1.5,1.5,20,sl,-1.0,5,0.693569,false,false,0.3253,-1.1796
4146,CADCHF,BUY,0.57604,0.6,65.0,89.0,1.5,1.5,20,tp,1.5,17,0.58449,false,true,1.9077,-0.5285
4147,CHFJPY,BUY,200.799,0.48,75.0,89.0,1.5,1.5,20,sl,-1.0,6,199.353247,false,false,0.0837,-3.2045
4148,EURCAD,BUY,1.6077,0.42,55.0,78.0,1.5,1.5,20,tp,1.5,10,1.622893,false,false,1.6794,-0.7326
4149,EURGBP,SELL,0.85224,0.39,60.0,89.0,1.5,1.5,20,sl,-1.0,5,0.857226,false,false,0.0,-0.7883
4150,EURJPY,BUY,186.067,0.41,65.0,89.0,1.5,1.5,20,sl,-1.0,6,184.922688,false,false,1.1745,-3.4064
4151,EURUSD,SELL,1.14038,0.43,75.0,89.0,1.5,1.5,20,sl,-1.0,6,1.147735,false,false,0.0529,-0.4292
4152,GBPCAD,BUY,1.88679,0.6,55.0,78.0,1.5,1.5,20,expired,-0.3251,20,1.88127,false,false,0.4864,-0.9299
4153,GBPJPY,BUY,218.313,0.58,75.0,100.0,1.5,1.5,20,sl,-1.0,6,216.413677,false,false,0.188,-3.0964
4154,GBPUSD,SELL,1.33792,0.63,75.0,89.0,1.5,1.5,20,sl,-1.0,12,1.350563,false,false,0.5523,-0.5735
4155,NZDCAD,BUY,0.82158,0.7,65.0,78.0,1.5,1.5,20,sl,-1.0,1,0.812953,false,false,0.0,-1.0989
4156,NZDUSD,SELL,0.58262,0.85,55.0,67.0,1.5,1.5,20,sl,-1.0,8,0.590048,false,false,0.4161,-0.4899
4157,USDCHF,BUY,0.8124,0.66,85.0,100.0,1.5,1.5,20,sl,-1.0,20,0.804357,false,false,1.0034,-1.727
4158,XAUUSD,SELL,4419.7002,2.19,45.0,67.0,1.5,1.5,20,sl,-1.0,7,4564.887352,false,false,0.0,-0.0179
4159,AUDCAD,BUY,0.98431,0.57,75.0,89.0,1.5,1.5,20,sl,-1.0,4,0.975894,false,false,0.4375,-1.0504
4160,AUDJPY,BUY,113.981,0.61,65.0,78.0,1.5,1.5,20,sl,-1.0,5,112.938074,false,false,0.6395,-2.9168
4161,AUDUSD,BUY,0.69897,0.62,65.0,89.0,1.5,1.5,20,sl,-1.0,4,0.69247,false,false,0.3201,-1.0107
4162,CADJPY,BUY,115.778,0.53,65.0,78.0,1.5,1.5,20,sl,-1.0,5,114.857565,false,false,0.7344,-3.2767
4163,EURAUD,SELL,1.63256,0.46,65.0,78.0,1.5,1.5,20,sl,-1.3316,5,1.64756,false,true,0.1811,-0.6782
4164,EURCAD,BUY,1.60708,0.41,55.0,67.0,1.5,1.5,20,tp,1.5,8,1.621905,false,false,1.5005,-0.6152
4165,EURGBP,SELL,0.85317,0.4,70.0,89.0,1.5,1.5,20,sl,-1.0,5,0.858289,false,false,0.0,-0.586
4166,EURNZD,SELL,1.96221,0.67,75.0,89.0,1.5,1.5,20,expired,-0.2257,20,1.96666,false,false,0.0,-0.2388
4167,GBPAUD,SELL,1.91335,0.51,75.0,100.0,1.5,1.5,20,expired,0.2815,20,1.90923,false,false,0.3272,-0.0581
4168,GBPCAD,BUY,1.88358,0.61,55.0,78.0,1.5,1.5,20,expired,-0.3348,20,1.87781,false,false,0.6655,-0.7299
4169,GBPJPY,BUY,218.118,0.57,75.0,100.0,1.5,1.5,20,sl,-1.0,5,216.253091,false,false,0.296,-3.0489
4170,GBPUSD,SELL,1.33752,0.63,75.0,89.0,1.5,1.5,20,sl,-1.0,11,1.35016,false,false,0.5208,-0.6053
4171,NZDJPY,BUY,94.802,0.74,75.0,89.0,1.5,1.5,20,sl,-1.0,5,93.749698,false,false,0.4685,-1.9177
4172,USDCAD,BUY,1.40855,0.41,55.0,67.0,1.5,1.5,20,sl,-1.0,10,1.399887,false,false,0.4872,-1.0932
4173,USDCHF,BUY,0.8142,0.64,75.0,100.0,1.5,1.5,20,sl,-1.0,5,0.806384,false,false,0.8022,-1.2512
4174,XAUUSD,SELL,4441.1001,2.16,50.0,77.0,1.5,1.5,20,sl,-1.0,7,4584.991743,false,false,0.0,-0.451
4175,AUDCHF,BUY,0.56909,0.6,65.0,78.0,1.5,1.5,20,tp,1.5,16,0.576773,false,false,1.6541,-0.8727
4176,AUDNZD,BUY,1.20663,0.64,78.0,89.0,1.5,1.5,20,sl,-1.0,4,1.195046,false,false,0.4662,-1.1335
4177,AUDUSD,BUY,0.69672,0.62,60.0,78.0,1.5,1.5,20,tp,1.5,8,0.706439,false,false,1.5094,-0.6667
4178,CADJPY,BUY,116.312,0.53,65.0,78.0,1.5,1.5,20,sl,-1.0,4,115.38732,false,false,0.1417,-3.8392
4179,EURAUD,SELL,1.63281,0.45,65.0,78.0,1.5,1.5,20,sl,-1.3383,4,1.64756,false,true,0.2078,-0.6705
4180,EURCHF,BUY,0.9293,0.35,55.0,78.0,1.5,1.5,20,tp,1.5,9,0.936618,false,false,1.609,-0.3648
4181,EURJPY,BUY,186.38901,0.38,55.0,89.0,1.5,1.5,20,sl,-1.0,4,185.326593,false,false,0.9619,-3.9721
4182,EURNZD,SELL,1.96985,0.67,70.0,78.0,1.5,1.5,20,expired,0.3501,20,1.96292,false,false,0.3773,0.0
4183,GBPAUD,SELL,1.91054,0.52,75.0,100.0,1.5,1.5,20,sl,-1.0,6,1.925442,false,false,0.1188,-0.2456
4184,GBPCHF,BUY,1.08735,0.46,75.0,89.0,1.5,1.5,20,tp,1.5,13,1.098604,false,false,1.5048,-0.805
4185,GBPNZD,BUY,2.3054,0.66,55.0,67.0,1.5,1.5,20,sl,-1.0,7,2.282577,false,false,0.0289,-1.0296
4186,GBPUSD,SELL,1.33127,0.65,75.0,89.0,1.5,1.5,20,sl,-1.0,4,1.34425,false,false,0.0256,-0.159
4187,NZDJPY,BUY,94.58,0.73,75.0,89.0,1.5,1.5,20,sl,-1.0,4,93.544349,false,false,0.6904,-1.7342
4188,USDCAD,BUY,1.40849,0.41,68.0,78.0,1.5,1.5,20,sl,-1.0,9,1.399828,false,false,0.4941,-1.0863
4189,USDJPY,BUY,163.832,0.39,55.0,78.0,1.5,1.5,20,sl,-1.0,4,162.873583,false,false,0.1148,-6.0913
4190,AUDCAD,BUY,0.98514,0.58,75.0,89.0,1.5,1.5,20,sl,-1.0,2,0.976569,false,false,0.2987,-1.1283
4191,AUDCHF,BUY,0.57086,0.6,65.0,78.0,1.5,1.5,20,sl,-1.0,3,0.565722,false,false,0.3795,-1.2145
4192,AUDNZD,BUY,1.20629,0.65,78.0,89.0,1.5,1.5,20,sl,-1.0,3,1.194529,false,false,0.488,-1.0875
4193,CADCHF,BUY,0.57941,0.61,75.0,89.0,1.5,1.5,20,sl,-1.0,6,0.574108,false,false,0.5263,-1.0016
4194,CHFJPY,BUY,200.41299,0.48,55.0,78.0,1.5,1.5,20,sl,-1.0,3,198.970016,false,false,0.1978,-2.9432
4195,EURAUD,SELL,1.62908,0.47,65.0,78.0,1.5,1.5,20,sl,-1.0,2,1.640565,false,false,0.0,-0.283
4196,EURCHF,BUY,0.9301,0.35,55.0,78.0,1.5,1.5,20,tp,1.5,12,0.937425,false,false,1.5974,-0.5284
4197,EURJPY,BUY,186.433,0.37,55.0,89.0,1.5,1.5,20,sl,-1.0,3,185.398297,false,false,0.9452,-4.121
4198,EURUSD,SELL,1.1395,0.44,65.0,89.0,1.5,1.5,20,sl,-1.0,3,1.147021,false,false,0.0,-0.5367
4199,GBPCAD,BUY,1.88036,0.62,55.0,67.0,1.5,1.5,20,expired,0.1475,20,1.88294,false,false,0.84,-0.5352
4200,GBPCHF,BUY,1.0897,0.45,75.0,100.0,1.5,1.5,20,sl,-1.0,3,1.082345,false,false,0.0952,-1.1406
4201,GBPNZD,BUY,2.30244,0.65,55.0,67.0,1.5,1.5,20,sl,-1.0,19,2.279991,false,false,0.5448,-1.0397
4202,NZDCAD,BUY,0.81651,0.79,60.0,78.0,1.5,1.5,20,expired,0.801,20,0.82426,false,false,1.2557,-0.4454
4203,NZDUSD,SELL,0.57985,0.9,68.0,78.0,1.5,1.5,20,sl,-1.0,3,0.587678,false,false,0.041,0.0
4204,USDCAD,BUY,1.40865,0.42,68.0,78.0,1.5,1.5,20,sl,-1.0,8,1.399776,false,false,0.4643,-1.0784
4205,USDJPY,BUY,163.61099,0.38,55.0,89.0,1.5,1.5,20,sl,-1.0,3,162.678407,false,false,0.3549,-6.023
4206,AUDCAD,BUY,0.98686,0.55,65.0,89.0,1.5,1.5,20,sl,-1.0,1,0.978718,false,false,0.0,-1.399
4207,AUDJPY,BUY,114.423,0.57,65.0,78.0,1.5,1.5,20,sl,-1.0,2,113.444683,false,false,0.0,-3.5612
4208,AUDUSD,BUY,0.69872,0.62,60.0,78.0,1.5,1.5,20,tp,1.5,11,0.708467,false,false,1.5943,-0.9726
4209,CADCHF,BUY,0.58006,0.58,75.0,89.0,1.5,1.5,20,sl,-1.0,2,0.575013,false,false,0.4241,-1.1414
4210,CHFJPY,BUY,199.845,0.48,55.0,78.0,1.5,1.5,20,sl,-1.0,2,198.406116,false,false,0.5931,-2.5568
4211,EURCAD,BUY,1.60561,0.4,55.0,67.0,1.5,1.5,20,tp,1.5,5,1.62006,false,false,1.692,-0.3021
4212,EURGBP,SELL,0.85543,0.4,65.0,89.0,1.5,1.5,20,expired,-0.0078,20,0.85547,false,false,0.1676,-0.2396
4213,EURJPY,BUY,186.19,0.38,55.0,89.0,1.5,1.5,20,sl,-1.0,2,185.128717,false,false,1.1505,-3.7888
4214,EURUSD,SELL,1.13695,0.44,65.0,89.0,1.5,1.5,20,sl,-1.3112,2,1.146789,false,true,0.0,-0.8778
4215,GBPCAD,BUY,1.87676,0.59,55.0,67.0,1.5,1.5,20,expired,0.6442,20,1.88746,false,false,1.1012,-0.3468
4216,GBPJPY,BUY,217.642,0.5,60.0,78.0,1.5,1.5,20,sl,-1.0,2,216.009685,false,false,0.6298,-3.1918
4217,GBPUSD,SELL,1.32899,0.66,75.0,89.0,1.5,1.5,20,sl,-1.0,2,1.342147,false,false,0.0,-0.3301
4218,NZDCAD,BUY,0.81473,0.77,60.0,78.0,1.5,1.5,20,expired,1.1434,20,0.82549,false,false,1.4803,-0.2689
4219,NZDUSD,SELL,0.57704,0.89,68.0,78.0,1.5,1.5,20,sl,-1.0,2,0.584743,false,false,0.0,-0.3231
4220,USDCHF,BUY,0.81928,0.64,75.0,100.0,1.5,1.5,20,sl,-1.0,2,0.811415,false,false,0.1462,-1.8894
4221,XAUUSD,SELL,4437.2998,2.25,55.0,78.0,1.5,1.5,20,sl,-1.0,4,4587.058668,false,false,0.0,-0.4587
4222,AUDCAD,BUY,0.98384,0.61,75.0,89.0,1.5,1.5,20,expired,0.8397,20,0.991399,false,false,1.3611,-0.8931
4223,AUDJPY,BUY,114.285,0.6,65.0,78.0,1.5,1.5,20,sl,-1.0,1,113.256435,false,false,0.0,-3.2531
4224,AUDUSD,BUY,0.69746,0.67,60.0,78.0,1.5,1.5,20,tp,1.5,10,0.707974,false,false,1.6578,-0.3937
4225,CADJPY,BUY,116.153,0.5,65.0,89.0,1.5,1.5,20,sl,-1.0,1,115.281852,false,false,0.3329,-3.8926
4226,EURAUD,SELL,1.63245,0.53,60.0,78.0,1.5,1.5,20,sl,-1.1643,1,1.64756,false,true,0.0,-0.5972
4227,EURCAD,BUY,1.60605,0.39,58.0,78.0,1.5,1.5,20,tp,1.5,4,1.620143,false,false,1.6881,0.0
4228,EURGBP,SELL,0.85689,0.39,45.0,67.0,1.5,1.5,20,expired,0.3052,20,0.85536,false,false,0.4628,0.0
4229,EURNZD,SELL,1.96921,0.6,70.0,89.0,1.5,1.5,20,expired,0.8876,20,1.95348,false,false,0.5953,0.0
4230,GBPAUD,SELL,1.90492,0.57,65.0,89.0,1.5,1.5,20,sl,-1.0,3,1.921207,false,false,0.0,-0.5698
4231,GBPCAD,BUY,1.874,0.58,55.0,67.0,1.5,1.5,20,expired,0.855,20,1.88794,false,false,1.2911,-0.0123
4232,GBPJPY,BUY,217.709,0.48,55.0,78.0,1.5,1.5,20,sl,-1.0,1,216.141495,false,false,0.6131,-3.3665
4233,GBPUSD,SELL,1.32873,0.63,65.0,89.0,1.5,1.5,20,sl,-1.0,1,1.341286,false,false,0.0,-0.3666
4234,NZDJPY,BUY,94.723,0.64,70.0,78.0,1.5,1.5,20,sl,-1.0,1,93.813659,false,false,0.629,-2.1323
4235,USDCAD,BUY,1.41061,0.41,75.0,89.0,1.5,1.5,20,sl,-1.0,1,1.401935,false,false,0.0,-1.2092
4236,USDCHF,BUY,0.81946,0.64,75.0,100.0,1.5,1.5,20,sl,-1.0,1,0.811593,false,false,0.0,-1.9118
4237,XAUUSD,SELL,4473.7002,2.21,55.0,78.0,1.5,1.5,20,sl,-1.0,4,4622.003362,false,false,0.0,-0.619
4238,AUDCHF,BUY,0.56605,0.69,70.0,89.0,1.5,1.5,20,tp,1.5,11,0.57503,false,true,1.6579,-0.1963
4239,AUDNZD,BUY,1.19928,0.64,65.0,89.0,1.5,1.5,20,expired,0.6911,20,1.207237,false,false,0.9355,-0.7279
4240,AUDUSD,BUY,0.69593,0.71,55.0,78.0,1.5,1.5,20,tp,1.5,6,0.707047,false,false,1.5908,0.0
4241,CADJPY,BUY,116.332,0.68,75.0,89.0,1.5,1.5,20,sl,-1.6981,1,114.317001,false,true,0.0,-2.7642
4242,EURAUD,SELL,1.64779,0.57,55.0,78.0,1.5,1.5,20,tp,1.5,12,1.626657,false,false,1.0356,0.0
4243,EURCHF,BUY,0.93271,0.39,65.0,89.0,1.5,1.5,20,tp,1.5,13,0.940895,false,false,1.5065,-0.8156
4244,EURJPY,BUY,187.254,0.52,65.0,89.0,1.5,1.5,20,sl,-1.8287,1,184.582993,false,true,0.0,-3.374
4245,EURNZD,SELL,1.9753,0.59,70.0,89.0,1.5,1.5,20,expired,0.921,20,1.9592,false,false,0.9519,0.0
4246,GBPAUD,SELL,1.92066,0.6,60.0,78.0,1.5,1.5,20,tp,1.5,20,1.89315,false,true,1.5267,0.0
4247,GBPCHF,BUY,1.08717,0.47,70.0,89.0,1.5,1.5,20,tp,1.5,11,1.098667,false,false,1.747,-0.3601
4248,GBPNZD,BUY,2.30369,0.57,68.0,78.0,1.5,1.5,20,sl,-1.0,3,2.283993,false,false,0.0,-1.1063
4249,GBPUSD,SELL,1.33673,0.69,75.0,89.0,1.5,1.5,20,sl,-1.0,6,1.350565,false,false,0.0,-0.6101
4250,NZDJPY,BUY,94.735,0.77,70.0,89.0,1.5,1.5,20,sl,-1.0,1,93.640811,false,false,0.0,-1.5838
4251,USDCAD,BUY,1.40358,0.44,55.0,67.0,1.5,1.5,20,sl,-1.0,6,1.394316,false,false,0.4717,-1.1766
4252,USDJPY,BUY,163.3,0.58,65.0,89.0,1.5,1.5,20,sl,-2.1968,1,160.179001,false,true,0.0,-3.2603
4253,AUDCAD,BUY,0.98427,0.69,75.0,89.0,1.5,1.5,20,expired,1.2025,20,0.99652,false,false,1.3262,-0.6076
4254,AUDCHF,BUY,0.56605,0.69,70.0,89.0,1.5,1.5,20,tp,1.5,10,0.57503,false,true,1.6579,-0.1963
4255,AUDNZD,BUY,1.19568,0.63,65.0,78.0,1.5,1.5,20,expired,1.1178,20,1.20831,false,false,1.4364,-0.423
4256,CADCHF,BUY,0.5747,0.62,70.0,89.0,1.5,1.5,20,tp,1.5,8,0.582717,false,false,1.6427,-0.2619
4257,CHFJPY,BUY,198.752,0.71,65.0,89.0,1.5,1.5,20,sl,-1.62,1,195.322998,false,true,0.0,-2.886
4258,EURAUD,SELL,1.64033,0.61,55.0,78.0,1.5,1.5,20,tp,1.5,20,1.617816,false,false,1.3878,0.0
4259,EURCHF,BUY,0.9287,0.4,70.0,89.0,1.5,1.5,20,tp,1.5,4,0.937058,false,false,1.5165,0.0
4260,EURJPY,BUY,184.58,0.67,55.0,78.0,1.5,1.5,20,sl,-1.3962,1,181.990005,false,true,0.0,-2.8091
4261,EURUSD,SELL,1.15235,0.49,55.0,67.0,1.5,1.5,20,sl,-1.0,11,1.16082,false,false,0.0,-0.6145
4262,GBPCAD,BUY,1.88581,0.62,75.0,89.0,1.5,1.5,20,expired,-0.1574,20,1.88305,false,false,0.5269,-0.6654
4263,GBPCHF,BUY,1.0845,0.47,65.0,89.0,1.5,1.5,20,tp,1.5,7,1.095969,false,false,1.5368,0.0
4264,GBPNZD,BUY,2.29108,0.58,55.0,67.0,1.5,1.5,20,expired,-0.3943,20,2.28322,false,false,1.1835,-0.6813
4265,NZDCAD,BUY,0.8228,0.77,65.0,89.0,1.5,1.5,20,sl,-1.0,9,0.813297,false,false,0.6166,-1.1154
4266,NZDUSD,SELL,0.58754,0.89,55.0,67.0,1.5,1.5,20,sl,-1.0,14,0.595384,false,false,0.1453,-0.7495
4267,USDCAD,BUY,1.40112,0.45,55.0,67.0,1.5,1.5,20,sl,-1.0,8,1.391662,false,false,0.7222,-1.0901
4268,USDJPY,BUY,160.183,0.78,55.0,67.0,1.5,1.5,20,sl,-1.3259,1,157.697998,false,true,0.0,-2.6289
4269,AUDCAD,BUY,0.98718,0.7,65.0,89.0,1.5,1.5,20,expired,0.7612,20,0.99507,false,false,1.0226,-0.8779
4270,AUDJPY,BUY,111.018,1.08,65.0,78.0,1.5,1.5,20,tp,1.5,14,113.715737,false,false,1.6864,-0.5104
4271,AUDUSD,BUY,0.70459,0.75,65.0,89.0,1.5,1.5,20,tp,1.5,14,0.71648,false,false,1.676,-0.6093
4272,CADCHF,BUY,0.57583,0.59,65.0,89.0,1.5,1.5,20,tp,1.5,7,0.583474,false,false,1.5011,-0.4965
4273,CHFJPY,BUY,195.25266,0.89,65.0,78.0,1.5,1.5,20,expired,1.031,20,197.940002,false,false,1.4588,-0.4265
4274,EURCAD,BUY,1.61749,0.39,55.0,89.0,1.5,1.5,20,sl,-1.0,6,1.608028,false,false,0.763,-1.1614
4275,EURGBP,SELL,0.85563,0.4,55.0,78.0,1.5,1.5,20,expired,-0.0409,20,0.85584,false,false,0.2065,-0.2474
4276,EURJPY,BUY,181.899,0.86,55.0,67.0,1.5,1.5,20,tp,1.5,13,185.418746,false,false,1.5632,-0.3789
4277,EURUSD,SELL,1.1544,0.47,55.0,67.0,1.5,1.5,20,sl,-1.0,12,1.162539,false,false,0.1553,-0.3876
4278,GBPCAD,BUY,1.89022,0.58,75.0,89.0,1.5,1.5,20,expired,-0.5169,20,1.88172,false,false,0.2937,-0.9778
4279,GBPJPY,BUY,212.582,0.97,65.0,78.0,1.5,1.5,20,tp,1.5,16,217.221602,false,false,1.5771,-0.4588
4280,GBPUSD,SELL,1.34916,0.71,55.0,78.0,1.5,1.5,20,sl,-1.0,13,1.363529,false,false,0.2398,-0.7241
4281,NZDCAD,BUY,0.82634,0.74,65.0,89.0,1.5,1.5,20,sl,-1.0,7,0.817168,false,false,0.2529,-1.1709
4282,NZDUSD,SELL,0.58984,0.84,55.0,67.0,1.5,1.5,20,sl,-1.0,14,0.597272,false,false,0.4628,-0.7254
4283,USDCHF,BUY,0.807,0.72,65.0,89.0,1.5,1.5,20,sl,-1.0613,13,0.79775,false,true,0.8594,-1.3998
4284,XAUUSD,SELL,4571.3999,2.32,58.0,83.0,1.5,1.5,20,sl,-1.0,2,4730.484617,false,false,0.0,-0.5054
4285,AUDCAD,BUY,0.9824,0.72,55.0,78.0,1.5,1.5,20,expired,0.9708,20,0.9927,false,false,1.4496,-0.4072
4286,AUDJPY,BUY,110.228,1.07,65.0,78.0,1.5,1.5,20,tp,1.5,8,112.881739,false,false,1.5103,0.0
4287,AUDUSD,BUY,0.69976,0.71,75.0,89.0,1.5,1.5,20,tp,1.5,9,0.710939,false,false,1.7699,0.0
4288,CADJPY,BUY,112.135,1.03,65.0,78.0,1.5,1.5,20,tp,1.5,8,114.733729,false,false,1.5336,-0.1887
4289,EURAUD,SELL,1.64441,0.6,55.0,78.0,1.5,1.5,20,tp,1.5,17,1.62221,false,false,1.3642,0.0
4290,EURCAD,BUY,1.61623,0.39,55.0,89.0,1.5,1.5,20,sl,-1.0,5,1.606775,false,false,0.8969,-1.0291
4291,EURGBP,SELL,0.85696,0.36,45.0,78.0,1.5,1.5,20,expired,-0.1037,20,0.85744,false,false,0.5165,0.0
4292,EURNZD,SELL,1.9605,0.57,85.0,100.0,1.5,1.5,20,sl,-1.0,7,1.977262,false,false,0.0,-0.3341
4293,GBPAUD,SELL,1.91873,0.6,55.0,78.0,1.5,1.5,20,tp,1.5,17,1.892827,false,false,1.4164,0.0
4294,GBPCAD,BUY,1.88592,0.56,75.0,89.0,1.5,1.5,20,expired,-0.5883,20,1.8766,false,false,0.5763,-0.7436
4295,GBPJPY,BUY,211.517,0.96,65.0,78.0,1.5,1.5,20,tp,1.5,9,216.085767,false,false,1.5099,0.0
4296,GBPUSD,SELL,1.3427,0.67,55.0,78.0,1.5,1.5,20,sl,-1.0,9,1.356194,false,false,0.0,-0.8948
4297,NZDJPY,BUY,92.405,0.94,65.0,78.0,1.5,1.5,20,tp,1.5,12,94.359366,false,false,1.6386,-0.0046
4298,USDCAD,BUY,1.40463,0.39,45.0,78.0,1.5,1.5,20,sl,-1.0,3,1.396413,false,false,0.404,-1.4543
4299,USDCHF,BUY,0.81037,0.67,65.0,89.0,1.5,1.5,20,sl,-1.0,11,0.802226,false,false,0.5059,-1.4562
4300,XAUUSD,SELL,4680.6001,2.35,60.0,88.0,1.5,1.5,20,tp,1.5,7,4433.11337,false,false,1.031,0.0
4301,AUDCHF,BUY,0.57014,0.69,65.0,89.0,1.5,1.5,20,tp,1.5,16,0.578991,false,false,1.5542,-0.6338
4302,AUDNZD,BUY,1.19916,0.62,55.0,78.0,1.5,1.5,20,tp,1.5,20,1.215888,false,false,2.6291,-0.4448
4303,AUDUSD,BUY,0.70467,0.74,65.0,89.0,1.5,1.5,20,tp,1.5,12,0.716403,false,false,1.6882,-0.2979
4304,CADJPY,BUY,112.117,1.04,65.0,78.0,1.5,1.5,20,tp,1.5,7,114.740538,false,false,1.5294,0.0
4305,EURAUD,SELL,1.63646,0.61,55.0,78.0,1.5,1.5,20,expired,0.973,20,1.62189,false,false,1.1327,-0.1483
4306,EURCHF,BUY,0.93303,0.37,65.0,89.0,1.5,1.5,20,tp,1.5,9,0.940797,false,false,1.5256,-0.3148
4307,EURJPY,BUY,181.858,0.87,65.0,78.0,1.5,1.5,20,tp,1.5,11,185.41787,false,false,1.5628,-0.1551
4308,EURNZD,SELL,1.96233,0.56,85.0,100.0,1.5,1.5,20,sl,-1.0,20,1.978814,false,false,0.2226,-0.2287
4309,GBPAUD,SELL,1.90871,0.59,65.0,89.0,1.5,1.5,20,tp,1.5,20,1.883372,false,false,0.9969,-0.0764
4310,GBPCHF,BUY,1.08823,0.41,75.0,89.0,1.5,1.5,20,tp,1.5,5,1.098269,false,false,1.5554,-0.4079
4311,GBPNZD,BUY,2.28904,0.51,55.0,67.0,1.5,1.5,20,tp,1.5,20,2.315307,false,false,2.0261,-0.659
4312,GBPUSD,SELL,1.3451,0.62,60.0,78.0,1.5,1.5,20,sl,-1.0,10,1.357609,false,false,0.0,-0.7734
4313,NZDJPY,BUY,92.647,0.9,65.0,78.0,1.5,1.5,20,tp,1.5,11,94.523102,false,false,1.5135,-0.1159
4314,USDCAD,BUY,1.40655,0.4,55.0,78.0,1.5,1.5,20,sl,-1.0,2,1.398111,false,false,0.0,-1.6435
4315,USDJPY,BUY,157.692,1.0,65.0,78.0,1.5,1.5,20,expired,1.0586,20,160.195999,false,false,1.1377,-0.364
4316,AUDCAD,BUY,0.98855,0.76,75.0,89.0,1.5,1.5,20,expired,0.268,20,0.99157,false,false,0.819,-0.9291
4317,AUDCHF,BUY,0.56922,0.68,65.0,89.0,1.5,1.5,20,tp,1.5,8,0.577929,false,false,1.5219,0.0
4318,AUDNZD,BUY,1.19873,0.62,55.0,78.0,1.5,1.5,20,tp,1.5,19,1.215452,false,false,2.6686,-0.4063
4319,CADCHF,BUY,0.57577,0.6,55.0,78.0,1.5,1.5,20,tp,1.5,5,0.583543,false,false,1.5496,0.0
4320,CHFJPY,SELL,195.36299,0.87,75.0,89.0,1.5,1.5,20,sl,-1.0,9,197.912477,false,false,0.0,-0.3894
4321,EURAUD,SELL,1.63756,0.6,55.0,78.0,1.5,1.5,20,tp,1.5,20,1.615453,false,false,1.2254,-0.076
4322,EURCHF,BUY,0.93225,0.39,65.0,100.0,1.5,1.5,20,tp,1.5,6,0.94043,false,false,1.5017,0.0
4323,EURJPY,BUY,182.14101,0.88,65.0,78.0,1.5,1.5,20,tp,1.5,11,185.747402,false,false,1.6071,-0.2708
4324,EURUSD,SELL,1.15574,0.46,55.0,67.0,1.5,1.5,20,sl,-1.0,9,1.163715,false,false,0.1261,-0.2276
4325,GBPCAD,BUY,1.8867,0.49,75.0,89.0,1.5,1.5,20,sl,-1.0,19,1.872833,false,false,0.318,-1.311
4326,GBPCHF,BUY,1.0864,0.43,55.0,78.0,1.5,1.5,20,tp,1.5,4,1.096911,false,false,1.7467,0.0
4327,GBPNZD,BUY,2.28778,0.49,55.0,67.0,1.5,1.5,20,tp,1.5,5,2.313003,false,false,1.5992,-0.0779
4328,NZDCAD,BUY,0.8246,0.72,65.0,89.0,1.5,1.5,20,sl,-1.0,4,0.815694,false,false,0.0,-1.0106
4329,NZDUSD,SELL,0.58875,0.77,55.0,78.0,1.5,1.5,20,sl,-1.0,10,0.59555,false,false,0.3456,-0.6866
4330,USDCAD,BUY,1.40102,0.42,55.0,78.0,1.5,1.5,20,sl,-1.0151,4,1.39206,false,true,0.2085,-1.1568
4331,USDJPY,BUY,157.60001,1.02,65.0,78.0,1.5,1.5,20,expired,0.5487,20,158.923004,false,false,1.1542,-0.9352
4332,AUDCAD,BUY,0.98553,0.75,65.0,89.0,1.5,1.5,20,expired,0.6701,20,0.99296,false,false,1.1463,-0.6719
4333,AUDJPY,BUY,111.412,1.07,65.0,78.0,1.5,1.5,20,tp,1.5,13,114.094244,false,false,1.6654,0.0
4334,AUDUSD,BUY,0.70334,0.75,65.0,89.0,1.5,1.5,20,tp,1.5,10,0.715209,false,false,1.837,0.0
4335,CADCHF,BUY,0.57967,0.62,65.0,89.0,1.5,1.5,20,expired,1.0852,20,0.58552,false,false,1.458,-0.4582
4336,CHFJPY,SELL,194.974,0.88,75.0,89.0,1.5,1.5,20,sl,-1.0,8,197.547657,false,false,0.0,-0.5369
4337,EURCAD,BUY,1.61484,0.41,65.0,89.0,1.5,1.5,20,sl,-1.0,5,1.604909,false,false,0.0,-1.1318
4338,EURGBP,SELL,0.85648,0.3,45.0,67.0,1.5,1.5,20,sl,-1.0,19,0.860334,false,false,0.4956,-0.4982
4339,EURJPY,BUY,182.53999,0.9,65.0,78.0,1.5,1.5,20,expired,-0.6229,20,181.005005,false,false,1.4061,-0.8964
4340,EURUSD,SELL,1.15247,0.47,65.0,78.0,1.5,1.5,20,sl,-1.0,6,1.160595,false,false,0.0,-0.6258
4341,GBPCAD,BUY,1.88539,0.49,75.0,89.0,1.5,1.5,20,sl,-1.0,18,1.871532,false,false,0.4128,-1.2174
4342,GBPJPY,BUY,213.13901,0.93,65.0,78.0,1.5,1.5,20,sl,-1.0,19,210.165721,false,false,1.4533,-1.0682
4343,GBPUSD,SELL,1.34553,0.58,55.0,78.0,1.5,1.5,20,sl,-1.0,8,1.357236,false,false,0.0,-0.7898
4344,NZDCAD,BUY,0.82216,0.73,75.0,89.0,1.5,1.5,20,sl,-1.0,4,0.813157,false,false,0.0256,-1.1063
4345,NZDUSD,SELL,0.58683,0.8,55.0,78.0,1.5,1.5,20,sl,-1.0,9,0.593872,false,false,0.061,-0.9357
4346,USDCHF,BUY,0.81241,0.72,75.0,89.0,1.5,1.5,20,sl,-1.0,8,0.803636,false,false,0.2371,-1.5842
4347,XAUUSD,SELL,4653.2998,2.23,55.0,78.0,1.5,1.5,20,tp,1.5,4,4419.820483,false,false,0.9174,0.0
4348,AUDCAD,BUY,0.98537,0.7,75.0,89.0,1.5,1.5,20,expired,1.1057,20,0.99681,false,false,1.3166,-0.7046
4349,AUDJPY,BUY,111.519,1.07,65.0,78.0,1.5,1.5,20,tp,1.5,12,114.20382,false,false,1.604,0.0
4350,AUDUSD,BUY,0.70635,0.74,65.0,89.0,1.5,1.5,20,tp,1.5,12,0.718111,false,false,1.6134,-0.2691
4351,CADJPY,SELL,113.183,1.11,75.0,100.0,1.5,1.5,20,sl,-1.0,6,115.067497,false,false,0.0,-0.8899
4352,EURAUD,SELL,1.63601,0.54,75.0,89.0,1.5,1.5,20,tp,1.5,15,1.616132,false,false,1.2459,-0.2015
4353,EURCAD,BUY,1.61208,0.41,60.0,78.0,1.5,1.5,20,sl,-1.0,18,1.602166,false,false,0.6546,-1.1176
4354,EURGBP,SELL,0.8566,0.28,58.0,78.0,1.5,1.5,20,sl,-1.0,18,0.860198,false,false,0.5643,-0.5003
4355,EURNZD,SELL,1.9619,0.5,85.0,100.0,1.5,1.5,20,sl,-1.0,3,1.976614,false,false,0.0,-0.2854
4356,GBPAUD,SELL,1.90977,0.53,65.0,89.0,1.5,1.5,20,tp,1.5,14,1.886996,false,false,1.179,-0.0151
4357,GBPCAD,BUY,1.88187,0.46,55.0,78.0,1.5,1.5,20,sl,-1.0,17,1.868885,false,false,0.7116,-1.0281
4358,GBPJPY,BUY,212.99899,0.96,65.0,78.0,1.5,1.5,20,sl,-1.0,19,209.931805,false,false,1.4544,-1.0175
4359,GBPUSD,SELL,1.34907,0.57,55.0,78.0,1.5,1.5,20,sl,-1.0,7,1.360605,false,false,0.0,-0.4946
4360,NZDJPY,BUY,92.953,0.92,65.0,78.0,1.5,1.5,20,tp,1.5,9,94.877127,false,false,1.6574,-0.106
4361,USDCAD,BUY,1.39509,0.44,55.0,67.0,1.5,1.5,20,sl,-1.0,5,1.385882,false,false,0.0695,-1.1556
4362,USDCHF,BUY,0.80817,0.73,55.0,78.0,1.5,1.5,20,sl,-1.0,7,0.799321,false,false,0.7142,-1.0916
4363,XAUUSD,SELL,4664.0,2.13,55.0,78.0,1.5,1.5,20,tp,1.5,3,4440.4778,false,false,1.0301,0.0
4364,AUDCHF,BUY,0.57134,0.61,65.0,89.0,1.5,1.5,20,tp,1.5,12,0.579182,false,false,1.5247,-0.945
4365,AUDNZD,BUY,1.19824,0.56,55.0,78.0,1.5,1.5,20,tp,1.5,15,1.213338,false,false,1.538,-0.4014
4366,AUDUSD,BUY,0.70553,0.74,65.0,89.0,1.5,1.5,20,tp,1.5,8,0.717277,false,false,1.5764,-0.1343
4367,CADJPY,SELL,114.221,1.15,70.0,89.0,1.5,1.5,20,tp,1.5,20,111.265532,false,false,1.1237,-0.5116
4368,EURAUD,SELL,1.63647,0.54,75.0,89.0,1.5,1.5,20,tp,1.5,13,1.616587,false,false,1.2802,-0.1667
4369,EURCHF,BUY,0.93502,0.39,65.0,100.0,1.5,1.5,20,tp,1.5,16,0.943225,false,false,1.5521,-0.7605
4370,EURJPY,BUY,183.76199,0.95,78.0,89.0,1.5,1.5,20,sl,-1.0,17,181.143382,false,false,0.8566,-1.2285
4371,EURNZD,SELL,1.96081,0.49,75.0,89.0,1.5,1.5,20,sl,-1.0,2,1.975222,false,false,0.0,-0.3671
4372,GBPAUD,SELL,1.91487,0.52,55.0,78.0,1.5,1.5,20,tp,1.5,12,1.892466,false,false,1.3792,0.0
4373,GBPCHF,BUY,1.09403,0.48,65.0,89.0,1.5,1.5,20,sl,-1.1616,7,1.08488,false,true,0.8658,-1.1959
4374,GBPNZD,BUY,2.29461,0.46,75.0,89.0,1.5,1.5,20,sl,-1.0,13,2.278777,false,false,1.267,-1.0807
4375,GBPUSD,BUY,1.35113,0.54,50.0,86.2,1.5,1.5,20,expired,0.3247,20,1.354683,false,false,1.496,-0.3292
4376,NZDJPY,BUY,93.693,0.95,78.0,89.0,1.5,1.5,20,sl,-1.0,17,92.357875,false,false,1.1093,-1.8126
4377,USDCAD,BUY,1.39336,0.44,55.0,67.0,1.5,1.5,20,sl,-1.0,6,1.384164,false,false,0.2577,-1.4006
4378,USDJPY,BUY,159.15601,1.13,65.0,78.0,1.5,1.5,20,sl,-1.0,17,156.458316,false,false,0.4548,-1.4127
4379,AUDCAD,BUY,0.98322,0.68,55.0,78.0,1.5,1.5,20,tp,1.5,18,0.998263,false,false,1.5727,-0.5125
4380,AUDCHF,BUY,0.57289,0.62,65.0,89.0,1.5,1.5,20,sl,-1.0,6,0.567562,false,false,0.9696,-1.2181
4381,AUDNZD,BUY,1.20137,0.57,75.0,89.0,1.5,1.5,20,tp,1.5,15,1.216778,false,false,2.6393,-0.698
4382,CADCHF,BUY,0.5823,0.61,65.0,89.0,1.5,1.5,20,expired,0.9215,20,0.58721,false,false,1.1073,-0.9572
4383,CHFJPY,SELL,196.36609,0.95,70.0,89.0,1.5,1.5,20,tp,1.5,16,192.168765,false,false,0.2988,-0.6604
4384,EURAUD,SELL,1.63411,0.54,75.0,89.0,1.5,1.5,20,tp,1.5,16,1.614256,false,false,1.1038,-0.3453
4385,EURCHF,BUY,0.93619,0.38,65.0,100.0,1.5,1.5,20,expired,0.8489,20,0.94072,false,false,1.3717,-0.9988
4386,EURJPY,BUY,183.85001,0.95,78.0,89.0,1.5,1.5,20,sl,-1.0,16,181.230147,false,false,0.8226,-1.2615
4387,EURUSD,SELL,1.15437,0.45,65.0,78.0,1.5,1.5,20,sl,-1.0,5,1.162162,false,false,0.0,-0.4087
4388,GBPCAD,BUY,1.88031,0.41,55.0,78.0,1.5,1.5,20,sl,-1.0,15,1.868746,false,false,0.9339,-1.0195
4389,GBPCHF,BUY,1.09559,0.49,65.0,89.0,1.5,1.5,20,sl,-1.0,5,1.087537,false,false,0.6532,-1.0034
4390,GBPNZD,BUY,2.29755,0.45,75.0,89.0,1.5,1.5,20,sl,-1.0,7,2.282042,false,false,1.1039,-1.1897
4391,NZDCAD,BUY,0.81832,0.63,55.0,78.0,1.5,1.5,20,sl,-1.0,15,0.810587,false,false,1.1664,-1.2569
4392,NZDUSD,SELL,0.588,0.72,55.0,67.0,1.5,1.5,20,sl,-1.0,6,0.59435,false,false,0.2519,-0.8533
4393,USDCAD,BUY,1.3919,0.43,55.0,67.0,1.5,1.5,20,sl,-1.0,5,1.382922,false,false,0.4266,-1.272
4394,USDJPY,BUY,159.265,1.12,78.0,89.0,1.5,1.5,20,sl,-1.0,16,156.589348,false,false,0.4178,-1.4651
4395,AUDCAD,BUY,0.98457,0.66,55.0,78.0,1.5,1.5,20,expired,1.2034,20,0.9963,false,false,1.4796,-0.6658
4396,AUDJPY,BUY,112.51,1.07,78.0,89.0,1.5,1.5,20,sl,-1.0,18,110.704215,false,false,1.3551,-1.2338
4397,AUDUSD,BUY,0.70639,0.71,65.0,89.0,1.5,1.5,20,tp,1.5,6,0.717675,false,false,1.5266,-0.109
4398,CADCHF,BUY,0.58332,0.61,65.0,89.0,1.5,1.5,20,sl,-1.0642,5,0.57764,false,true,0.5096,-1.1466
4399,CHFJPY,SELL,195.90401,0.96,70.0,78.0,1.5,1.5,20,sl,-1.0,5,198.725028,false,false,0.0,-0.7406
4400,EURCAD,BUY,1.6068,0.39,50.0,78.0,1.5,1.5,20,expired,-0.1117,20,1.60575,false,false,1.2522,-0.7447
4401,EURGBP,SELL,0.8539,0.26,65.0,89.0,1.5,1.5,20,sl,-1.0,4,0.85723,false,false,0.0,-0.3633
4402,EURJPY,BUY,183.673,0.94,78.0,89.0,1.5,1.5,20,sl,-1.0,15,181.083211,false,false,0.9005,-1.2078
4403,EURUSD,SELL,1.153,0.45,78.0,89.0,1.5,1.5,20,sl,-1.0,2,1.160783,false,false,0.0,-0.5852
4404,GBPCAD,BUY,1.88125,0.39,50.0,78.0,1.5,1.5,20,sl,-1.0,14,1.870245,false,false,0.8959,-1.1567
4405,GBPJPY,BUY,215.047,1.0,78.0,89.0,1.5,1.5,20,sl,-1.0,15,211.821295,false,false,0.7481,-1.5761
4406,GBPUSD,BUY,1.34978,0.49,75.0,100.0,1.5,1.5,20,tp,1.5,5,1.364661,false,false,1.617,-0.0878
4407,NZDCAD,BUY,0.81676,0.63,60.0,78.0,1.5,1.5,20,sl,-1.0,14,0.809042,false,false,1.3708,-1.0572
4408,NZDUSD,SELL,0.58611,0.74,68.0,78.0,1.5,1.5,20,sl,-1.0,4,0.592616,false,false,0.0,-0.5057
4409,USDCHF,BUY,0.8129,0.7,75.0,89.0,1.5,1.5,20,sl,-1.0,4,0.804365,false,false,0.1722,-1.6859
4410,XAUUSD,SELL,4396.3999,2.55,60.0,100.0,1.5,1.5,20,tp,1.5,18,4144.156456,false,false,0.4805,-0.1802
4411,AUDCAD,BUY,0.98367,0.64,55.0,78.0,1.5,1.5,20,tp,1.5,15,0.997835,false,false,1.5428,-0.592
4412,AUDJPY,BUY,112.609,1.07,78.0,89.0,1.5,1.5,20,sl,-1.0,17,110.801626,false,false,1.2991,-1.2875
4413,AUDUSD,BUY,0.70637,0.71,65.0,89.0,1.5,1.5,20,tp,1.5,5,0.717654,false,false,1.5294,0.0
4414,CADJPY,SELL,114.472,1.11,70.0,89.0,1.5,1.5,20,tp,1.5,16,111.613062,false,false,0.8143,-0.3972
4415,EURAUD,SELL,1.63281,0.52,75.0,89.0,1.5,1.5,20,tp,1.5,14,1.613706,false,false,1.0451,-0.4609
4416,EURCAD,BUY,1.60622,0.38,45.0,78.0,1.5,1.5,20,expired,-0.0087,20,1.60614,false,false,1.3489,-0.7012
4417,EURGBP,SELL,0.85493,0.25,65.0,89.0,1.5,1.5,20,sl,-1.073,4,0.85837,false,true,0.0,-0.3961
4418,EURNZD,SELL,1.97012,0.48,55.0,78.0,1.5,1.5,20,sl,-1.0,13,1.984305,false,false,0.8079,0.0
4419,GBPAUD,SELL,1.9097,0.48,75.0,89.0,1.5,1.5,20,tp,1.5,9,1.889075,false,false,1.1222,-0.0095
4420,GBPCAD,BUY,1.87869,0.38,45.0,78.0,1.5,1.5,20,sl,-1.1617,14,1.86625,false,true,1.1598,-1.68
4421,GBPJPY,BUY,215.06799,1.0,78.0,89.0,1.5,1.5,20,sl,-1.0,14,211.84197,false,false,0.7415,-1.5824
4422,GBPUSD,BUY,1.34907,0.5,75.0,100.0,1.5,1.5,20,tp,1.5,4,1.364247,false,false,1.6556,0.0
4423,NZDJPY,BUY,93.315,0.99,78.0,89.0,1.5,1.5,20,sl,-1.0,14,91.929272,false,false,1.3415,-1.4736
4424,USDCAD,BUY,1.39271,0.44,65.0,78.0,1.5,1.5,20,sl,-1.0,3,1.383518,false,false,0.0,-1.3305
4425,USDCHF,BUY,0.81412,0.69,75.0,89.0,1.5,1.5,20,sl,-1.0,3,0.805694,false,false,0.0,-1.8526
4426,XAUUSD,SELL,4414.6001,2.55,60.0,100.0,1.5,1.5,20,tp,1.5,17,4161.312419,false,false,0.5863,-0.0717
4427,AUDCHF,BUY,0.57577,0.59,65.0,89.0,1.5,1.5,20,sl,-1.0,2,0.570674,false,false,0.4486,-1.309
4428,AUDNZD,BUY,1.20276,0.56,68.0,78.0,1.5,1.5,20,tp,1.5,12,1.217915,false,false,2.5457,-0.8473
4429,AUDUSD,BUY,0.70852,0.74,65.0,89.0,1.5,1.5,20,tp,1.5,9,0.720317,false,false,1.5487,-0.2276
4430,CADJPY,SELL,114.778,1.12,70.0,89.0,1.5,1.5,20,tp,1.5,15,111.885594,false,false,0.9636,-0.2339
4431,EURAUD,SELL,1.63346,0.51,75.0,89.0,1.5,1.5,20,tp,1.5,13,1.614716,false,false,1.1172,-0.4177
4432,EURCHF,BUY,0.94053,0.39,65.0,100.0,1.5,1.5,20,sl,-1.0,2,0.935028,false,false,0.0727,-1.5103
4433,EURJPY,BUY,184.27901,0.96,85.0,100.0,1.5,1.5,20,sl,-1.0,13,181.625392,false,false,0.6504,-1.4071
4434,EURNZD,SELL,1.96471,0.51,60.0,78.0,1.5,1.5,20,sl,-1.0,12,1.97974,false,false,0.4025,-0.0725
4435,GBPAUD,SELL,1.91183,0.48,55.0,78.0,1.5,1.5,20,tp,1.5,8,1.891182,false,false,1.2757,0.0
4436,GBPCHF,BUY,1.1008,0.48,65.0,89.0,1.5,1.5,20,sl,-1.0,2,1.092874,false,false,0.0,-1.6768
4437,GBPNZD,BUY,2.29944,0.51,75.0,89.0,1.5,1.5,20,sl,-1.0,4,2.281849,false,false,0.5463,-1.1563
4438,GBPUSD,BUY,1.35466,0.5,75.0,89.0,1.5,1.5,20,expired,-0.2051,20,1.352576,false,false,1.2641,-0.802
4439,NZDJPY,BUY,93.776,1.02,75.0,89.0,1.5,1.5,20,sl,-1.0,13,92.341227,false,false,0.9744,-1.7445
4440,USDCAD,BUY,1.38719,0.46,65.0,78.0,1.5,1.5,20,sl,-1.0,3,1.377618,false,false,0.3678,-1.2318
4441,USDJPY,BUY,159.22301,1.13,78.0,89.0,1.5,1.5,20,sl,-1.0,13,156.52418,false,false,0.4298,-1.4369
4442,AUDCAD,BUY,0.98581,0.58,75.0,89.0,1.5,1.5,20,tp,1.5,14,0.998675,false,false,1.537,-0.9013
4443,AUDCHF,BUY,0.57614,0.56,65.0,89.0,1.5,1.5,20,sl,-1.0,1,0.5713,false,false,0.0,-1.4547
4444,AUDNZD,BUY,1.20363,0.54,75.0,89.0,1.5,1.5,20,tp,1.5,11,1.218254,false,false,2.5489,-0.9672
4445,CADCHF,BUY,0.58439,0.6,65.0,89.0,1.5,1.5,20,sl,-1.0,1,0.57913,false,false,0.078,-1.2149
4446,CHFJPY,SELL,196.53,0.98,70.0,89.0,1.5,1.5,20,tp,1.5,12,192.196514,false,false,0.3461,-0.5829
4447,EURAUD,SELL,1.62944,0.47,75.0,89.0,1.5,1.5,20,sl,-1.0,2,1.640928,false,false,0.0,-0.8043
4448,EURCHF,BUY,0.93889,0.38,65.0,100.0,1.5,1.5,20,sl,-1.0,1,0.933538,false,false,0.3401,-1.2463
4449,EURJPY,BUY,184.53101,0.96,85.0,100.0,1.5,1.5,20,sl,-1.0,12,181.873763,false,false,0.5547,-1.5001
4450,EURUSD,SELL,1.15828,0.46,65.0,78.0,1.5,1.5,20,sl,-1.0,1,1.166272,false,false,0.0,0.0
4451,GBPCAD,BUY,1.879,0.36,50.0,78.0,1.5,1.5,20,sl,-1.0,11,1.868853,false,false,1.1935,-1.0329
4452,GBPCHF,BUY,1.09835,0.49,65.0,89.0,1.5,1.5,20,sl,-1.0,1,1.090277,false,false,0.1511,-1.3428
4453,GBPNZD,BUY,2.29445,0.51,55.0,78.0,1.5,1.5,20,tp,1.5,11,2.320779,false,false,1.7131,-0.9657
4454,NZDCAD,BUY,0.81895,0.64,60.0,78.0,1.5,1.5,20,sl,-1.0,11,0.811088,false,false,1.0672,-1.3165
4455,NZDUSD,BUY,0.59059,0.8,65.0,78.0,1.5,1.5,20,sl,-1.0,11,0.583503,false,false,1.1699,-1.4464
4456,USDCAD,BUY,1.38697,0.45,65.0,78.0,1.5,1.5,20,sl,-1.0,2,1.377608,false,false,0.3995,-1.2358
4457,USDJPY,BUY,159.34,1.13,78.0,89.0,1.5,1.5,20,sl,-1.0,12,156.639187,false,false,0.3862,-1.4792
4458,AUDCAD,BUY,0.98419,0.56,60.0,78.0,1.5,1.5,20,tp,1.5,6,0.996591,false,false,1.6438,-0.7391
4459,AUDJPY,BUY,112.979,0.92,85.0,100.0,1.5,1.5,20,sl,-1.0,13,111.41989,false,false,1.2687,-1.0923
4460,AUDUSD,BUY,0.70815,0.69,65.0,89.0,1.5,1.5,20,tp,1.5,6,0.719144,false,false,1.5895,0.0
4461,CADCHF,BUY,0.58434,0.6,65.0,89.0,1.5,1.5,20,sl,-1.274,1,0.57764,false,true,0.0,-1.3577
4462,CHFJPY,SELL,196.403,0.89,70.0,89.0,1.5,1.5,20,sl,-1.0,1,199.02498,false,false,0.0,-0.6065
4463,EURCAD,BUY,1.60884,0.36,45.0,78.0,1.5,1.5,20,sl,-1.0,14,1.600152,false,false,1.12,-1.0405
4464,EURGBP,SELL,0.85516,0.23,55.0,89.0,1.5,1.5,20,sl,-1.088,1,0.85837,false,true,0.0,-0.3525
4465,EURJPY,BUY,184.69299,0.79,78.0,89.0,1.5,1.5,20,sl,-1.0,11,182.504378,false,false,0.5995,-1.8953
4466,EURUSD,SELL,1.15794,0.44,65.0,78.0,1.5,1.5,20,sl,-1.2565,1,1.167542,false,true,0.0,-1.1887
4467,GBPCAD,BUY,1.88127,0.35,50.0,78.0,1.5,1.5,20,sl,-1.0,10,1.871393,false,false,0.9963,-1.2909
4468,GBPJPY,BUY,215.966,0.82,85.0,100.0,1.5,1.5,20,sl,-1.0,11,213.309618,false,false,0.5624,-2.2598
4469,GBPUSD,BUY,1.35367,0.46,75.0,89.0,1.5,1.5,20,expired,-0.6771,20,1.347346,false,false,1.481,-0.9738
4470,NZDCAD,BUY,0.81615,0.6,55.0,78.0,1.5,1.5,20,tp,1.5,5,0.827168,false,false,1.5234,0.0
4471,NZDUSD,BUY,0.58729,0.78,70.0,89.0,1.5,1.5,20,tp,1.5,2,0.597597,false,false,1.6869,0.0
4472,USDCHF,BUY,0.81224,0.69,75.0,89.0,1.5,1.5,20,sl,-1.7236,1,0.79775,false,true,0.0,-2.0745
4473,XAUUSD,SELL,4439.0,2.72,60.0,100.0,1.5,1.5,20,tp,1.5,14,4167.3332,false,false,0.6813,0.0
4474,AUDCAD,BUY,0.98351,0.54,55.0,78.0,1.5,1.5,20,tp,1.5,4,0.99546,false,false,1.5795,-0.3402
4475,AUDJPY,BUY,112.729,0.81,85.0,100.0,1.5,1.5,20,tp,1.5,6,114.783486,false,false,1.6267,0.0
4476,AUDUSD,BUY,0.7125,0.66,65.0,89.0,1.5,1.5,20,tp,1.5,14,0.723081,false,false,1.6162,-0.0612
4477,CADJPY,SELL,114.609,0.78,65.0,89.0,1.5,1.5,20,tp,1.5,11,112.597612,false,false,0.8837,-0.4624
4478,EURAUD,SELL,1.63887,0.43,55.0,78.0,1.5,1.5,20,tp,1.5,5,1.62295,false,true,1.3859,0.0
4479,EURCAD,BUY,1.61194,0.34,65.0,89.0,1.5,1.5,20,sl,-1.0072,10,1.60366,false,true,0.8065,-1.3308
4480,EURGBP,SELL,0.85828,0.23,45.0,78.0,1.5,1.5,20,expired,0.4222,20,0.85703,false,false,0.7227,-0.0405
4481,EURNZD,SELL,1.96666,0.47,55.0,78.0,1.5,1.5,20,sl,-1.0,9,1.980525,false,false,0.577,0.0
4482,GBPAUD,SELL,1.90923,0.44,65.0,89.0,1.5,1.5,20,tp,1.5,5,1.890329,false,false,1.1872,0.0
4483,GBPCAD,BUY,1.87781,0.31,45.0,67.0,1.5,1.5,20,tp,1.5,3,1.890908,false,false,1.5232,-0.4203
4484,GBPJPY,BUY,215.244,0.71,85.0,100.0,1.5,1.5,20,sl,-1.0,10,212.951651,false,false,0.9667,-2.3038
4485,GBPUSD,BUY,1.35999,0.47,75.0,100.0,1.5,1.5,20,sl,-1.0,9,1.350402,false,false,0.7836,-1.2998
4486,NZDJPY,BUY,93.928,0.82,75.0,89.0,1.5,1.5,20,sl,-1.0,9,92.772686,false,false,1.0785,-1.2724
4487,USDCAD,BUY,1.38104,0.5,65.0,78.0,1.5,1.5,20,tp,1.5,20,1.39893,false,true,1.8402,-0.7511
4488,USDCHF,BUY,0.79777,0.79,55.0,78.0,1.5,1.5,20,tp,1.5,8,0.81195,false,false,1.5169,0.0
4489,XAUUSD,SELL,4460.7002,2.53,40.0,84.0,1.5,1.5,20,tp,1.5,13,4206.774841,false,false,0.8571,0.0
4490,AUDCHF,BUY,0.56915,0.66,65.0,89.0,1.5,1.5,20,tp,1.5,3,0.577602,false,false,1.5973,0.0
4491,AUDNZD,BUY,1.19575,0.55,55.0,78.0,1.5,1.5,20,tp,1.5,5,1.210547,false,false,1.6381,0.0
4492,AUDUSD,BUY,0.71194,0.65,65.0,89.0,1.5,1.5,20,tp,1.5,11,0.722352,false,false,1.5141,0.0
4493,CADJPY,SELL,115.285,0.62,55.0,67.0,1.5,1.5,20,tp,1.5,9,113.676774,false,false,0.3983,0.0
4494,EURAUD,SELL,1.64167,0.43,55.0,78.0,1.5,1.5,20,tp,1.5,3,1.625787,false,false,1.1144,0.0
4495,EURCHF,BUY,0.93449,0.43,65.0,89.0,1.5,1.5,20,tp,1.5,14,0.943531,false,false,1.6508,-0.005
4496,EURJPY,BUY,185.70399,0.48,75.0,89.0,1.5,1.5,20,sl,-1.0,8,184.366921,false,false,0.2072,-1.4659
4497,EURNZD,SELL,1.96292,0.49,75.0,89.0,1.5,1.5,20,sl,-1.0,8,1.977347,false,false,0.2953,-0.0437
4498,GBPAUD,SELL,1.91631,0.45,55.0,78.0,1.5,1.5,20,tp,1.5,3,1.896907,false,false,0.838,0.0
4499,GBPCHF,BUY,1.09079,0.59,55.0,78.0,1.5,1.5,20,tp,1.5,16,1.10527,false,false,1.5155,-0.1233
4500,GBPNZD,BUY,2.29153,0.52,55.0,78.0,1.5,1.5,20,tp,1.5,8,2.318341,false,false,1.8457,-0.7849
4501,NZDCAD,BUY,0.82034,0.56,68.0,78.0,1.5,1.5,20,sl,-1.0,8,0.813449,false,false,1.0158,-1.7037
4502,NZDJPY,BUY,94.58,0.72,65.0,89.0,1.5,1.5,20,sl,-1.0,8,93.558536,false,false,0.5815,-2.0774
4503,USDCAD,BUY,1.37814,0.52,65.0,78.0,1.5,1.5,20,tp,1.5,18,1.394264,false,false,1.5024,-0.1944
4504,USDJPY,BUY,158.883,0.6,70.0,89.0,1.5,1.5,20,sl,-1.0,9,157.453053,false,false,1.049,-2.4742
4505,AUDCAD,BUY,0.98905,0.57,65.0,89.0,1.5,1.5,20,expired,0.881,20,0.9965,false,false,1.2523,0.0
4506,AUDCHF,BUY,0.57412,0.69,75.0,100.0,1.5,1.5,20,tp,1.5,7,0.583033,false,false,1.5124,-0.1717
4507,AUDNZD,BUY,1.1998,0.55,60.0,78.0,1.5,1.5,20,tp,1.5,7,1.214648,false,false,2.8975,-0.1919
4508,CADCHF,BUY,0.58045,0.65,60.0,78.0,1.5,1.5,20,tp,1.5,13,0.588939,false,false,1.5002,-0.3622
4509,CHFJPY,SELL,198.45518,0.59,65.0,78.0,1.5,1.5,20,tp,1.5,7,195.820687,false,false,0.6577,0.0
4510,EURCAD,BUY,1.61109,0.34,65.0,89.0,1.5,1.5,20,sl,-1.0,8,1.602873,false,false,0.9104,-1.228
4511,EURCHF,BUY,0.93528,0.44,65.0,89.0,1.5,1.5,20,tp,1.5,14,0.944539,false,false,1.9375,0.0
4512,EURJPY,BUY,185.625,0.46,75.0,89.0,1.5,1.5,20,sl,-1.0,7,184.344188,false,false,0.278,-1.4686
4513,EURUSD,SELL,1.16816,0.46,65.0,78.0,1.5,1.5,20,tp,1.5,15,1.15607,false,false,1.0676,0.0
4514,GBPCAD,BUY,1.88294,0.31,65.0,89.0,1.5,1.5,20,sl,-1.0,7,1.874184,false,false,0.9331,-1.6469
4515,GBPCHF,BUY,1.09312,0.6,60.0,78.0,1.5,1.5,20,expired,0.8416,20,1.1014,false,false,1.3692,-0.3578
4516,GBPNZD,BUY,2.28417,0.52,55.0,78.0,1.5,1.5,20,tp,1.5,7,2.310895,false,false,2.2648,-0.3744
4517,NZDCAD,BUY,0.82426,0.56,75.0,89.0,1.5,1.5,20,sl,-1.0,6,0.817336,false,false,0.4448,-1.063
4518,NZDUSD,BUY,0.59775,0.78,75.0,100.0,1.5,1.5,20,sl,-1.0,5,0.590756,false,false,0.0128,-1.065
4519,USDCHF,BUY,0.80063,0.77,55.0,67.0,1.5,1.5,20,tp,1.5,7,0.814501,false,false,1.6178,0.0
4520,USDJPY,BUY,158.90401,0.6,70.0,89.0,1.5,1.5,20,sl,-1.0,8,157.473874,false,false,1.0342,-2.4886
4521,AUDCAD,BUY,0.99017,0.51,75.0,89.0,1.5,1.5,20,expired,1.1485,20,0.99887,false,false,1.3373,-0.099
4522,AUDJPY,BUY,113.849,0.63,65.0,78.0,1.5,1.5,20,sl,-1.0,7,112.773127,false,false,1.0299,-2.0002
4523,AUDUSD,BUY,0.71548,0.62,65.0,89.0,1.5,1.5,20,sl,-1.0043,17,0.708798,false,true,1.2654,-1.025
4524,CADCHF,BUY,0.57959,0.63,60.0,78.0,1.5,1.5,20,tp,1.5,10,0.587806,false,false,1.572,-0.199
4525,CHFJPY,SELL,198.34009,0.58,65.0,78.0,1.5,1.5,20,tp,1.5,6,195.751752,false,false,0.6028,0.0
4526,EURCAD,BUY,1.61486,0.33,58.0,78.0,1.5,1.5,20,sl,-1.0,6,1.606866,false,false,0.4641,-1.3348
4527,EURGBP,SELL,0.85547,0.24,50.0,78.0,1.5,1.5,20,sl,-1.0,6,0.85855,false,false,0.0,-0.4643
4528,EURNZD,SELL,1.95568,0.5,65.0,89.0,1.5,1.5,20,sl,-1.0,6,1.970348,false,false,0.0,-0.5366
4529,EURUSD,SELL,1.16683,0.45,65.0,78.0,1.5,1.5,20,tp,1.5,14,1.155016,false,false,0.9237,0.0
4530,GBPCAD,BUY,1.88746,0.31,65.0,89.0,1.5,1.5,20,sl,-1.0,4,1.878683,false,false,0.3714,-1.1508
4531,GBPJPY,BUY,217.019,0.52,65.0,78.0,1.5,1.5,20,sl,-1.0,6,215.326252,false,false,0.1755,-1.8739
4532,GBPUSD,BUY,1.36383,0.43,75.0,89.0,1.5,1.5,20,sl,-1.0,3,1.355033,false,false,0.1332,-1.2253
4533,NZDCAD,BUY,0.82549,0.56,75.0,89.0,1.5,1.5,20,sl,-1.0,5,0.818556,false,false,0.2668,-1.2388
4534,NZDUSD,BUY,0.5966,0.78,75.0,100.0,1.5,1.5,20,sl,-1.0,5,0.58962,false,false,0.1776,-1.0628
4535,USDCHF,BUY,0.802,0.77,55.0,78.0,1.5,1.5,20,tp,1.5,13,0.815895,false,false,1.6096,-0.0648
4536,XAUUSD,SELL,4351.8999,2.68,40.0,73.0,1.5,1.5,20,expired,1.1741,16,4146.5,false,false,0.9849,-0.116
4537,AUDCHF,BUY,0.57442,0.68,75.0,100.0,1.5,1.5,20,tp,1.5,7,0.583209,false,false,1.5975,0.0
4538,AUDJPY,BUY,114.059,0.64,65.0,78.0,1.5,1.5,20,sl,-1.0,6,112.964034,false,false,0.8201,-2.1571
4539,AUDUSD,BUY,0.71653,0.62,65.0,89.0,1.5,1.5,20,sl,-1.1604,16,0.708798,false,true,1.106,-1.181
4540,CADJPY,BUY,115.068,0.57,65.0,78.0,1.5,1.5,20,sl,-1.0,5,114.084169,false,false,0.3568,-1.1801
4541,EURAUD,SELL,1.62929,0.45,65.0,89.0,1.5,1.5,20,tp,1.5,7,1.612793,false,false,1.2721,0.0
4542,EURCAD,BUY,1.61526,0.32,65.0,89.0,1.5,1.5,20,sl,-1.0,4,1.607507,false,false,0.4024,-1.0138
4543,EURGBP,SELL,0.85536,0.24,55.0,89.0,1.5,1.5,20,sl,-1.0,5,0.858439,false,false,0.0,-0.5001
4544,EURNZD,SELL,1.95348,0.51,65.0,89.0,1.5,1.5,20,sl,-1.0,5,1.968424,false,false,0.0,-0.6738
4545,GBPAUD,SELL,1.90449,0.47,75.0,89.0,1.5,1.5,20,tp,1.5,5,1.88435,false,false,0.9399,0.0
4546,GBPCHF,BUY,1.0941,0.55,60.0,78.0,1.5,1.5,20,expired,0.1141,20,1.09513,false,false,1.3837,-0.4985
4547,GBPJPY,BUY,217.283,0.5,65.0,78.0,1.5,1.5,20,sl,-1.0,5,215.653377,false,false,0.0,-2.1085
4548,GBPUSD,BUY,1.3647,0.45,75.0,89.0,1.5,1.5,20,sl,-1.0,2,1.355488,false,false,0.0,-1.2645
4549,NZDJPY,BUY,95.133,0.71,65.0,78.0,1.5,1.5,20,sl,-1.0,5,94.119834,false,false,0.0,-2.6402
4550,USDCAD,BUY,1.38362,0.51,65.0,78.0,1.5,1.5,20,tp,1.5,16,1.399497,false,false,1.557,-0.7152
4551,USDCHF,BUY,0.80172,0.74,55.0,78.0,1.5,1.5,20,tp,1.5,5,0.815069,false,false,1.5586,0.0
4552,XAUUSD,SELL,4332.7998,2.62,40.0,73.0,1.5,1.5,20,expired,1.0941,15,4146.5,false,false,0.8997,-0.2314
4553,AUDCHF,BUY,0.57805,0.71,75.0,100.0,1.5,1.5,20,tp,1.5,15,0.587284,false,false,1.5344,-0.0731
4554,AUDNZD,BUY,1.20724,0.58,65.0,89.0,1.5,1.5,20,tp,1.5,4,1.222994,false,false,2.0223,-0.0895
4555,CADCHF,BUY,0.5802,0.57,55.0,78.0,1.5,1.5,20,tp,1.5,8,0.587641,false,false,1.6127,-0.1411
4556,CADJPY,BUY,114.779,0.54,50.0,58.8,1.5,1.5,20,sl,-1.0,5,113.84929,false,false,0.6884,-2.3319
4557,EURAUD,SELL,1.62287,0.48,65.0,89.0,1.5,1.5,20,expired,0.4425,20,1.6177,false,false,0.9311,0.0
4558,EURCHF,BUY,0.93824,0.4,85.0,100.0,1.5,1.5,20,tp,1.5,11,0.946684,false,false,1.5987,-0.4974
4559,EURJPY,BUY,185.601,0.4,65.0,78.0,1.5,1.5,20,sl,-1.0,4,184.487394,false,false,0.3412,-1.6676
4560,EURNZD,SELL,1.9592,0.52,75.0,89.0,1.5,1.5,20,sl,-1.0,4,1.974482,false,false,0.0,-0.2847
4561,GBPAUD,SELL,1.89308,0.5,65.0,89.0,1.5,1.5,20,expired,0.779,20,1.88202,false,false,1.1734,0.0
4562,GBPCHF,BUY,1.09435,0.53,55.0,78.0,1.5,1.5,20,expired,-0.2322,20,1.09233,false,false,1.4069,-0.546
4563,GBPNZD,SELL,2.28559,0.52,65.0,89.0,1.5,1.5,20,sl,-1.0,4,2.303418,false,false,0.0,-0.2822
4564,NZDCAD,BUY,0.82513,0.53,65.0,89.0,1.5,1.5,20,sl,-1.0,3,0.81857,false,false,0.1424,-1.2546
4565,NZDJPY,BUY,94.7,0.72,65.0,78.0,1.5,1.5,20,sl,-1.0,4,93.67724,false,false,0.4048,-2.1921
4566,USDCAD,BUY,1.3875,0.49,78.0,89.0,1.5,1.5,20,sl,-1.0,8,1.377302,false,false,0.6295,-1.1228
4567,USDJPY,BUY,159.255,0.52,75.0,100.0,1.5,1.5,20,sl,-1.0,5,158.012811,false,false,0.9081,-3.1477
4568,AUDCAD,BUY,0.99652,0.51,65.0,89.0,1.5,1.5,20,expired,-0.7516,20,0.99079,false,false,0.6026,-0.9313
4569,AUDCHF,BUY,0.57826,0.71,75.0,100.0,1.5,1.5,20,tp,1.5,15,0.587498,false,false,1.6148,-0.1072
4570,AUDNZD,BUY,1.20831,0.6,65.0,89.0,1.5,1.5,20,tp,1.5,3,1.224622,false,false,1.8547,0.0
4571,CADCHF,BUY,0.58025,0.56,55.0,78.0,1.5,1.5,20,tp,1.5,7,0.587561,false,false,1.6311,0.0
4572,CHFJPY,SELL,198.19099,0.55,55.0,67.0,1.5,1.5,20,tp,1.5,3,195.738376,false,false,0.5449,0.0
4573,EURCAD,BUY,1.61408,0.29,65.0,89.0,1.5,1.5,20,sl,-1.0,3,1.607059,false,false,0.0,-1.4086
4574,EURCHF,BUY,0.93664,0.4,65.0,89.0,1.5,1.5,20,tp,1.5,10,0.94507,false,false,1.8862,0.0
4575,EURJPY,BUY,185.64999,0.37,55.0,78.0,1.5,1.5,20,sl,-1.0,3,184.619633,false,false,0.0553,-1.8498
4576,EURUSD,SELL,1.16564,0.44,65.0,78.0,1.5,1.5,20,tp,1.5,11,1.1541,false,false,0.791,0.0
4577,GBPCAD,BUY,1.88305,0.3,65.0,89.0,1.5,1.5,20,sl,-1.0,3,1.874576,false,false,0.0,-1.7147
4578,GBPCHF,BUY,1.0927,0.53,55.0,78.0,1.5,1.5,20,tp,1.5,12,1.10573,false,false,1.5379,-0.3569
4579,GBPNZD,SELL,2.28322,0.54,65.0,89.0,1.5,1.5,20,sl,-1.0,3,2.301714,false,false,0.0,-0.4001
4580,NZDCAD,BUY,0.82464,0.55,65.0,89.0,1.5,1.5,20,sl,-1.0,2,0.817837,false,false,0.0,-1.1377
4581,NZDUSD,BUY,0.59549,0.82,65.0,89.0,1.5,1.5,20,sl,-1.0,3,0.588165,false,false,0.0,-2.0685
4582,USDCHF,BUY,0.80376,0.72,55.0,78.0,1.5,1.5,20,tp,1.5,10,0.816781,false,false,1.5149,0.0
4583,USDJPY,BUY,159.321,0.5,75.0,100.0,1.5,1.5,20,sl,-1.0,4,158.126092,false,false,0.8888,-3.3275
4584,AUDCAD,BUY,0.99507,0.5,65.0,78.0,1.5,1.5,20,expired,-0.4181,20,0.99195,false,false,0.8099,-0.7571
4585,AUDJPY,BUY,114.637,0.58,65.0,78.0,1.5,1.5,20,sl,-1.0,2,113.639658,false,false,0.0261,-1.1711
4586,AUDUSD,BUY,0.7163,0.61,65.0,89.0,1.5,1.5,20,sl,-1.1447,13,0.708798,false,true,1.1596,-1.1657
4587,CADCHF,BUY,0.58191,0.55,75.0,89.0,1.5,1.5,20,tp,1.5,10,0.589111,false,false,1.7185,0.0
4588,CHFJPY,SELL,197.94,0.54,55.0,67.0,1.5,1.5,20,tp,1.5,2,195.535029,false,false,0.3992,0.0
4589,EURCAD,BUY,1.61063,0.29,45.0,78.0,1.5,1.5,20,sl,-1.0,3,1.603624,false,false,0.4253,-1.3745
4590,EURGBP,SELL,0.85584,0.23,65.0,89.0,1.5,1.5,20,sl,-1.0,2,0.858793,false,false,0.0,-0.2913
4591,EURNZD,SELL,1.95743,0.54,75.0,89.0,1.5,1.5,20,sl,-1.0,2,1.973285,false,false,0.0,-0.386
4592,EURUSD,SELL,1.1589,0.47,85.0,100.0,1.5,1.5,20,tp,1.5,13,1.146645,false,false,1.116,-0.4001
4593,GBPCAD,BUY,1.88172,0.31,45.0,78.0,1.5,1.5,20,sl,-1.0,2,1.87297,false,false,0.1051,-1.5086
4594,GBPJPY,BUY,216.798,0.39,55.0,89.0,1.5,1.5,20,sl,-1.0,2,215.529732,false,false,0.0213,-2.3268
4595,GBPUSD,BUY,1.35404,0.47,65.0,89.0,1.5,1.5,20,sl,-1.6551,13,1.33824,false,true,0.3139,-2.1207
4596,NZDCAD,BUY,0.82262,0.57,75.0,89.0,1.5,1.5,20,sl,-1.0,2,0.815587,false,false,0.0,-1.9933
4597,NZDUSD,BUY,0.592,0.86,60.0,78.0,1.5,1.5,20,sl,-1.0,2,0.584363,false,false,0.1296,-1.5269
4598,USDCHF,BUY,0.80884,0.73,75.0,89.0,1.5,1.5,20,tp,1.5,13,0.82537,false,true,1.9556,-0.2992
4599,XAUUSD,SELL,4424.8999,2.52,35.0,68.0,1.5,1.5,20,tp,1.5,6,4174.008076,false,false,0.6535,0.0
4600,AUDCHF,BUY,0.57955,0.71,75.0,100.0,1.5,1.5,20,expired,0.6076,20,0.5833,false,false,1.4023,-0.1215
4601,AUDJPY,BUY,114.543,0.58,65.0,78.0,1.5,1.5,20,sl,-1.0,1,113.546476,false,false,0.1204,-1.0777
4602,AUDUSD,BUY,0.7173,0.62,65.0,78.0,1.5,1.5,20,sl,-1.2746,12,0.708798,false,true,0.9894,-1.2952
4603,CADJPY,BUY,115.317,0.45,65.0,89.0,1.5,1.5,20,sl,-1.0,1,114.53861,false,false,0.0809,-1.8114
4604,EURAUD,SELL,1.62012,0.48,65.0,89.0,1.5,1.5,20,expired,-0.0411,20,1.6206,false,false,0.697,0.0
4605,EURCAD,BUY,1.60922,0.31,50.0,78.0,1.5,1.5,20,sl,-1.0,2,1.601737,false,false,0.5867,-1.0985
4606,EURGBP,SELL,0.85744,0.23,45.0,67.0,1.5,1.5,20,sl,-1.0,2,0.860398,false,false,0.0,-0.3245
4607,EURNZD,SELL,1.96163,0.55,55.0,78.0,1.5,1.5,20,sl,-1.0,1,1.977813,false,false,0.0,-0.1186
4608,GBPAUD,SELL,1.88936,0.5,65.0,89.0,1.5,1.5,20,expired,0.0282,20,1.88896,false,false,0.9132,-0.0593
4609,GBPCHF,BUY,1.09507,0.51,75.0,89.0,1.5,1.5,20,expired,0.8845,20,1.10248,false,false,1.3752,-0.653
4610,GBPJPY,BUY,216.42799,0.39,50.0,78.0,1.5,1.5,20,sl,-1.0,1,215.161886,false,false,0.109,-2.0385
4611,GBPUSD,BUY,1.35501,0.47,70.0,89.0,1.5,1.5,20,sl,-1.0,11,1.345457,false,false,0.2121,-1.0925
4612,NZDJPY,BUY,94.589,0.68,60.0,78.0,1.5,1.5,20,sl,-1.0,1,93.624192,false,false,0.0,-2.2087
4613,USDCAD,BUY,1.3851,0.5,85.0,100.0,1.5,1.5,20,tp,1.5,13,1.400682,false,false,1.5691,-0.8712
4614,USDCHF,BUY,0.8082,0.74,75.0,89.0,1.5,1.5,20,tp,1.5,12,0.82537,false,true,2.002,-0.2241
4615,XAUUSD,SELL,4383.8999,2.51,40.0,84.0,1.5,1.5,20,tp,1.5,11,4136.319153,false,false,1.2378,0.0
4616,AUDCHF,BUY,0.58011,0.72,75.0,100.0,1.5,1.5,20,expired,0.4533,20,0.58295,false,false,1.2921,-0.2091
4617,AUDNZD,BUY,1.21232,0.61,65.0,89.0,1.5,1.5,20,tp,1.5,3,1.228959,false,false,1.5307,0.0
4618,CADCHF,BUY,0.58419,0.58,75.0,89.0,1.5,1.5,20,expired,0.7064,20,0.58778,false,false,1.2297,-0.2932
4619,CADJPY,BUY,115.295,0.52,65.0,89.0,1.5,1.5,20,sl,-1.0,1,114.395699,false,false,0.0,-2.9845
4620,EURAUD,SELL,1.62189,0.5,65.0,89.0,1.5,1.5,20,expired,-0.0592,20,1.62261,false,false,0.8139,0.0
4621,EURCHF,BUY,0.94097,0.43,65.0,89.0,1.5,1.5,20,expired,0.8304,20,0.94601,false,false,1.2539,-0.5899
4622,EURJPY,BUY,185.67999,0.4,65.0,78.0,1.5,1.5,20,sl,-1.4389,1,184.076996,false,true,0.0,-4.6092
4623,EURNZD,SELL,1.96629,0.61,55.0,78.0,1.5,1.5,20,sl,-1.0,4,1.984282,false,false,0.0,-0.5397
4624,GBPAUD,SELL,1.89086,0.53,65.0,89.0,1.5,1.5,20,sl,-1.0,20,1.905892,false,false,0.9606,-0.0075
4625,GBPCHF,BUY,1.09703,0.52,75.0,89.0,1.5,1.5,20,expired,0.7643,20,1.10357,false,false,1.4375,-0.8683
4626,GBPNZD,SELL,2.29243,0.6,60.0,78.0,1.5,1.5,20,sl,-1.0,4,2.313062,false,false,0.0,-0.4648
4627,NZDCAD,BUY,0.81894,0.63,55.0,78.0,1.5,1.5,20,sl,-1.1526,1,0.81002,false,true,0.0,-1.3103
4628,NZDJPY,BUY,94.412,0.78,60.0,78.0,1.5,1.5,20,sl,-1.2964,1,92.980003,false,true,0.0,-2.8417
4629,USDCAD,BUY,1.38941,0.53,85.0,100.0,1.5,1.5,20,sl,-1.0,1,1.378364,false,false,0.0,-1.0067
4630,USDJPY,BUY,160.196,0.53,75.0,100.0,1.5,1.5,20,sl,-1.0176,1,158.899994,false,true,0.0,-3.809
4631,AUDCAD,BUY,0.99157,0.53,60.0,78.0,1.5,1.5,20,expired,-0.3907,20,0.98849,false,false,1.2107,-0.9476
4632,AUDCHF,BUY,0.58238,0.74,75.0,100.0,1.5,1.5,20,sl,-1.0,20,0.575916,false,false,0.9011,-1.3876
4633,AUDNZD,BUY,1.2244,0.66,65.0,89.0,1.5,1.5,20,tp,1.5,11,1.242582,false,false,1.9189,-0.297
4634,CADCHF,BUY,0.58723,0.58,65.0,89.0,1.5,1.5,20,expired,-0.0391,20,0.58703,false,false,0.6283,-0.9846
4635,CHFJPY,SELL,195.45,0.78,75.0,89.0,1.5,1.5,20,tp,1.5,1,192.019852,false,false,0.7767,0.0
4636,EURCAD,BUY,1.60361,0.36,45.0,78.0,1.5,1.5,20,expired,0.9885,20,1.61217,false,false,1.1721,-0.507
4637,EURCHF,BUY,0.94181,0.44,65.0,89.0,1.5,1.5,20,sl,-1.0,20,0.935594,false,false,1.0891,-1.5219
4638,EURJPY,BUY,184.108,0.57,55.0,78.0,1.5,1.5,20,sl,-1.9871,1,180.979996,false,true,0.0,-2.3994
4639,EURUSD,SELL,1.15853,0.48,85.0,100.0,1.5,1.5,20,tp,1.5,10,1.146018,false,false,1.0487,-0.4363
4640,GBPCAD,BUY,1.86637,0.4,55.0,67.0,1.5,1.5,20,tp,1.5,19,1.883167,false,false,1.7467,-0.1384
4641,GBPCHF,BUY,1.09609,0.55,75.0,89.0,1.5,1.5,20,tp,1.5,20,1.109654,false,false,1.5814,-0.6823
4642,GBPNZD,SELL,2.3045,0.62,55.0,78.0,1.5,1.5,20,sl,-1.0,5,2.325932,false,false,0.0924,-0.4526
4643,NZDCAD,BUY,0.80976,0.7,55.0,78.0,1.5,1.5,20,sl,-1.0,7,0.801258,false,false,0.661,-1.0773
4644,NZDUSD,BUY,0.58511,0.95,55.0,78.0,1.5,1.5,20,sl,-1.0,7,0.576772,false,false,0.6226,-1.1105
4645,USDCHF,BUY,0.81298,0.8,75.0,89.0,1.5,1.5,20,tp,1.5,15,0.827614,false,false,1.6985,-0.654
4646,USDJPY,BUY,158.923,0.72,65.0,89.0,1.5,1.5,20,sl,-1.9133,1,155.639008,false,true,0.0,-2.0975
4647,AUDCAD,BUY,0.99296,0.54,65.0,89.0,1.5,1.5,20,sl,-1.0,19,0.984917,false,false,1.0138,-1.1016
4648,AUDJPY,BUY,112.093,0.86,55.0,78.0,1.5,1.5,20,sl,-1.0,2,110.647,false,false,0.343,-1.2524
4649,AUDUSD,BUY,0.72013,0.65,65.0,89.0,1.5,1.5,20,sl,-1.0,6,0.713109,false,false,0.537,-1.3119
4650,CADCHF,BUY,0.58552,0.59,75.0,89.0,1.5,1.5,20,sl,-1.0,20,0.580338,false,false,0.9495,-1.266
4651,CHFJPY,SELL,192.74001,0.89,65.0,89.0,1.5,1.5,20,tp,1.5,5,188.880391,false,false,1.0491,0.0
4652,EURCAD,BUY,1.60341,0.37,45.0,78.0,1.5,1.5,20,expired,-0.4574,20,1.59934,false,false,1.1631,-0.5967
4653,EURGBP,SELL,0.85948,0.26,45.0,67.0,1.5,1.5,20,tp,1.5,18,0.854452,false,false,0.895,-0.1492
4654,EURNZD,SELL,1.97561,0.62,55.0,78.0,1.5,1.5,20,sl,-1.0,4,1.993983,false,false,0.0,-0.6254
4655,EURUSD,SELL,1.16283,0.46,85.0,100.0,1.5,1.5,20,tp,1.5,9,1.146815,false,true,1.6262,0.0
4656,GBPCAD,BUY,1.86538,0.42,55.0,67.0,1.5,1.5,20,tp,1.5,18,1.883008,false,false,1.7486,-0.0477
4657,GBPJPY,BUY,210.588,0.78,55.0,67.0,1.5,1.5,20,sl,-1.0,2,208.12412,false,false,0.2431,-1.4152
4658,GBPUSD,BUY,1.35318,0.48,65.0,89.0,1.5,1.5,20,sl,-1.5334,9,1.33824,false,true,0.3958,-1.9896
4659,NZDCAD,BUY,0.81143,0.69,55.0,78.0,1.5,1.5,20,sl,-1.0,4,0.803032,false,false,0.2974,-1.186
4660,NZDUSD,BUY,0.58856,0.92,55.0,78.0,1.5,1.5,20,sl,-1.0,4,0.580438,false,false,0.0458,-1.0664
4661,USDCHF,BUY,0.80751,0.79,75.0,89.0,1.5,1.5,20,tp,1.5,9,0.82537,false,true,1.949,-0.0951
4662,XAUUSD,SELL,4298.0,2.3,55.0,78.0,1.5,1.5,20,expired,1.0217,8,4146.5,false,false,0.7985,0.0
4663,AUDCHF,BUY,0.58357,0.75,75.0,100.0,1.5,1.5,20,sl,-1.0,18,0.577005,false,false,0.706,-1.5476
4664,AUDJPY,BUY,112.556,0.89,55.0,78.0,1.5,1.5,20,sl,-1.0,1,111.053377,false,false,0.0,-1.5134
4665,AUDUSD,BUY,0.72064,0.64,65.0,89.0,1.5,1.5,20,sl,-1.0,5,0.713722,false,false,0.4712,-1.4052
4666,CADJPY,SELL,112.91,0.87,65.0,78.0,1.5,1.5,20,tp,1.5,4,110.699787,false,false,0.885,0.0
4667,EURAUD,SELL,1.61155,0.52,65.0,89.0,1.5,1.5,20,sl,-1.0,14,1.62412,false,false,0.0,-0.6643
4668,EURCAD,BUY,1.60652,0.37,45.0,78.0,1.5,1.5,20,sl,-1.0,20,1.597604,false,false,0.812,-1.3145
4669,EURGBP,SELL,0.85913,0.25,45.0,67.0,1.5,1.5,20,tp,1.5,17,0.854297,false,false,0.8225,-0.2638
4670,EURNZD,SELL,1.97418,0.6,55.0,78.0,1.5,1.5,20,sl,-1.0,2,1.991948,false,false,0.0,-0.5077
4671,GBPAUD,SELL,1.87571,0.55,65.0,78.0,1.5,1.5,20,sl,-1.0,5,1.891185,false,false,0.0,-0.7987
4672,GBPCHF,BUY,1.09475,0.54,75.0,89.0,1.5,1.5,20,tp,1.5,17,1.108051,false,false,1.6442,-0.5447
4673,GBPJPY,BUY,211.14101,0.85,55.0,67.0,1.5,1.5,20,sl,-1.0156,1,208.406998,false,true,0.0,-1.5007
4674,GBPUSD,BUY,1.35172,0.49,65.0,89.0,1.5,1.5,20,sl,-1.3568,8,1.33824,false,true,0.5351,-1.8041
4675,NZDJPY,BUY,91.872,1.12,55.0,67.0,1.5,1.5,20,sl,-1.0,1,90.32855,false,false,0.0,-1.4221
4676,USDCAD,BUY,1.38337,0.57,65.0,89.0,1.5,1.5,20,tp,1.5,9,1.401112,false,false,1.5244,-0.6189
4677,USDCHF,BUY,0.80993,0.8,75.0,89.0,1.5,1.5,20,tp,1.5,8,0.82537,false,true,1.6699,-0.3426
4678,XAUUSD,SELL,4321.2002,2.18,55.0,89.0,1.5,1.5,20,expired,1.2363,7,4146.5,false,false,1.0021,0.0
4679,AUDCHF,BUY,0.58407,0.7,75.0,100.0,1.5,1.5,20,sl,-1.0,17,0.577937,false,false,0.6742,-1.7382
4680,AUDNZD,BUY,1.22747,0.66,75.0,89.0,1.5,1.5,20,tp,1.5,8,1.245698,false,false,1.6615,0.0
4681,CADCHF,BUY,0.58595,0.53,75.0,89.0,1.5,1.5,20,sl,-1.0,18,0.581292,false,false,0.9639,-1.5005
4682,CADJPY,SELL,111.449,0.97,65.0,78.0,1.5,1.5,20,expired,0.4378,20,110.738998,false,false,0.3478,-0.2794
4683,EURAUD,SELL,1.61018,0.5,65.0,78.0,1.5,1.5,20,sl,-1.0,2,1.622256,false,false,0.0,-0.0389
4684,EURCHF,BUY,0.94059,0.4,75.0,89.0,1.5,1.5,20,sl,-1.0,17,0.934946,false,false,1.4158,-1.4601
4685,EURJPY,SELL,178.897,0.88,65.0,78.0,1.5,1.5,20,sl,-1.0,8,181.25844,false,false,0.0995,-0.1342
4686,EURNZD,SELL,1.97651,0.6,55.0,78.0,1.5,1.5,20,sl,-1.0,2,1.994299,false,false,0.0,-0.5953
4687,GBPAUD,SELL,1.87589,0.52,65.0,78.0,1.5,1.5,20,sl,-1.0409,4,1.89112,false,true,0.0,-0.8324
4688,GBPCHF,BUY,1.09581,0.5,75.0,89.0,1.5,1.5,20,tp,1.5,16,1.108138,false,false,1.6451,-0.7167
4689,GBPNZD,SELL,2.30279,0.61,55.0,78.0,1.5,1.5,20,sl,-1.0,2,2.323861,false,false,0.0,-0.5415
4690,NZDCAD,BUY,0.81191,0.69,55.0,78.0,1.5,1.5,20,sl,-1.0,1,0.803507,false,false,0.0,-1.0127
4691,NZDJPY,BUY,90.494,1.25,55.0,67.0,1.5,1.5,20,sl,-1.0,14,88.797237,false,false,0.0242,-1.0585
4692,USDCAD,BUY,1.38049,0.55,55.0,78.0,1.5,1.5,20,tp,1.5,7,1.39893,false,true,1.7218,-0.3398
4693,USDJPY,SELL,153.855,1.04,75.0,89.0,1.5,1.5,20,sl,-1.0,7,156.255138,false,false,0.0171,-0.6187
4694,AUDCAD,BUY,0.9947,0.51,65.0,89.0,1.5,1.5,20,sl,-1.0,15,0.987091,false,false,0.8429,-1.121
4695,AUDCHF,BUY,0.58413,0.63,75.0,89.0,1.5,1.5,20,sl,-1.0,16,0.57861,false,false,0.7382,-1.942
4696,AUDNZD,BUY,1.23244,0.65,75.0,89.0,1.5,1.5,20,expired,1.0844,19,1.24547,false,false,1.3588,-0.4111
4697,CADCHF,BUY,0.58721,0.48,65.0,78.0,1.5,1.5,20,sl,-1.0,9,0.582982,false,false,0.764,-1.0431
4698,CHFJPY,SELL,189.66701,0.94,75.0,89.0,1.5,1.5,20,sl,-1.0,11,192.341315,false,false,0.1434,-0.7553
4699,EURCAD,SELL,1.6018,0.38,40.0,81.2,1.5,1.5,20,sl,-1.0,2,1.61093,false,false,0.0,-0.3614
4700,EURCHF,BUY,0.94072,0.35,55.0,78.0,1.5,1.5,20,tp,1.5,15,0.948128,false,false,1.5915,-0.6742
4701,EURJPY,SELL,178.45399,0.88,75.0,89.0,1.5,1.5,20,sl,-1.0,7,180.809583,false,false,0.0,-0.3226
4702,EURUSD,SELL,1.16274,0.35,60.0,89.0,1.5,1.5,20,tp,1.5,3,1.153583,false,false,0.5218,0.0
4703,GBPCAD,BUY,1.86561,0.42,55.0,67.0,1.5,1.5,20,tp,1.5,15,1.88324,false,false,1.7289,-0.0672
4704,GBPCHF,BUY,1.09565,0.43,65.0,78.0,1.5,1.5,20,tp,1.5,6,1.10625,false,false,1.5481,0.0
4705,GBPNZD,SELL,2.31166,0.6,55.0,67.0,1.5,1.5,20,sl,-1.0,3,2.332465,false,false,0.0,-0.7695
4706,NZDCAD,BUY,0.80697,0.72,55.0,67.0,1.5,1.5,20,sl,-1.0,16,0.798255,false,false,0.1779,-1.0786
4707,NZDUSD,BUY,0.58587,0.82,55.0,67.0,1.5,1.5,20,sl,-1.0,3,0.578664,false,false,0.0,-1.3903
4708,USDCHF,BUY,0.80911,0.59,65.0,89.0,1.5,1.5,20,tp,1.5,4,0.819851,false,false,1.5013,-0.1271
4709,USDJPY,SELL,153.478,1.02,75.0,89.0,1.5,1.5,20,sl,-1.0864,6,156.029007,false,true,0.0,-0.7929
4710,AUDCAD,BUY,0.9963,0.52,65.0,78.0,1.5,1.5,20,sl,-1.0,14,0.988529,false,false,0.6195,-1.3035
4711,AUDJPY,BUY,110.885,0.95,55.0,67.0,1.5,1.5,20,sl,-1.0,14,109.304889,false,false,1.0752,-1.2505
4712,AUDUSD,BUY,0.72209,0.59,65.0,78.0,1.5,1.5,20,sl,-1.0,1,0.7157,false,false,0.0,-1.0969
4713,CADCHF,BUY,0.58675,0.47,65.0,78.0,1.5,1.5,20,sl,-1.0,15,0.582613,false,false,0.892,-1.0999
4714,CHFJPY,SELL,189.57831,0.94,75.0,89.0,1.5,1.5,20,sl,-1.0,10,192.251364,false,false,0.1103,-0.7889
4715,EURCAD,SELL,1.60575,0.37,55.0,89.0,1.5,1.5,20,expired,0.6777,18,1.59971,false,false,0.5072,-0.2861
4716,EURGBP,SELL,0.85858,0.23,45.0,67.0,1.5,1.5,20,tp,1.5,14,0.854137,false,false,0.709,-0.4726
4717,EURNZD,SELL,1.99043,0.63,55.0,67.0,1.5,1.5,20,sl,-1.0,4,2.00924,false,false,0.0,-0.5407
4718,EURUSD,SELL,1.16339,0.36,50.0,78.0,1.5,1.5,20,tp,1.5,2,1.153967,false,false,0.6105,0.0
4719,GBPCAD,BUY,1.87008,0.42,55.0,67.0,1.5,1.5,20,tp,1.5,15,1.887752,false,false,1.6229,-0.4465
4720,GBPJPY,BUY,208.073,0.92,65.0,78.0,1.5,1.5,20,expired,0.2563,18,208.809006,false,false,1.1078,-0.4092
4721,GBPUSD,BUY,1.3552,0.41,68.0,78.0,1.5,1.5,20,sl,-1.0,2,1.346866,false,false,0.0,-1.0425
4722,NZDCAD,BUY,0.80665,0.75,55.0,67.0,1.5,1.5,20,sl,-1.0,15,0.797575,false,false,0.1433,-1.0006
4723,NZDUSD,BUY,0.58448,0.83,55.0,67.0,1.5,1.5,20,sl,-1.0,2,0.577203,false,false,0.0,-1.1858
4724,USDCHF,BUY,0.81,0.61,65.0,89.0,1.5,1.5,20,tp,1.5,5,0.82537,false,true,2.1804,0.0
4725,XAUUSD,SELL,4186.7002,2.24,55.0,78.0,1.5,1.5,20,expired,0.2858,4,4146.5,false,false,0.0505,0.0
4726,AUDCHF,BUY,0.58185,0.57,70.0,78.0,1.5,1.5,20,sl,-1.0,14,0.576875,false,false,1.2774,-1.6965
4727,AUDJPY,BUY,110.54,0.94,65.0,78.0,1.5,1.5,20,sl,-1.0,13,108.981386,false,false,1.3114,-1.0464
4728,AUDUSD,BUY,0.7156,0.61,55.0,78.0,1.5,1.5,20,sl,-1.0389,4,0.708798,false,true,0.0492,-1.0599
4729,CADJPY,SELL,111.654,0.99,75.0,89.0,1.5,1.5,20,expired,0.5519,17,110.738998,false,false,0.4638,-0.1496
4730,EURAUD,SELL,1.62231,0.45,60.0,78.0,1.5,1.5,20,sl,-1.0,13,1.633261,false,false,0.9424,0.0
4731,EURCAD,SELL,1.60614,0.38,55.0,89.0,1.5,1.5,20,expired,0.7023,17,1.59971,false,false,0.5363,-0.2359
4732,EURGBP,SELL,0.85938,0.23,45.0,67.0,1.5,1.5,20,tp,1.5,13,0.854933,false,false,0.9781,-0.2024
4733,EURNZD,SELL,1.99977,0.63,55.0,67.0,1.5,1.5,20,expired,-0.2132,17,2.0038,false,false,0.0,-0.3879
4734,GBPAUD,SELL,1.88766,0.48,70.0,89.0,1.5,1.5,20,sl,-1.0,13,1.901251,false,false,0.5621,-0.2438
4735,GBPCHF,BUY,1.09849,0.41,65.0,89.0,1.5,1.5,20,sl,-1.0,9,1.091734,false,false,1.199,-1.2685
4736,GBPJPY,BUY,208.67599,0.95,65.0,78.0,1.5,1.5,20,expired,0.0447,17,208.809006,false,false,0.867,-0.5979
4737,GBPUSD,BUY,1.35093,0.42,55.0,67.0,1.5,1.5,20,sl,-1.491,4,1.33824,false,true,0.2213,-2.0132
4738,NZDJPY,BUY,89.668,1.25,65.0,78.0,1.5,1.5,20,expired,-0.7518,17,88.403999,false,false,0.5157,-0.9124
4739,USDCAD,BUY,1.38353,0.5,60.0,86.2,1.5,1.5,20,tp,1.5,4,1.399095,false,false,1.5969,0.0
4740,USDCHF,BUY,0.81322,0.64,65.0,78.0,1.5,1.5,20,tp,1.5,4,0.82537,false,true,1.6575,0.0
4741,XAUUSD,SELL,4202.2998,2.13,55.0,78.0,1.5,1.5,20,expired,0.4156,3,4146.5,false,false,0.1691,0.0
4742,AUDCHF,BUY,0.58397,0.59,75.0,89.0,1.5,1.5,20,sl,-1.0,8,0.578802,false,false,0.8194,-1.0004
4743,AUDNZD,BUY,1.23062,0.67,75.0,89.0,1.5,1.5,20,expired,1.2007,16,1.24547,false,false,1.4674,0.0
4744,CADCHF,BUY,0.58884,0.48,65.0,78.0,1.5,1.5,20,sl,-1.0,6,0.5846,false,false,0.3774,-1.4247
4745,CADJPY,SELL,110.636,1.05,75.0,89.0,1.5,1.5,20,sl,-1.0,4,112.378517,false,false,0.0,-0.5538
4746,EURAUD,SELL,1.62099,0.46,60.0,78.0,1.5,1.5,20,sl,-1.0,12,1.632175,false,false,0.8047,0.0
4747,EURCHF,BUY,0.94677,0.38,65.0,89.0,1.5,1.5,20,sl,-1.0655,6,0.94102,false,true,0.202,-1.5565
4748,EURJPY,SELL,177.877,0.96,75.0,89.0,1.5,1.5,20,sl,-1.0,4,180.438429,false,false,0.0,-0.522
4749,EURNZD,SELL,1.99482,0.63,65.0,78.0,1.5,1.5,20,sl,-1.0,9,2.013671,false,false,0.0,-0.6514
4750,GBPAUD,SELL,1.89103,0.48,70.0,89.0,1.5,1.5,20,sl,-1.0,12,1.904645,false,false,0.8086,0.0
4751,GBPCHF,BUY,1.10444,0.43,65.0,78.0,1.5,1.5,20,sl,-1.0,6,1.097316,false,false,0.3018,-1.5161
4752,GBPNZD,BUY,2.32725,0.63,75.0,89.0,1.5,1.5,20,tp,1.5,13,2.360239,false,false,1.5633,-0.1141
4753,NZDCAD,BUY,0.80563,0.76,65.0,78.0,1.5,1.5,20,sl,-1.0061,14,0.79639,false,true,0.08,-1.201
4754,NZDJPY,SELL,89.156,1.29,75.0,89.0,1.5,1.5,20,expired,0.4359,16,88.403999,false,false,0.3524,-0.2933
4755,USDCAD,SELL,1.3867,0.51,45.0,72.5,1.5,1.5,20,sl,-1.1529,3,1.39893,false,true,0.0,-0.9992
4756,USDJPY,SELL,153.424,1.12,75.0,89.0,1.5,1.5,20,sl,-1.0107,3,156.029007,false,true,0.0,-0.7433
4757,AUDCAD,BUY,0.99202,0.48,55.0,78.0,1.5,1.5,20,sl,-1.0,12,0.984877,false,false,1.2732,-1.1089
4758,AUDCHF,BUY,0.58326,0.57,75.0,89.0,1.5,1.5,20,sl,-1.0,12,0.578273,false,false,0.9916,-1.9752
4759,AUDNZD,BUY,1.23526,0.66,75.0,89.0,1.5,1.5,20,expired,0.8349,15,1.24547,false,false,1.1046,-0.332
4760,CADCHF,BUY,0.58789,0.48,75.0,89.0,1.5,1.5,20,sl,-1.0,5,0.583657,false,false,0.6024,-1.2025
4761,CHFJPY,SELL,188.89754,1.1,75.0,89.0,1.5,1.5,20,sl,-1.0,5,192.014349,false,false,0.0,-0.7544
4762,EURCAD,SELL,1.6051,0.38,40.0,81.2,1.5,1.5,20,expired,0.5891,15,1.59971,false,false,0.423,-0.3498
4763,EURCHF,BUY,0.94374,0.39,65.0,100.0,1.5,1.5,20,sl,-1.0,7,0.938219,false,false,0.7463,-1.1502
4764,EURJPY,SELL,178.28999,0.99,75.0,89.0,1.5,1.5,20,sl,-1.0,3,180.937596,false,false,0.0,-0.349
4765,EURUSD,SELL,1.15485,0.43,65.0,78.0,1.5,1.5,20,tp,1.5,5,1.143677,false,false,0.9054,0.0
4766,GBPCAD,BUY,1.87643,0.43,68.0,78.0,1.5,1.5,20,expired,0.7387,15,1.88537,false,false,1.0551,-0.9593
4767,GBPCHF,BUY,1.10324,0.45,65.0,89.0,1.5,1.5,20,sl,-1.0,5,1.095793,false,false,0.4499,-1.2891
4768,GBPNZD,BUY,2.33624,0.65,75.0,89.0,1.5,1.5,20,expired,1.1195,15,2.36174,false,false,1.3144,-0.5049
4769,NZDCAD,BUY,0.80296,0.78,65.0,78.0,1.5,1.5,20,expired,-0.5099,15,0.79817,false,false,0.3624,-0.8899
4770,NZDUSD,BUY,0.57786,0.9,65.0,78.0,1.5,1.5,20,sl,-1.0,5,0.570059,false,false,0.0,-1.0676
4771,USDCHF,BUY,0.8171,0.65,65.0,78.0,1.5,1.5,20,tp,1.5,7,0.82905,false,false,1.5628,0.0
4772,USDJPY,SELL,154.38499,1.17,75.0,100.0,1.5,1.5,20,sl,-1.0,3,157.094447,false,false,0.0,-0.6404
4773,AUDCAD,BUY,0.99205,0.45,55.0,78.0,1.5,1.5,20,sl,-1.0,11,0.985354,false,false,1.3536,-1.1872
4774,AUDJPY,BUY,110.635,1.0,65.0,78.0,1.5,1.5,20,sl,-1.0,10,108.975475,false,false,1.1744,-1.0401
4775,AUDUSD,BUY,0.71255,0.61,55.0,67.0,1.5,1.5,20,sl,-1.0,5,0.70603,false,false,0.2224,-1.4218
4776,CADCHF,BUY,0.58819,0.48,75.0,89.0,1.5,1.5,20,sl,-1.0,4,0.583955,false,false,0.5313,-1.2727
4777,CHFJPY,SELL,189.53999,1.09,75.0,89.0,1.5,1.5,20,expired,-0.1533,14,190.014999,false,false,0.2767,-0.6928
4778,EURCAD,SELL,1.60626,0.39,50.0,78.0,1.5,1.5,20,expired,0.6971,14,1.59971,false,false,0.5353,-0.2171
4779,EURGBP,SELL,0.85638,0.25,65.0,89.0,1.5,1.5,20,sl,-1.0,1,0.859591,false,false,0.0,0.0
4780,EURNZD,SELL,2.00598,0.65,65.0,78.0,1.5,1.5,20,expired,0.1115,14,2.0038,false,false,0.0639,-0.0573
4781,EURUSD,SELL,1.15376,0.42,65.0,89.0,1.5,1.5,20,tp,1.5,5,1.142857,false,false,1.1939,0.0
4782,GBPCAD,BUY,1.87555,0.42,68.0,78.0,1.5,1.5,20,expired,0.8311,14,1.88537,false,false,1.1552,-0.9081
4783,GBPJPY,SELL,209.173,1.01,75.0,89.0,1.5,1.5,20,expired,0.1149,14,208.809006,false,false,0.1388,-0.1685
4784,GBPUSD,BUY,1.34735,0.43,55.0,67.0,1.5,1.5,20,sl,-1.0483,1,1.33824,false,true,0.0,-1.5597
4785,NZDCAD,BUY,0.80056,0.79,65.0,78.0,1.5,1.5,20,expired,-0.2519,14,0.79817,false,false,0.6119,-0.6283
4786,NZDUSD,BUY,0.57513,0.91,65.0,78.0,1.5,1.5,20,sl,-1.0,5,0.567279,false,false,0.0,-1.0447
4787,USDCHF,BUY,0.81907,0.63,65.0,78.0,1.5,1.5,20,tp,1.5,8,0.83068,false,false,1.7661,-0.0982
4788,AUDCHF,BUY,0.58498,0.55,75.0,89.0,1.5,1.5,20,sl,-1.0,5,0.580154,false,false,0.6682,-1.2805
4789,AUDJPY,BUY,110.578,0.99,65.0,78.0,1.5,1.5,20,sl,-1.0,9,108.935917,false,false,1.2216,-1.0164
4790,AUDUSD,BUY,0.70881,0.61,55.0,67.0,1.5,1.5,20,sl,-1.0,5,0.702324,false,false,0.8002,-1.2381
4791,CADJPY,SELL,111.557,1.08,75.0,89.0,1.5,1.5,20,expired,0.4526,13,110.738998,false,false,0.3718,-0.1909
4792,EURAUD,SELL,1.61809,0.42,55.0,78.0,1.5,1.5,20,sl,-1.0,9,1.628284,false,false,0.5984,-0.2658
4793,EURCAD,SELL,1.60412,0.38,55.0,89.0,1.5,1.5,20,sl,-1.0,6,1.613263,false,false,0.0,-0.4244
4794,EURGBP,SELL,0.85703,0.27,65.0,89.0,1.5,1.5,20,sl,-1.0,5,0.860501,false,false,0.0,-0.6684
4795,EURNZD,SELL,2.00513,0.65,65.0,78.0,1.5,1.5,20,expired,0.068,13,2.0038,false,false,0.0205,-0.1008
4796,GBPAUD,SELL,1.8879,0.45,55.0,78.0,1.5,1.5,20,sl,-1.0,9,1.900643,false,false,0.6184,-0.2411
4797,GBPCHF,BUY,1.1044,0.47,65.0,78.0,1.5,1.5,20,sl,-1.0,3,1.096614,false,false,0.0,-1.382
4798,GBPJPY,SELL,208.789,1.03,75.0,89.0,1.5,1.5,20,expired,-0.0062,13,208.809006,false,false,0.0174,-0.2846
4799,GBPUSD,BUY,1.33829,0.47,55.0,67.0,1.5,1.5,20,sl,-1.0,4,1.328855,false,false,0.1753,-1.4222
4800,NZDJPY,SELL,89.23,1.24,75.0,89.0,1.5,1.5,20,expired,0.4977,13,88.403999,false,false,0.4109,-0.2603
4801,USDCAD,BUY,1.39882,0.51,65.0,89.0,1.5,1.5,20,tp,1.5,6,1.414871,false,false,1.5494,-0.1327
4802,USDCHF,BUY,0.82532,0.64,65.0,78.0,1.5,1.5,20,tp,1.5,10,0.837205,false,false,1.6244,-0.8848
4803,AUDCAD,BUY,0.99539,0.49,75.0,89.0,1.5,1.5,20,sl,-1.0,8,0.988074,false,false,0.7824,-1.2602
4804,AUDJPY,BUY,111.092,1.09,78.0,89.0,1.5,1.5,20,sl,-1.0,8,109.275646,false,false,0.6667,-1.2019
4805,AUDUSD,BUY,0.71155,0.62,55.0,78.0,1.5,1.5,20,sl,-1.0,3,0.704933,false,false,0.3703,-1.2497
4806,CADJPY,SELL,111.61,1.14,70.0,78.0,1.5,1.5,20,expired,0.4564,12,110.738998,false,false,0.3799,-0.153
4807,CHFJPY,SELL,189.304,1.16,75.0,89.0,1.5,1.5,20,expired,-0.2159,12,190.014999,false,false,0.1887,-0.7235
4808,EURCAD,SELL,1.605,0.37,55.0,89.0,1.5,1.5,20,expired,0.5939,12,1.59971,false,false,0.4232,-0.3705
4809,EURGBP,SELL,0.85915,0.27,45.0,67.0,1.5,1.5,20,tp,1.5,9,0.853931,false,false,1.2933,-0.2385
4810,EURNZD,SELL,2.0034,0.65,65.0,78.0,1.5,1.5,20,expired,-0.0205,12,2.0038,false,false,0.0,-0.1894
4811,EURUSD,SELL,1.1476,0.42,65.0,89.0,1.5,1.5,20,tp,1.5,4,1.136755,false,false,1.0524,0.0
4812,GBPCAD,BUY,1.8682,0.44,55.0,67.0,1.5,1.5,20,tp,1.5,9,1.88774,false,true,1.7031,-0.2741
4813,GBPJPY,SELL,208.539,1.1,75.0,89.0,1.5,1.5,20,expired,-0.0785,12,208.809006,false,false,0.0,-0.3394
4814,GBPUSD,BUY,1.3358,0.46,55.0,67.0,1.5,1.5,20,sl,-1.0,3,1.326583,false,false,0.4496,-1.1857
4815,NZDJPY,SELL,89.431,1.28,75.0,89.0,1.5,1.5,20,expired,0.5981,12,88.403999,false,false,0.5142,-0.1345
4816,NZDUSD,BUY,0.57282,0.88,65.0,78.0,1.5,1.5,20,sl,-1.0,4,0.565259,false,false,0.2792,-1.0092
4817,USDCHF,BUY,0.82488,0.62,65.0,78.0,1.5,1.5,20,tp,1.5,9,0.836387,false,false,1.735,-0.8564
4818,AUDCAD,BUY,0.9965,0.49,65.0,89.0,1.5,1.5,20,sl,-1.0,7,0.989176,false,false,0.63,-1.4104
4819,AUDJPY,BUY,111.835,1.13,78.0,89.0,1.5,1.5,20,sl,-1.0,5,109.939397,false,false,0.1984,-1.0087
4820,AUDNZD,BUY,1.24494,0.64,75.0,89.0,1.5,1.5,20,sl,-1.0,7,1.232989,false,false,0.3203,-1.1329
4821,CADCHF,BUY,0.58781,0.51,70.0,89.0,1.5,1.5,20,sl,-1.0,1,0.583313,false,false,0.0,-1.1141
4822,CHFJPY,SELL,190.912,1.22,70.0,78.0,1.5,1.5,20,expired,0.2567,11,190.014999,false,false,0.6381,-0.2218
4823,EURCAD,SELL,1.60617,0.37,50.0,78.0,1.5,1.5,20,expired,0.7247,11,1.59971,false,false,0.5542,-0.2389
4824,EURGBP,SELL,0.85726,0.27,65.0,89.0,1.5,1.5,20,sl,-1.0,3,0.860732,false,false,0.0,-0.602
4825,EURJPY,SELL,180.27699,1.13,70.0,78.0,1.5,1.5,20,expired,1.0201,11,177.160004,false,false,0.9157,0.0
4826,EURUSD,SELL,1.14797,0.41,65.0,78.0,1.5,1.5,20,tp,1.5,3,1.13738,false,false,1.1302,0.0
4827,GBPCAD,BUY,1.87334,0.44,75.0,89.0,1.5,1.5,20,expired,0.973,11,1.88537,false,false,1.2827,-0.6891
4828,GBPJPY,SELL,210.26601,1.15,70.0,89.0,1.5,1.5,20,expired,0.4017,11,208.809006,false,false,0.4227,0.0
4829,GBPNZD,BUY,2.34059,0.68,75.0,89.0,1.5,1.5,20,expired,0.8859,11,2.36174,false,false,1.0719,-0.6639
4830,NZDCAD,BUY,0.80028,0.76,65.0,78.0,1.5,1.5,20,expired,-0.2313,11,0.79817,false,false,0.667,-0.6226
4831,NZDUSD,SELL,0.5723,0.86,75.0,89.0,1.5,1.5,20,tp,1.5,8,0.561226,false,false,1.1488,0.0
4832,USDCHF,BUY,0.82267,0.63,65.0,78.0,1.5,1.5,20,tp,1.5,6,0.834331,false,false,1.6053,-0.5608
4833,AUDCAD,BUY,0.99887,0.48,65.0,89.0,1.5,1.5,20,sl,-1.0,2,0.991678,false,false,0.312,-1.2194
4834,AUDCHF,BUY,0.58443,0.56,75.0,100.0,1.5,1.5,20,sl,-1.0,2,0.579521,false,false,0.0,-1.1468
4835,AUDNZD,BUY,1.24648,0.6,75.0,89.0,1.5,1.5,20,sl,-1.0,5,1.235262,false,false,0.0,-1.1134
4836,CADCHF,BUY,0.58495,0.52,65.0,89.0,1.5,1.5,20,sl,-1.0,8,0.580387,false,false,0.8087,-1.3128
4837,CHFJPY,SELL,191.62,1.17,70.0,89.0,1.5,1.5,20,expired,0.4773,10,190.014999,false,false,0.8735,-0.0199
4838,EURAUD,SELL,1.61034,0.41,65.0,89.0,1.5,1.5,20,sl,-1.0,2,1.620244,false,false,0.0,-0.6331
4839,EURCHF,BUY,0.94108,0.4,65.0,89.0,1.5,1.5,20,sl,-1.0,7,0.935434,false,false,1.3283,-1.5461
4840,EURJPY,SELL,180.396,1.09,70.0,89.0,1.5,1.5,20,expired,1.0971,10,177.160004,false,false,0.989,0.0
4841,EURUSD,SELL,1.14646,0.41,65.0,78.0,1.5,1.5,20,tp,1.5,4,1.135884,false,false,1.028,0.0
4842,GBPCAD,BUY,1.87574,0.41,75.0,89.0,1.5,1.5,20,expired,0.8348,10,1.88537,false,false,1.1668,-0.9466
4843,GBPCHF,BUY,1.09725,0.49,55.0,78.0,1.5,1.5,20,tp,1.5,7,1.109347,false,false,1.6293,-0.9089
4844,GBPNZD,BUY,2.34066,0.64,75.0,89.0,1.5,1.5,20,expired,0.9381,10,2.36174,false,false,1.1357,-0.6017
4845,NZDCAD,BUY,0.80123,0.71,65.0,78.0,1.5,1.5,20,expired,-0.3586,10,0.79817,false,false,0.4231,-0.777
4846,NZDUSD,SELL,0.57116,0.78,75.0,89.0,1.5,1.5,20,tp,1.5,7,0.561136,false,false,1.0986,0.0
4847,USDCAD,BUY,1.40328,0.48,65.0,89.0,1.5,1.5,20,tp,1.5,5,1.418435,false,false,1.6638,0.0
4848,USDJPY,SELL,157.369,1.24,70.0,89.0,1.5,1.5,20,expired,-0.245,10,158.085999,false,false,0.0,-0.1459
4849,AUDCHF,BUY,0.58378,0.56,65.0,89.0,1.5,1.5,20,sl,-1.0,1,0.578876,false,false,0.0,-1.0155
4850,AUDNZD,BUY,1.24242,0.56,75.0,89.0,1.5,1.5,20,sl,-1.0,5,1.231984,false,false,0.0786,-1.0559
4851,CADCHF,BUY,0.5832,0.52,65.0,78.0,1.5,1.5,20,expired,-0.1099,9,0.5827,false,false,1.1959,-0.9321
4852,CADJPY,SELL,111.948,0.98,70.0,78.0,1.5,1.5,20,expired,0.7347,9,110.738998,false,false,0.6459,0.0
4853,EURAUD,SELL,1.60956,0.42,65.0,89.0,1.5,1.5,20,sl,-1.0,1,1.6197,false,false,0.0,-0.6953
4854,EURCHF,BUY,0.93956,0.39,55.0,89.0,1.5,1.5,20,tp,1.5,5,0.947805,false,false,1.6411,-0.3948
4855,EURJPY,SELL,180.26601,0.91,70.0,89.0,1.5,1.5,20,tp,1.5,8,176.575063,false,false,1.1213,0.0
4856,EURNZD,SELL,1.99979,0.56,78.0,89.0,1.5,1.5,20,expired,-0.2387,9,2.0038,false,false,0.0,-0.4352
4857,GBPAUD,SELL,1.87596,0.43,65.0,89.0,1.5,1.5,20,sl,-1.0,3,1.88806,false,false,0.0,-0.681
4858,GBPCHF,BUY,1.09513,0.47,55.0,78.0,1.5,1.5,20,tp,1.5,5,1.106711,false,false,1.8392,-0.6748
4859,GBPNZD,BUY,2.33094,0.64,70.0,89.0,1.5,1.5,20,tp,1.5,8,2.364506,false,false,1.5748,-0.1698
4860,NZDCAD,SELL,0.80498,0.67,60.0,86.2,1.5,1.5,20,expired,0.8418,9,0.79817,false,false,0.7145,0.0
4861,NZDJPY,SELL,90.123,0.98,70.0,78.0,1.5,1.5,20,tp,1.5,6,88.135788,false,false,1.0107,0.0
4862,USDCAD,BUY,1.40657,0.46,65.0,78.0,1.5,1.5,20,tp,1.5,5,1.421128,false,false,1.5012,0.0
4863,USDJPY,SELL,157.464,1.06,70.0,89.0,1.5,1.5,20,expired,-0.2484,9,158.085999,false,false,0.0188,-0.1326
4864,AUDCHF,BUY,0.5804,0.59,65.0,89.0,1.5,1.5,20,sl,-1.0,5,0.575263,false,false,0.9944,-1.3608
4865,AUDJPY,BUY,111.32,0.91,85.0,100.0,1.5,1.5,20,sl,-1.0,4,109.800482,false,false,0.0,-1.5867
4866,AUDUSD,BUY,0.70341,0.67,55.0,67.0,1.5,1.5,20,sl,-1.0,4,0.696341,false,false,0.0255,-1.1953
4867,CADJPY,SELL,112.215,0.85,70.0,89.0,1.5,1.5,20,expired,1.0316,8,110.738998,false,false,0.9296,0.0
4868,EURAUD,SELL,1.6177,0.45,55.0,78.0,1.5,1.5,20,sl,-1.0,4,1.628619,false,false,0.0,-0.2839
4869,EURCHF,BUY,0.93913,0.41,55.0,78.0,1.5,1.5,20,tp,1.5,4,0.947793,false,false,1.6362,0.0
4870,EURGBP,SELL,0.85968,0.27,45.0,78.0,1.5,1.5,20,tp,1.5,4,0.854457,false,false,0.6836,-0.0862
4871,EURNZD,SELL,2.00564,0.57,55.0,72.5,1.5,1.5,20,expired,0.1073,8,2.0038,false,false,0.0531,-0.0851
4872,GBPAUD,SELL,1.88202,0.43,75.0,89.0,1.5,1.5,20,sl,-1.0,3,1.894159,false,false,0.0,-0.1796
4873,GBPCHF,BUY,1.09233,0.49,55.0,78.0,1.5,1.5,20,tp,1.5,3,1.104373,false,false,1.5158,0.0
4874,GBPJPY,SELL,209.521,0.81,65.0,89.0,1.5,1.5,20,expired,0.2797,8,208.809006,false,false,0.3095,0.0
4875,GBPUSD,BUY,1.32415,0.53,55.0,67.0,1.5,1.5,20,expired,-0.3055,8,1.320934,false,false,0.6196,-0.5635
4876,NZDJPY,SELL,89.794,0.9,70.0,78.0,1.5,1.5,20,expired,1.1467,8,88.403999,false,false,1.0279,0.0
4877,USDCAD,BUY,1.41048,0.45,75.0,89.0,1.5,1.5,20,tp,1.5,5,1.424761,false,false,1.6322,0.0
4878,USDJPY,SELL,158.265,0.96,65.0,78.0,1.5,1.5,20,expired,0.0785,8,158.085999,false,false,0.3721,0.0
4879,AUDCAD,BUY,0.99079,0.54,55.0,78.0,1.5,1.5,20,expired,0.4374,7,0.9943,false,false,0.7526,-0.8598
4880,AUDJPY,BUY,111.245,0.9,78.0,89.0,1.5,1.5,20,sl,-1.0,3,109.743193,false,false,0.0,-1.5555
4881,AUDUSD,BUY,0.7008,0.68,65.0,78.0,1.5,1.5,20,sl,-1.0,4,0.693652,false,false,0.3217,-1.4381
4882,CADJPY,SELL,112.26,0.84,70.0,89.0,1.5,1.5,20,expired,1.0753,7,110.738998,false,false,0.9721,0.0
4883,CHFJPY,SELL,191.74397,0.9,70.0,89.0,1.5,1.5,20,tp,1.5,3,187.861155,false,false,1.1827,0.0
4884,EURCAD,SELL,1.60892,0.35,45.0,78.0,1.5,1.5,20,tp,1.5,6,1.59625,false,false,0.5825,0.0
4885,EURGBP,SELL,0.861,0.27,45.0,78.0,1.5,1.5,20,tp,1.5,3,0.855769,false,false,1.0611,0.0
4886,EURNZD,BUY,2.01076,0.58,75.0,89.0,1.5,1.5,20,expired,-0.3979,7,2.0038,false,false,0.3053,-0.7837
4887,GBPAUD,SELL,1.88563,0.44,55.0,67.0,1.5,1.5,20,sl,-1.0,3,1.898075,false,false,0.0,-0.4293
4888,GBPCAD,BUY,1.86853,0.4,55.0,78.0,1.5,1.5,20,tp,1.5,3,1.885347,false,false,1.552,0.0
4889,GBPJPY,SELL,209.785,0.79,70.0,89.0,1.5,1.5,20,expired,0.3926,7,208.809006,false,false,0.4232,0.0
4890,GBPUSD,BUY,1.32107,0.54,65.0,78.0,1.5,1.5,20,expired,-0.0127,7,1.320934,false,false,0.8973,-0.2665
4891,NZDJPY,SELL,89.819,0.88,70.0,78.0,1.5,1.5,20,expired,1.1935,7,88.403999,false,false,1.072,0.0
4892,NZDUSD,SELL,0.56569,0.83,75.0,89.0,1.5,1.5,20,expired,0.8918,7,0.559409,false,false,0.7047,0.0
4893,USDCHF,BUY,0.82804,0.62,75.0,89.0,1.5,1.5,20,expired,0.5077,7,0.83195,false,false,1.3181,-0.6324
4894,AUDCAD,BUY,0.99195,0.55,55.0,78.0,1.5,1.5,20,expired,0.2872,6,0.9943,false,false,0.5963,-0.9849
4895,AUDJPY,BUY,110.365,0.84,65.0,89.0,1.5,1.5,20,sl,-1.0,2,108.974401,false,false,0.2359,-1.047
4896,AUDUSD,BUY,0.70091,0.67,65.0,78.0,1.5,1.5,20,sl,-1.0,3,0.693866,false,false,0.2868,-1.475
4897,CADCHF,BUY,0.58608,0.52,65.0,89.0,1.5,1.5,20,sl,-1.0,4,0.581509,false,false,0.56,-1.5575
4898,CHFJPY,SELL,189.758,0.89,85.0,100.0,1.5,1.5,20,expired,-0.1014,6,190.014999,false,false,0.4245,-0.0545
4899,EURCAD,SELL,1.6103,0.33,45.0,78.0,1.5,1.5,20,tp,1.5,4,1.598344,false,false,0.5947,0.0
4900,EURGBP,SELL,0.8601,0.29,45.0,78.0,1.5,1.5,20,tp,1.5,2,0.854488,false,false,0.7484,0.0
4901,EURJPY,SELL,179.157,0.74,85.0,100.0,1.5,1.5,20,expired,1.0042,6,177.160004,false,false,0.8438,0.0
4902,EURUSD,SELL,1.1378,0.48,75.0,89.0,1.5,1.5,20,tp,1.5,3,1.125512,false,false,0.4742,0.0
4903,GBPCAD,BUY,1.87196,0.42,55.0,78.0,1.5,1.5,20,expired,1.1371,6,1.88537,false,false,1.4618,0.0
4904,GBPJPY,SELL,208.28999,0.72,85.0,100.0,1.5,1.5,20,expired,-0.2307,6,208.809006,false,false,0.0,-0.14
4905,GBPUSD,BUY,1.32293,0.55,65.0,78.0,1.5,1.5,20,expired,-0.1829,6,1.320934,false,false,0.7094,-0.4318
4906,NZDCAD,SELL,0.79962,0.65,75.0,89.0,1.5,1.5,20,expired,0.186,6,0.79817,false,false,0.0539,-0.0103
4907,NZDUSD,SELL,0.56514,0.8,75.0,89.0,1.5,1.5,20,expired,0.845,6,0.559409,false,false,0.6508,0.0
4908,USDCHF,BUY,0.82972,0.62,75.0,89.0,1.5,1.5,20,expired,0.289,6,0.83195,false,false,1.0977,-0.8488
4909,AUDCAD,BUY,0.99465,0.57,75.0,89.0,1.5,1.5,20,sl,-1.0,2,0.986146,false,false,0.0,-1.2406
4910,AUDCHF,BUY,0.5833,0.62,55.0,78.0,1.5,1.5,20,sl,-1.0,2,0.577875,false,false,0.0498,-1.8232
4911,AUDNZD,BUY,1.23888,0.52,70.0,89.0,1.5,1.5,20,expired,0.682,5,1.24547,false,false,0.7223,-0.7948
4912,CADCHF,BUY,0.58668,0.51,85.0,100.0,1.5,1.5,20,sl,-1.0,3,0.582192,false,false,0.4367,-1.7201
4913,CHFJPY,SELL,189.15228,0.9,85.0,100.0,1.5,1.5,20,expired,-0.3379,5,190.014999,false,false,0.1839,-0.2912
4914,EURCAD,SELL,1.612,0.33,45.0,67.0,1.5,1.5,20,tp,1.5,2,1.600031,false,false,0.0,0.0
4915,EURCHF,BUY,0.94585,0.45,75.0,100.0,1.5,1.5,20,sl,-1.0,2,0.939466,false,false,0.4276,-2.1145
4916,EURJPY,SELL,178.92101,0.75,85.0,100.0,1.5,1.5,20,expired,0.8749,5,177.160004,false,false,0.7164,0.0
4917,EURUSD,SELL,1.13727,0.49,75.0,89.0,1.5,1.5,20,tp,1.5,2,1.124732,false,false,0.4013,0.0
4918,GBPCAD,BUY,1.87901,0.42,65.0,89.0,1.5,1.5,20,expired,0.5373,5,1.88537,false,false,0.8608,-0.3134
4919,GBPCHF,BUY,1.10248,0.55,65.0,89.0,1.5,1.5,20,sl,-1.0,3,1.093385,false,false,0.8697,-1.4678
4920,GBPNZD,BUY,2.34016,0.59,75.0,89.0,1.5,1.5,20,expired,1.042,5,2.36174,false,false,1.2564,0.0
4921,NZDCAD,SELL,0.80271,0.62,70.0,89.0,1.5,1.5,20,expired,0.6082,5,0.79817,false,false,0.4702,0.0
4922,NZDUSD,SELL,0.56635,0.79,75.0,89.0,1.5,1.5,20,expired,1.0342,5,0.559409,false,false,0.8379,0.0
4923,USDCHF,BUY,0.83172,0.63,75.0,89.0,1.5,1.5,20,sl,-1.0,3,0.82386,false,false,0.8232,-1.0878
4924,USDJPY,SELL,157.36099,0.9,55.0,67.0,1.5,1.5,20,expired,-0.3413,5,158.085999,false,false,0.0,-0.1888
4925,AUDCHF,BUY,0.58295,0.62,55.0,78.0,1.5,1.5,20,sl,-1.0,1,0.577529,false,false,0.0,-1.7597
4926,AUDNZD,BUY,1.23908,0.55,70.0,89.0,1.5,1.5,20,expired,0.6251,4,1.24547,false,false,0.6632,-0.7709
4927,CADCHF,BUY,0.58778,0.48,85.0,100.0,1.5,1.5,20,sl,-1.0,1,0.583548,false,false,0.1182,-1.3185
4928,CADJPY,SELL,110.913,0.81,85.0,100.0,1.5,1.5,20,expired,0.1291,4,110.738998,false,false,0.0208,0.0
4929,EURAUD,SELL,1.62261,0.49,55.0,67.0,1.5,1.5,20,expired,1.163,4,1.60874,false,false,0.9592,-0.0696
4930,EURCHF,BUY,0.94601,0.45,75.0,100.0,1.5,1.5,20,sl,-1.0,1,0.939624,false,false,0.2662,-2.1392
4931,EURJPY,SELL,178.50999,0.77,85.0,100.0,1.5,1.5,20,expired,0.6548,4,177.160004,false,false,0.5,0.0
4932,EURUSD,SELL,1.13408,0.49,75.0,89.0,1.5,1.5,20,tp,1.5,3,1.121577,false,false,0.9998,0.0
4933,GBPAUD,SELL,1.89286,0.51,55.0,67.0,1.5,1.5,20,sl,-1.1471,1,1.90947,false,true,0.0,-0.6526
4934,GBPCHF,BUY,1.10357,0.57,65.0,89.0,1.5,1.5,20,sl,-1.0,2,1.094134,false,false,0.7228,-1.5304
4935,GBPNZD,BUY,2.34552,0.58,75.0,100.0,1.5,1.5,20,expired,0.7949,4,2.36174,false,false,1.0124,0.0
4936,NZDCAD,SELL,0.80022,0.58,75.0,100.0,1.5,1.5,20,expired,0.2945,4,0.79817,false,false,0.1465,0.0
4937,NZDJPY,SELL,88.77026,0.8,75.0,100.0,1.5,1.5,20,expired,0.3438,4,88.403999,false,false,0.2087,0.0
4938,USDCAD,BUY,1.41913,0.42,75.0,89.0,1.5,1.5,20,expired,0.944,4,1.42757,false,false,1.1319,0.0
4939,USDJPY,SELL,157.40401,0.88,55.0,67.0,1.5,1.5,20,expired,-0.3282,4,158.085999,false,false,0.0,-0.1723
4940,AUDCHF,BUY,0.5804,0.69,55.0,78.0,1.5,1.5,20,sl,-1.0,1,0.574393,false,false,0.0,-1.2302
4941,AUDNZD,BUY,1.23263,0.55,65.0,89.0,1.5,1.5,20,expired,1.2626,3,1.24547,false,false,1.301,0.0
4942,AUDUSD,BUY,0.69457,0.72,65.0,78.0,1.5,1.5,20,expired,0.3058,3,0.696864,false,false,0.442,-0.4199
4943,CADJPY,SELL,110.68,0.79,75.0,100.0,1.5,1.5,20,expired,-0.045,3,110.738998,false,false,0.0,0.0
4944,EURAUD,SELL,1.63084,0.48,55.0,78.0,1.5,1.5,20,tp,1.5,2,1.613227,false,false,1.0135,0.0
4945,EURCHF,BUY,0.94654,0.53,65.0,89.0,1.5,1.5,20,sl,-1.6425,1,0.93418,false,true,0.0,-2.707
4946,EURGBP,SELL,0.85394,0.37,55.0,89.0,1.5,1.5,20,tp,1.5,2,0.846831,false,false,0.8524,0.0
4947,EURNZD,BUY,2.0102,0.52,75.0,100.0,1.5,1.5,20,expired,-0.4082,3,2.0038,false,false,0.0344,-0.8387
4948,GBPAUD,SELL,1.90963,0.53,55.0,67.0,1.5,1.5,20,expired,0.8906,3,1.89611,false,false,0.7568,0.0
4949,GBPCHF,BUY,1.10831,0.63,65.0,89.0,1.5,1.5,20,sl,-1.1763,1,1.09599,false,true,0.0,-1.8313
4950,GBPNZD,BUY,2.35406,0.59,75.0,100.0,1.5,1.5,20,expired,0.3686,3,2.36174,false,false,0.5818,-0.2678
4951,GBPUSD,SELL,1.32644,0.57,75.0,89.0,1.5,1.5,20,expired,0.4855,3,1.320934,false,false,0.2867,0.0
4952,NZDJPY,SELL,88.76,0.81,75.0,100.0,1.5,1.5,20,expired,0.3301,3,88.403999,false,false,0.1966,0.0
4953,USDCAD,BUY,1.42357,0.42,75.0,89.0,1.5,1.5,20,expired,0.446,3,1.42757,false,false,0.6333,-0.2988
4954,USDJPY,SELL,157.558,0.88,55.0,67.0,1.5,1.5,20,expired,-0.2539,3,158.085999,false,false,0.0,-0.0981
4955,AUDCAD,BUY,0.9851,0.62,55.0,67.0,1.5,1.5,20,expired,1.0042,2,0.9943,false,false,1.0806,0.0
4956,AUDJPY,SELL,109.403,0.94,85.0,100.0,1.5,1.5,20,expired,-0.4629,2,110.116997,false,false,0.0,-0.3313
4957,AUDUSD,BUY,0.69287,0.74,65.0,78.0,1.5,1.5,20,expired,0.5193,2,0.696864,false,false,0.6521,0.0
4958,CADJPY,SELL,111.053,0.77,85.0,100.0,1.5,1.5,20,expired,0.2448,2,110.738998,false,false,0.131,0.0
4959,EURAUD,SELL,1.62338,0.53,55.0,78.0,1.5,1.5,20,expired,1.1344,2,1.60874,false,false,0.9461,0.0
4960,EURCAD,SELL,1.59934,0.4,65.0,89.0,1.5,1.5,20,expired,-0.0386,2,1.59971,false,false,0.0,0.0
4961,EURGBP,SELL,0.8522,0.37,55.0,89.0,1.5,1.5,20,expired,0.8013,2,0.84841,false,false,0.6766,0.0
4962,EURNZD,BUY,2.00781,0.54,70.0,89.0,1.5,1.5,20,expired,-0.2466,2,2.0038,false,false,0.0,-0.6616
4963,GBPAUD,SELL,1.90465,0.55,55.0,67.0,1.5,1.5,20,expired,0.5435,2,1.89611,false,false,0.4143,0.0
4964,GBPCAD,BUY,1.87648,0.46,75.0,89.0,1.5,1.5,20,expired,0.6866,2,1.88537,false,false,0.9046,0.0
4965,GBPJPY,SELL,208.411,0.77,85.0,100.0,1.5,1.5,20,expired,-0.1653,2,208.809006,false,false,0.0,-0.0806
4966,GBPUSD,SELL,1.31996,0.58,75.0,89.0,1.5,1.5,20,expired,-0.0848,2,1.320934,false,false,0.0,-0.0241
4967,NZDJPY,SELL,88.447,0.8,75.0,100.0,1.5,1.5,20,expired,0.0405,2,88.403999,false,false,0.0,0.0
4968,USDCAD,BUY,1.42204,0.39,65.0,89.0,1.5,1.5,20,expired,0.6647,2,1.42757,false,false,0.8667,0.0
4969,USDCHF,BUY,0.83053,0.67,75.0,89.0,1.5,1.5,20,expired,0.1701,2,0.83195,false,false,0.2216,-0.3235
4970,AUDCAD,BUY,0.99078,0.65,55.0,78.0,1.5,1.5,20,expired,0.3644,1,0.9943,false,false,0.4368,0.0
4971,AUDJPY,SELL,109.651,0.93,65.0,89.0,1.5,1.5,20,expired,-0.3046,1,110.116997,false,false,0.0,-0.1719
4972,AUDUSD,BUY,0.69518,0.74,65.0,78.0,1.5,1.5,20,expired,0.2183,1,0.696864,false,false,0.3506,0.0
4973,CADCHF,BUY,0.58091,0.61,55.0,67.0,1.5,1.5,20,expired,0.3368,1,0.5827,false,false,0.4195,0.0
4974,CHFJPY,SELL,190.46809,0.87,65.0,89.0,1.5,1.5,20,expired,0.1823,1,190.014999,false,false,0.0966,0.0
4975,EURCAD,SELL,1.60401,0.41,75.0,89.0,1.5,1.5,20,expired,0.4359,1,1.59971,false,false,0.2818,0.0
4976,EURGBP,SELL,0.8497,0.4,65.0,89.0,1.5,1.5,20,expired,0.253,1,0.84841,false,false,0.1373,0.0
4977,EURNZD,BUY,2.00351,0.53,65.0,89.0,1.5,1.5,20,expired,0.0182,1,2.0038,false,false,0.0766,-0.1714
4978,EURUSD,SELL,1.12545,0.56,75.0,89.0,1.5,1.5,20,expired,0.4626,1,1.121076,false,false,0.2229,0.0
4979,GBPCAD,BUY,1.88723,0.48,65.0,89.0,1.5,1.5,20,expired,-0.1369,1,1.88537,false,false,0.0,-0.3297
4980,GBPJPY,SELL,208.89,0.75,85.0,100.0,1.5,1.5,20,expired,0.0345,1,208.809006,false,false,0.0,0.0
4981,GBPUSD,SELL,1.32429,0.58,75.0,89.0,1.5,1.5,20,expired,0.2913,1,1.320934,false,false,0.0956,0.0
4982,NZDCAD,SELL,0.80038,0.6,85.0,100.0,1.5,1.5,20,expired,0.3068,1,0.79817,false,false,0.1638,0.0
4983,NZDUSD,SELL,0.56173,0.73,75.0,89.0,1.5,1.5,20,expired,0.3773,1,0.559409,false,false,0.1631,0.0
4984,USDCHF,BUY,0.82811,0.69,70.0,89.0,1.5,1.5,20,expired,0.448,1,0.83195,false,false,0.4795,0.0
